ham,exact_eig,num_system_qubits,num_ancilla,alpha,replication_seed,n_circuits,n_shots,time,segments,most_likely_bs,est_energy_med,est_energy_mean,est_energy_std,estimation_error,max_theoretical_qdrift_error,peak_MB,runtime,counts
1 qubit test,0.8385164807134509,1,13,1.0,42,1,1,0.543209090108711,1,0011100000100,2.5358830929092653,2.5358830929092653,0.0,1.6973666121958144,3.219752174868065,521.23046875,40.920055599999955,"{""0011100000100"": 1}"
1 qubit test,0.8385164807134509,1,13,1.0,42,1,10,0.543209090108711,1,0001001010010,0.8387052100156479,0.8387052100156479,0.0,0.00018872930219704376,3.219752174868065,533.4921875,43.043639600000006,"{""0001001010010"": 1}"
1 qubit test,0.8385164807134509,1,13,1.0,42,1,100,0.543209090108711,1,0001001100001,0.8598846345109925,0.8598846345109925,0.0,0.021368153797541645,3.219752174868065,547.5546875,47.12688119999996,"{""0001001100001"": 1}"
1 qubit test,0.8385164807134509,1,13,1.0,42,10,1,0.543209090108711,1,0001001001101,0.6551501977226609,0.45465164583339834,0.7145025334041128,0.18336628299078994,3.219752174868065,1723.85546875,218.19763940000007,"{""0000000111010"": 1, ""0000010111010"": 1, ""0000100101100"": 1, ""0000110010001"": 1, ""0001000001111"": 1, ""0001001001101"": 1, ""0001010001011"": 1, ""0001010111101"": 1, ""0001101000111"": 1, ""1101111111000"": 1}"
1 qubit test,0.8385164807134509,1,13,1.0,42,1,1,0.47314883957009635,1,0001000010010,0.8591480624977245,0.8591480624977245,0.0,0.0206315817842736,2.4378087708965053,1412.87109375,19.300113099999862,"{""0001000010010"": 1}"
1 qubit test,0.8385164807134509,1,13,1.0,42,10,10,0.543209090108711,1,0000111100010,0.9304827161621414,0.9542036715969273,0.17206454358117892,0.09196623544869054,3.219752174868065,1721.58984375,240.80890780000004,"{""0000111100010"": 1, ""0001001011110"": 1, ""0001001100000"": 1, ""0001001110100"": 1, ""0001010000011"": 1, ""0001010100011"": 1, ""0001010110000"": 1, ""0001010110111"": 1, ""0001011110011"": 1, ""0001111010010"": 1}"
1 qubit test,0.8385164807134509,1,13,1.0,42,1,10,0.47314883957009635,1,0001000011110,0.878600471459937,0.878600471459937,0.0,0.040083990746486164,2.4378087708965053,1432.0625,35.3239173999998,"{""0001000011110"": 1}"
1 qubit test,0.8385164807134509,1,13,1.0,42,1,100,0.47314883957009635,1,0001000000110,0.8396956535355118,0.8396956535355118,0.0,0.0011791728220609254,2.4378087708965053,1477.98046875,53.72696329999985,"{""0001000000110"": 1}"
1 qubit test,0.8385164807134509,1,13,1.0,42,10,1,0.47314883957009635,1,0001111011001,1.0107147489949644,0.9207473575447311,1.2504688836059785,0.17219826828151352,2.4378087708965053,1752.515625,236.71981779999987,"{""0000111110111"": 1, ""0001000010110"": 1, ""0001000011001"": 1, ""0001000111111"": 1, ""0001010100000"": 1, ""0001010100010"": 1, ""0001011011001"": 1, ""0001111011001"": 1, ""0011101100110"": 1, ""1101001110001"": 1}"
1 qubit test,0.8385164807134509,1,13,1.0,42,10,10,0.47314883957009635,1,0001000010110,0.9888307889124752,1.0457290851269472,0.16382143466594587,0.15031430819902436,2.4378087708965053,1813.921875,279.8012377,"{""0001000010110"": 1, ""0001000100010"": 1, ""0001000101100"": 1, ""0001000101111"": 1, ""0001000110100"": 1, ""0001010010000"": 1, ""0001011001000"": 1, ""0001011011011"": 1, ""0001100010010"": 1, ""0001100100111"": 1}"
1 qubit test,0.8385164807134509,1,13,1.0,42,10,100,0.543209090108711,1,0001010000010,0.9297767353456299,0.966346541640925,0.11426983774889696,0.09126025463217902,3.219752174868065,1680.3125,655.2250231,"{""0001001011000"": 1, ""0001001110010"": 1, ""0001001111001"": 1, ""0001001111010"": 1, ""0001010000010"": 1, ""0001010100011"": 1, ""0001010110110"": 1, ""0001010111000"": 1, ""0001011110000"": 1, ""0001101111100"": 1}"
1 qubit test,0.8385164807134509,1,13,1.0,42,1,1,0.351800926046211,1,0000101010000,0.7325414837905693,0.7325414837905693,0.0,0.10597499692288159,1.4219927291874075,520.59765625,24.34217419999959,"{""0000101010000"": 1}"
1 qubit test,0.8385164807134509,1,13,1.0,42,1,10,0.351800926046211,1,0000101011110,0.7630640456151763,0.7630640456151763,0.0,0.0754524350982746,1.4219927291874075,537.37109375,25.462309300000015,"{""0000101011110"": 1}"
1 qubit test,0.8385164807134509,1,13,1.0,42,10,100,0.47314883957009635,1,0000111111100,0.8883266759410433,0.9416586971791097,0.11277190520859115,0.049810195227592446,2.4378087708965053,1732.12890625,225.39124879999963,"{""0000111111100"": 1, ""0001000001110"": 1, ""0001000010110"": 1, ""0001000011000"": 1, ""0001000011010"": 1, ""0001000101110"": 1, ""0001001010111"": 1, ""0001001011110"": 1, ""0001010010110"": 1, ""0001011100110"": 1}"
1 qubit test,0.8385164807134509,1,13,1.0,42,1,1,0.21168042496898168,1,1111111110011,-0.0471034349194912,-0.0471034349194912,0.0,0.8856199156329421,0.6465081073235167,520.984375,33.65534860000116,"{""1111111110011"": 1}"
1 qubit test,0.8385164807134509,1,13,1.0,42,1,10,0.21168042496898168,1,0000010111110,0.6884348180541021,0.6884348180541021,0.0,0.15008166265934875,0.6465081073235167,534.83203125,35.354217099999005,"{""0000010111110"": 1}"
1 qubit test,0.8385164807134509,1,13,1.0,42,1,100,0.351800926046211,1,0000110000000,0.837190267189222,0.837190267189222,0.0,0.001326213524228903,1.4219927291874075,547.68359375,39.43193559999963,"{""0000110000000"": 1}"
1 qubit test,0.8385164807134509,1,13,1.0,42,1,1,0.09033251144509634,1,0000001100100,0.8490745819781549,0.8490745819781549,0.0,0.010558101264704023,0.21643919147950894,522.34765625,255.37613340000098,"{""0000001100100"": 1}"
1 qubit test,0.8385164807134509,1,13,1.0,42,1,10,0.09033251144509634,1,0000001100100,0.8490745819781549,0.8490745819781549,0.0,0.010558101264704023,0.21643919147950894,527.83203125,257.3300868999995,"{""0000001100100"": 1}"
1 qubit test,0.8385164807134509,1,13,1.0,42,1,100,0.09033251144509634,1,0000001100010,0.8320930903385917,0.8320930903385917,0.0,0.0064233903748591725,0.21643919147950894,538.7578125,259.2615759,"{""0000001100010"": 1}"
1 qubit test,0.8385164807134509,1,13,1.0,42,1,100,0.21168042496898168,1,0000011011010,0.7898883701883908,0.7898883701883908,0.0,0.04862811052506011,0.6465081073235167,540.44921875,261.20356549999997,"{""0000011011010"": 1}"
1 qubit test,0.8385164807134509,1,13,1.0,42,1,1,0.020272260906481702,1,0000000010110,0.8323584993594351,0.8323584993594351,0.0,0.006157981354015796,0.0422221597660099,549.86328125,20.224738699998852,"{""0000000010110"": 1}"
1 qubit test,0.8385164807134509,1,13,1.0,42,1,10,0.020272260906481702,1,0000000010110,0.8323584993594351,0.8323584993594351,0.0,0.006157981354015796,0.0422221597660099,567.39453125,46.757548400000815,"{""0000000010110"": 1}"
1 qubit test,0.8385164807134509,1,13,1.0,42,1,100,0.020272260906481702,1,0000000010110,0.8323584993594351,0.8323584993594351,0.0,0.006157981354015796,0.0422221597660099,569.4140625,86.65668819999883,"{""0000000010110"": 1}"
1 qubit test,0.8385164807134509,1,13,1.0,42,10,1,0.351800926046211,1,0001110110110,0.9047759398008519,0.9178570377256833,0.9328477941042541,0.06625945908740105,1.4219927291874075,1702.796875,151.10428329999922,"{""0000101001011"": 1, ""0000101111100"": 1, ""0000110001011"": 1, ""0000110010000"": 1, ""0000110101110"": 1, ""0000110111111"": 1, ""0001010000100"": 1, ""0001110011100"": 1, ""0001110110110"": 1, ""1110101001101"": 1}"
1 qubit test,0.8385164807134509,1,13,1.0,42,10,1,0.21168042496898168,1,0000010110010,0.8514851696984946,0.8130777535333712,0.2503264629678993,0.012968688985043775,0.6465081073235167,1698.71875,153.98716090000016,"{""0000000110001"": 1, ""0000010110010"": 1, ""0000011010100"": 1, ""0000011100111"": 1, ""0000011101010"": 1, ""0000011101100"": 1, ""0000011101110"": 1, ""0000011111111"": 1, ""0000100101010"": 1, ""0000100111001"": 1}"
1 qubit test,0.8385164807134509,1,13,1.0,42,10,10,0.21168042496898168,1,0000011101010,0.8496734991246682,0.8460501579770148,0.05481314035329936,0.011157018411217301,0.6465081073235167,1728.58984375,179.63580039999943,"{""0000011001001"": 1, ""0000011010110"": 1, ""0000011100101"": 1, ""0000011101010"": 2, ""0000011101011"": 1, ""0000011110000"": 1, ""0000011110110"": 1, ""0000011111000"": 1, ""0000011111110"": 1}"
1 qubit test,0.8385164807134509,1,13,1.0,42,10,10,0.351800926046211,1,0000110100000,0.9701814294250097,1.0327526811654544,0.19850694804342914,0.13166494871155887,1.4219927291874075,1717.34375,182.412530900001,"{""0000101110011"": 1, ""0000110000100"": 1, ""0000110011010"": 1, ""0000110100000"": 1, ""0000110110000"": 1, ""0000111001010"": 1, ""0000111100101"": 1, ""0000111111110"": 1, ""0001001010010"": 1, ""0001010100001"": 1}"
1 qubit test,0.8385164807134509,1,13,1.0,42,10,1,0.09033251144509634,1,0000001010111,0.8660560736177179,0.9153023993724508,0.2682806971107556,0.027539592904266996,0.21643919147950894,1718.58984375,200.64527520000047,"{""0000001000010"": 1, ""0000001010111"": 2, ""0000001011101"": 1, ""0000001100000"": 1, ""0000001101100"": 1, ""0000001110100"": 1, ""0000001110101"": 1, ""0000001110110"": 1, ""0000010111110"": 1}"
1 qubit test,0.8385164807134509,1,13,1.0,42,10,10,0.09033251144509634,1,0000001100100,0.8490745819781549,0.8541690294700238,0.02220618179023088,0.010558101264704023,0.21643919147950894,1768.609375,225.45174899999984,"{""0000001100010"": 1, ""0000001100011"": 2, ""0000001100100"": 4, ""0000001100101"": 2, ""0000001101100"": 1}"
1 qubit test,0.8385164807134509,1,13,1.0,42,10,1,0.020272260906481702,1,0000000010110,0.8512757379812405,0.8550591857056015,0.025096553031259322,0.012759257267789592,0.0422221597660099,1778.3984375,203.84159630000067,"{""0000000010110"": 5, ""0000000010111"": 4, ""0000000011000"": 1}"
1 qubit test,0.8385164807134509,1,13,1.0,42,10,100,0.21168042496898168,1,0000011011000,0.8605435225676276,0.8500358332394334,0.040839410870163365,0.0220270418541767,0.6465081073235167,1720.13671875,465.78676879999875,"{""0000011011000"": 1, ""0000011011011"": 1, ""0000011100001"": 1, ""0000011100111"": 1, ""0000011101101"": 1, ""0000011101110"": 1, ""0000011101111"": 1, ""0000011110000"": 1, ""0000011111001"": 1, ""0000011111100"": 1}"
1 qubit test,0.8385164807134509,1,13,1.0,42,10,100,0.351800926046211,1,0000110000000,0.8840642014198685,0.8949651163572282,0.11149350070918461,0.04554772070641766,1.4219927291874075,1722.31640625,466.27392599999985,"{""0000100101010"": 1, ""0000101111111"": 1, ""0000110000000"": 1, ""0000110000111"": 1, ""0000110001010"": 1, ""0000110100001"": 1, ""0000110110110"": 1, ""0000111000100"": 1, ""0000111000110"": 1, ""0000111101110"": 1}"
1 qubit test,0.8385164807134509,1,13,1.0,42,10,100,0.09033251144509634,1,0000001100100,0.8405838361583733,0.8405838361583735,0.010046385937569478,0.002067355444922425,0.21643919147950894,1793.1328125,289.15827869999885,"{""0000001100001"": 1, ""0000001100010"": 3, ""0000001100011"": 2, ""0000001100100"": 3, ""0000001100101"": 1}"
1 qubit test,0.8385164807134509,1,13,1.0,42,10,10,0.020272260906481702,1,0000000010110,0.8323584993594351,0.8285750516350738,0.011350343173083166,0.006157981354015796,0.0422221597660099,1816.4921875,157.16572989999986,"{""0000000010101"": 1, ""0000000010110"": 9}"
1 qubit test,0.8385164807134509,1,13,1.0,42,10,100,0.020272260906481702,1,0000000010110,0.8323584993594351,0.8323584993594351,0.0,0.006157981354015796,0.0422221597660099,1859.5234375,181.14695439999923,"{""0000000010110"": 10}"
1 qubit test,0.8385164807134509,1,13,1.0,42,100,1,0.543209090108711,1,0001000011000,0.860590615327504,0.9494877197426302,0.9880329313067546,0.022074134614053165,3.219752174868065,7032.0234375,1310.9760373000008,"{""0000001100000"": 1, ""0000011000111"": 1, ""0000011010111"": 2, ""0000100010101"": 1, ""0000100011110"": 1, ""0000100111110"": 1, ""0000101001011"": 1, ""0000101010000"": 1, ""0000101010010"": 1, ""0000101110100"": 1, ""0000101111011"": 1, ""0000110000010"": 1, ""0000110000100"": 1, ""0000110101010"": 2, ""0000111100100"": 1, ""0000111101110"": 1, ""0000111110001"": 1, ""0000111110101"": 1, ""0000111110111"": 2, ""0000111111011"": 1, ""0001000001111"": 1, ""0001000011000"": 4, ""0001000011011"": 1, ""0001000100001"": 1, ""0001000101100"": 1, ""0001000101101"": 1, ""0001000101110"": 1, ""0001000110111"": 1, ""0001001000001"": 1, ""0001001000110"": 1, ""0001001001000"": 1, ""0001001001010"": 1, ""0001001011000"": 1, ""0001001011010"": 1, ""0001001011101"": 1, ""0001001100001"": 1, ""0001001100010"": 2, ""0001001100110"": 1, ""0001001100111"": 1, ""0001001101010"": 1, ""0001001101100"": 1, ""0001001111011"": 1, ""0001001111101"": 2, ""0001001111111"": 2, ""0001010000000"": 1, ""0001010000001"": 1, ""0001010100010"": 1, ""0001010100100"": 1, ""0001010101001"": 1, ""0001010101111"": 1, ""0001010110110"": 1, ""0001010110111"": 1, ""0001011000001"": 1, ""0001011001110"": 1, ""0001011010000"": 1, ""0001011010010"": 1, ""0001011011010"": 1, ""0001011100011"": 1, ""0001100000010"": 1, ""0001100000101"": 1, ""0001100001100"": 1, ""0001100001110"": 1, ""0001100101111"": 1, ""0001101011001"": 1, ""0001101011110"": 1, ""0001101111011"": 1, ""0001110010100"": 1, ""0001110011011"": 1, ""0001110011110"": 1, ""0001111010001"": 1, ""0001111101100"": 1, ""0010000101010"": 1, ""0010010000000"": 1, ""0010100010000"": 1, ""0010100110110"": 1, ""0011110010010"": 1, ""0100000000001"": 1, ""0100000110000"": 1, ""0100001010010"": 1, ""0100001010111"": 1, ""0100010100001"": 1, ""0111001100001"": 1, ""0111010010100"": 1, ""1101100000010"": 1, ""1101101110001"": 1, ""1110100100000"": 1, ""1111001000110"": 1, ""1111001011111"": 1, ""1111011111011"": 1, ""1111100011101"": 1, ""1111101111101"": 1}"
1 qubit test,0.8385164807134509,1,13,1.0,42,100,10,0.543209090108711,1,0001010000000,0.9368365435107446,1.0263125521954104,0.31107983238979126,0.09832006279729377,3.219752174868065,6984.61328125,1428.3239780999993,"{""0000110001010"": 1, ""0000111000100"": 1, ""0000111100001"": 1, ""0001000001010"": 1, ""0001000100011"": 1, ""0001000101001"": 1, ""0001000110000"": 2, ""0001000111100"": 1, ""0001000111110"": 1, ""0001000111111"": 1, ""0001001000100"": 1, ""0001001000110"": 1, ""0001001001010"": 2, ""0001001010001"": 1, ""0001001010010"": 1, ""0001001010110"": 2, ""0001001011000"": 1, ""0001001011001"": 2, ""0001001011111"": 2, ""0001001100000"": 1, ""0001001100001"": 1, ""0001001100010"": 1, ""0001001100100"": 1, ""0001001100111"": 1, ""0001001101001"": 1, ""0001001101100"": 1, ""0001001101111"": 1, ""0001001110000"": 2, ""0001001111010"": 1, ""0001001111100"": 1, ""0001010000000"": 3, ""0001010000100"": 1, ""0001010001001"": 1, ""0001010001010"": 2, ""0001010001100"": 2, ""0001010001110"": 2, ""0001010010010"": 1, ""0001010010100"": 2, ""0001010011011"": 1, ""0001010011100"": 1, ""0001010100000"": 1, ""0001011000000"": 1, ""0001011000100"": 2, ""0001011001001"": 1, ""0001011001010"": 1, ""0001011001011"": 1, ""0001011011000"": 1, ""0001011011010"": 1, ""0001011011110"": 1, ""0001011100000"": 1, ""0001011100100"": 1, ""0001011101000"": 2, ""0001011101101"": 1, ""0001011110100"": 1, ""0001011111000"": 1, ""0001011111001"": 2, ""0001011111010"": 1, ""0001011111100"": 1, ""0001011111101"": 1, ""0001011111110"": 1, ""0001100000000"": 1, ""0001100000011"": 1, ""0001100001001"": 1, ""0001100010000"": 1, ""0001100100010"": 1, ""0001100100110"": 1, ""0001100110010"": 1, ""0001100110100"": 1, ""0001100111000"": 1, ""0001101000011"": 1, ""0001101000101"": 1, ""0001101100000"": 1, ""0001101110110"": 2, ""0001101111010"": 2, ""0001101111110"": 1, ""0001111010011"": 1, ""0001111010111"": 1, ""0001111011100"": 1, ""0010001001000"": 1, ""0010011001000"": 1, ""0010100101100"": 1, ""0010101001010"": 1, ""0100011010100"": 1}"
1 qubit test,0.8385164807134509,1,13,1.0,42,100,100,0.543209090108711,1,0001010001011,0.9424843900428366,0.9784470528359315,0.154953568422353,0.10396790932938571,3.219752174868065,6935.8828125,2601.3635167999983,"{""0001000101110"": 1, ""0001000110011"": 1, ""0001000110100"": 1, ""0001001000010"": 1, ""0001001000011"": 1, ""0001001000111"": 1, ""0001001001001"": 1, ""0001001001111"": 1, ""0001001010010"": 1, ""0001001010100"": 1, ""0001001011000"": 2, ""0001001011010"": 2, ""0001001100000"": 2, ""0001001100010"": 1, ""0001001100011"": 1, ""0001001100100"": 2, ""0001001100110"": 1, ""0001001101010"": 1, ""0001001101100"": 2, ""0001001110000"": 2, ""0001001110101"": 1, ""0001001111010"": 1, ""0001010000000"": 2, ""0001010000001"": 1, ""0001010000011"": 2, ""0001010000110"": 1, ""0001010001000"": 1, ""0001010001010"": 1, ""0001010001011"": 3, ""0001010001100"": 2, ""0001010010001"": 1, ""0001010010100"": 1, ""0001010010110"": 3, ""0001010011000"": 2, ""0001010011001"": 1, ""0001010011011"": 1, ""0001010011100"": 1, ""0001010011101"": 2, ""0001010011110"": 1, ""0001010100000"": 1, ""0001010100001"": 1, ""0001010100100"": 2, ""0001010100110"": 2, ""0001010101001"": 1, ""0001010101010"": 1, ""0001010101111"": 1, ""0001010110000"": 2, ""0001010110010"": 1, ""0001010110011"": 1, ""0001010111000"": 1, ""0001010111100"": 1, ""0001010111110"": 1, ""0001010111111"": 1, ""0001011000110"": 1, ""0001011001110"": 1, ""0001011010011"": 1, ""0001011010101"": 1, ""0001011010110"": 1, ""0001011011001"": 1, ""0001011011100"": 2, ""0001011011110"": 1, ""0001011110010"": 1, ""0001011110100"": 1, ""0001011111111"": 1, ""0001100000010"": 1, ""0001100000100"": 1, ""0001100001001"": 1, ""0001100010001"": 1, ""0001100010101"": 1, ""0001100011000"": 1, ""0001100011101"": 1, ""0001100110010"": 1, ""0001101011100"": 1, ""0001101101010"": 1, ""0001101101100"": 1, ""0001110000010"": 1, ""0001110010100"": 1, ""0001110011111"": 1, ""0001110100100"": 1, ""0010000000010"": 1, ""0010100110111"": 1}"
1 qubit test,0.8385164807134509,1,13,1.0,42,100,1,0.47314883957009635,1,0001000101101,0.8672532328986464,1.0494250428297676,1.1166172192679424,0.028736752185195558,2.4378087708965053,7524.671875,1315.6598215000013,"{""0000000000101"": 1, ""0000000010111"": 1, ""0000010001010"": 1, ""0000010100001"": 1, ""0000010100111"": 1, ""0000010110011"": 1, ""0000011111101"": 1, ""0000100000001"": 1, ""0000100001011"": 1, ""0000100001111"": 1, ""0000100011110"": 1, ""0000101010110"": 1, ""0000101011100"": 1, ""0000101011101"": 1, ""0000110000010"": 1, ""0000110000011"": 1, ""0000110010000"": 1, ""0000110011011"": 1, ""0000110011101"": 2, ""0000110011110"": 1, ""0000110101111"": 1, ""0000111001001"": 1, ""0000111011100"": 1, ""0000111100010"": 1, ""0000111100110"": 1, ""0000111101000"": 1, ""0000111110000"": 2, ""0000111110010"": 1, ""0000111111010"": 1, ""0000111111011"": 1, ""0001000000000"": 1, ""0001000000001"": 1, ""0001000000010"": 1, ""0001000000101"": 1, ""0001000001000"": 1, ""0001000001001"": 1, ""0001000001011"": 1, ""0001000001100"": 1, ""0001000001111"": 1, ""0001000010001"": 1, ""0001000010010"": 2, ""0001000010100"": 1, ""0001000011010"": 1, ""0001000011011"": 1, ""0001000011101"": 1, ""0001000011111"": 1, ""0001000100000"": 1, ""0001000101010"": 1, ""0001000101101"": 2, ""0001000101111"": 1, ""0001000110011"": 1, ""0001000111011"": 2, ""0001001001100"": 1, ""0001001010001"": 1, ""0001001010011"": 1, ""0001001100110"": 1, ""0001001101001"": 1, ""0001001101110"": 1, ""0001001111100"": 1, ""0001010001110"": 1, ""0001010010100"": 1, ""0001010011001"": 1, ""0001010011011"": 2, ""0001010100001"": 1, ""0001010101011"": 1, ""0001010110010"": 1, ""0001010111100"": 1, ""0001011001000"": 1, ""0001011010011"": 1, ""0001011011100"": 1, ""0001011100111"": 2, ""0001011101001"": 1, ""0001100001010"": 1, ""0001100110101"": 1, ""0010000111010"": 1, ""0010001001100"": 1, ""0010001110101"": 1, ""0010011001010"": 1, ""0010011101000"": 1, ""0011000001100"": 1, ""0011000110110"": 1, ""0011100011010"": 1, ""0011101100100"": 1, ""0011111100111"": 1, ""0100011010111"": 1, ""0101101001011"": 1, ""0110001110110"": 1, ""0111101100000"": 1, ""1100000100010"": 1, ""1110110001100"": 1, ""1111010100101"": 1, ""1111101100000"": 1, ""1111111110100"": 1}"
1 qubit test,0.8385164807134509,1,13,1.0,42,100,10,0.47314883957009635,1,0001000110010,0.9126421871438091,1.0407363001599799,0.5172839372773878,0.07412570643035821,2.4378087708965053,8162.0,1654.617293899999,"{""0000100111110"": 1, ""0000110001010"": 1, ""0000111000100"": 1, ""0000111010011"": 1, ""0000111010100"": 1, ""0000111011000"": 1, ""0000111100000"": 1, ""0000111110001"": 1, ""0000111110010"": 2, ""0000111111000"": 1, ""0000111111111"": 1, ""0001000000011"": 1, ""0001000001000"": 2, ""0001000001010"": 2, ""0001000001011"": 3, ""0001000010000"": 1, ""0001000010010"": 1, ""0001000010011"": 2, ""0001000010100"": 1, ""0001000010110"": 3, ""0001000011000"": 2, ""0001000011010"": 1, ""0001000011011"": 1, ""0001000011110"": 2, ""0001000100000"": 2, ""0001000100001"": 1, ""0001000100011"": 1, ""0001000100110"": 1, ""0001000101011"": 1, ""0001000101100"": 2, ""0001000101101"": 1, ""0001000101110"": 1, ""0001000110000"": 2, ""0001000110010"": 4, ""0001000110100"": 1, ""0001000110101"": 1, ""0001000110110"": 1, ""0001000110111"": 1, ""0001000111001"": 1, ""0001000111011"": 1, ""0001000111100"": 2, ""0001000111101"": 2, ""0001001000110"": 1, ""0001001001000"": 1, ""0001001001110"": 2, ""0001001010100"": 2, ""0001001010110"": 1, ""0001001011001"": 1, ""0001001100001"": 1, ""0001001100110"": 2, ""0001001101000"": 1, ""0001001101010"": 1, ""0001001101100"": 1, ""0001001110110"": 2, ""0001001111010"": 1, ""0001010000110"": 2, ""0001010001001"": 1, ""0001010011100"": 1, ""0001010100010"": 1, ""0001010100101"": 1, ""0001010101000"": 1, ""0001010101011"": 1, ""0001010110000"": 1, ""0001010111011"": 1, ""0001010111100"": 1, ""0001011100100"": 1, ""0001011101010"": 1, ""0001011101101"": 1, ""0001011111100"": 1, ""0001100100100"": 1, ""0001101010000"": 1, ""0001101111110"": 2, ""0010111101100"": 1, ""0011001011011"": 1, ""0100110111010"": 1, ""0101000110100"": 1}"
1 qubit test,0.8385164807134509,1,13,1.0,42,100,100,0.47314883957009635,1,0001000011100,0.9215578745848233,0.9668171461035717,0.1316236112088879,0.08304139387137244,2.4378087708965053,7243.0859375,5173.124930600003,"{""0000111011000"": 1, ""0000111011110"": 1, ""0000111011111"": 1, ""0000111101010"": 1, ""0001000000000"": 1, ""0001000000110"": 1, ""0001000001101"": 1, ""0001000001110"": 1, ""0001000010000"": 1, ""0001000010001"": 1, ""0001000010010"": 1, ""0001000010011"": 1, ""0001000010100"": 1, ""0001000010101"": 3, ""0001000010110"": 3, ""0001000010111"": 1, ""0001000011001"": 1, ""0001000011010"": 2, ""0001000011100"": 4, ""0001000011101"": 1, ""0001000011110"": 2, ""0001000011111"": 1, ""0001000100000"": 2, ""0001000100001"": 2, ""0001000100100"": 1, ""0001000100101"": 1, ""0001000101001"": 1, ""0001000101010"": 2, ""0001000101011"": 1, ""0001000101110"": 1, ""0001000110010"": 2, ""0001000110011"": 1, ""0001000110100"": 2, ""0001000110111"": 2, ""0001000111000"": 1, ""0001000111001"": 1, ""0001000111011"": 2, ""0001000111100"": 1, ""0001000111101"": 1, ""0001000111111"": 1, ""0001001000000"": 1, ""0001001000010"": 2, ""0001001001001"": 1, ""0001001001110"": 1, ""0001001010010"": 1, ""0001001010100"": 1, ""0001001011110"": 2, ""0001001100000"": 1, ""0001001100010"": 1, ""0001001100101"": 1, ""0001001100110"": 1, ""0001001101001"": 1, ""0001001101010"": 1, ""0001001101110"": 1, ""0001001110000"": 4, ""0001001110110"": 1, ""0001001111110"": 1, ""0001010000100"": 1, ""0001010001101"": 1, ""0001010010000"": 1, ""0001010010100"": 2, ""0001010010101"": 1, ""0001010100011"": 1, ""0001010100100"": 1, ""0001011000010"": 1, ""0001011001011"": 1, ""0001011001100"": 1, ""0001011010001"": 1, ""0001011010010"": 1, ""0001011010101"": 1, ""0001011100110"": 1, ""0001011110000"": 1, ""0001011111110"": 1, ""0001100000000"": 1, ""0001100001110"": 1, ""0001100101101"": 1, ""0001101100000"": 1, ""0001101100010"": 1}"
1 qubit test,0.8385164807134509,1,13,1.0,42,1000,1,0.543209090108711,1,0001001000100,0.853530807162389,0.832878044356162,1.2985878327593723,0.015014326448938187,3.219752174868065,8271.7109375,13762.597572,"{""0000000000001"": 1, ""0000000001111"": 2, ""0000000010100"": 1, ""0000000011011"": 1, ""0000000011100"": 1, ""0000000100101"": 1, ""0000000101000"": 1, ""0000000101110"": 1, ""0000000110111"": 2, ""0000000111001"": 1, ""0000000111011"": 1, ""0000001000010"": 1, ""0000001000100"": 1, ""0000001011000"": 1, ""0000001100001"": 1, ""0000001100010"": 1, ""0000001101111"": 1, ""0000001110100"": 1, ""0000010000100"": 1, ""0000010001010"": 1, ""0000010011110"": 1, ""0000010011111"": 1, ""0000010100000"": 1, ""0000010100001"": 1, ""0000010101000"": 1, ""0000010101010"": 1, ""0000010111111"": 2, ""0000011000000"": 2, ""0000011000001"": 1, ""0000011000110"": 2, ""0000011001010"": 1, ""0000011010101"": 1, ""0000011100011"": 1, ""0000011101000"": 1, ""0000011101001"": 1, ""0000011101111"": 1, ""0000011110001"": 2, ""0000011110010"": 2, ""0000011110100"": 1, ""0000011110101"": 2, ""0000011110111"": 1, ""0000011111001"": 1, ""0000011111101"": 1, ""0000100000010"": 1, ""0000100000110"": 1, ""0000100001001"": 1, ""0000100001010"": 1, ""0000100001101"": 1, ""0000100010000"": 1, ""0000100010100"": 1, ""0000100010101"": 1, ""0000100010111"": 1, ""0000100011000"": 2, ""0000100011001"": 1, ""0000100011010"": 1, ""0000100011101"": 1, ""0000100011111"": 1, ""0000100100100"": 2, ""0000100100110"": 2, ""0000100100111"": 2, ""0000100101101"": 1, ""0000100101111"": 1, ""0000100110010"": 1, ""0000100110011"": 1, ""0000100110100"": 1, ""0000100111000"": 2, ""0000101000000"": 1, ""0000101000001"": 1, ""0000101000101"": 1, ""0000101000110"": 1, ""0000101001000"": 1, ""0000101001100"": 1, ""0000101001101"": 1, ""0000101010001"": 1, ""0000101010010"": 1, ""0000101010011"": 1, ""0000101011001"": 1, ""0000101011010"": 1, ""0000101011101"": 3, ""0000101101000"": 1, ""0000101101001"": 1, ""0000101101011"": 1, ""0000101101100"": 1, ""0000101101110"": 1, ""0000101101111"": 1, ""0000101110000"": 1, ""0000101110010"": 1, ""0000101110100"": 1, ""0000101110110"": 2, ""0000101111001"": 1, ""0000101111010"": 1, ""0000101111011"": 1, ""0000101111100"": 1, ""0000110000000"": 2, ""0000110000101"": 1, ""0000110000111"": 1, ""0000110001000"": 1, ""0000110001001"": 1, ""0000110001010"": 1, ""0000110001110"": 1, ""0000110001111"": 1, ""0000110010001"": 1, ""0000110010101"": 3, ""0000110010110"": 1, ""0000110010111"": 3, ""0000110011000"": 1, ""0000110011001"": 1, ""0000110011110"": 5, ""0000110100001"": 1, ""0000110100101"": 1, ""0000110101001"": 1, ""0000110101011"": 1, ""0000110101100"": 2, ""0000110101101"": 1, ""0000110110011"": 1, ""0000110110101"": 1, ""0000110110110"": 1, ""0000110111000"": 2, ""0000110111001"": 1, ""0000110111011"": 3, ""0000110111111"": 1, ""0000111000000"": 3, ""0000111000100"": 1, ""0000111000111"": 1, ""0000111001000"": 1, ""0000111001010"": 1, ""0000111001011"": 2, ""0000111001101"": 1, ""0000111001110"": 1, ""0000111001111"": 1, ""0000111010010"": 1, ""0000111010100"": 2, ""0000111010101"": 3, ""0000111010110"": 2, ""0000111010111"": 1, ""0000111011000"": 1, ""0000111011010"": 1, ""0000111011101"": 1, ""0000111011110"": 2, ""0000111100000"": 2, ""0000111100010"": 1, ""0000111100011"": 1, ""0000111100100"": 2, ""0000111100110"": 1, ""0000111100111"": 1, ""0000111101000"": 1, ""0000111101010"": 1, ""0000111101011"": 2, ""0000111101100"": 3, ""0000111101110"": 1, ""0000111110000"": 1, ""0000111110001"": 3, ""0000111110011"": 1, ""0000111110100"": 2, ""0000111110101"": 1, ""0000111110110"": 5, ""0000111110111"": 2, ""0000111111000"": 1, ""0000111111010"": 2, ""0000111111011"": 2, ""0000111111110"": 2, ""0001000000000"": 1, ""0001000000001"": 1, ""0001000000100"": 2, ""0001000000101"": 2, ""0001000000110"": 2, ""0001000000111"": 3, ""0001000001010"": 2, ""0001000001100"": 2, ""0001000001101"": 1, ""0001000001110"": 2, ""0001000001111"": 2, ""0001000010010"": 2, ""0001000010011"": 3, ""0001000010100"": 2, ""0001000010101"": 1, ""0001000010110"": 1, ""0001000010111"": 1, ""0001000011000"": 2, ""0001000011001"": 4, ""0001000011011"": 3, ""0001000011100"": 4, ""0001000011101"": 1, ""0001000011110"": 1, ""0001000100001"": 1, ""0001000100011"": 3, ""0001000100101"": 2, ""0001000100110"": 2, ""0001000100111"": 1, ""0001000101011"": 2, ""0001000101100"": 2, ""0001000101101"": 1, ""0001000101110"": 2, ""0001000101111"": 6, ""0001000110000"": 4, ""0001000110001"": 3, ""0001000110010"": 1, ""0001000110011"": 2, ""0001000110100"": 1, ""0001000110101"": 4, ""0001000110110"": 3, ""0001000110111"": 1, ""0001000111000"": 4, ""0001000111001"": 1, ""0001000111011"": 1, ""0001000111100"": 4, ""0001000111101"": 2, ""0001000111110"": 4, ""0001000111111"": 2, ""0001001000000"": 1, ""0001001000001"": 1, ""0001001000010"": 4, ""0001001000011"": 3, ""0001001000100"": 6, ""0001001000110"": 3, ""0001001000111"": 3, ""0001001001000"": 2, ""0001001001001"": 4, ""0001001001010"": 3, ""0001001001011"": 3, ""0001001001100"": 5, ""0001001001101"": 2, ""0001001001110"": 3, ""0001001001111"": 3, ""0001001010000"": 4, ""0001001010001"": 3, ""0001001010010"": 3, ""0001001010011"": 1, ""0001001010101"": 4, ""0001001010110"": 2, ""0001001010111"": 2, ""0001001011001"": 6, ""0001001011010"": 2, ""0001001011011"": 1, ""0001001011100"": 1, ""0001001011101"": 2, ""0001001011110"": 1, ""0001001011111"": 1, ""0001001100000"": 3, ""0001001100001"": 3, ""0001001100010"": 4, ""0001001100011"": 1, ""0001001100100"": 1, ""0001001100101"": 4, ""0001001100110"": 4, ""0001001100111"": 1, ""0001001101000"": 2, ""0001001101001"": 4, ""0001001101010"": 3, ""0001001101011"": 5, ""0001001101101"": 6, ""0001001101110"": 2, ""0001001110001"": 2, ""0001001110010"": 1, ""0001001110011"": 5, ""0001001110100"": 3, ""0001001110101"": 4, ""0001001110111"": 1, ""0001001111000"": 1, ""0001001111001"": 2, ""0001001111010"": 3, ""0001001111011"": 1, ""0001001111100"": 1, ""0001001111110"": 5, ""0001001111111"": 2, ""0001010000000"": 1, ""0001010000001"": 1, ""0001010000011"": 1, ""0001010000100"": 3, ""0001010000101"": 1, ""0001010000110"": 3, ""0001010000111"": 3, ""0001010001000"": 1, ""0001010001010"": 4, ""0001010001011"": 2, ""0001010001100"": 2, ""0001010001101"": 3, ""0001010001110"": 3, ""0001010001111"": 1, ""0001010010000"": 2, ""0001010010001"": 1, ""0001010010010"": 2, ""0001010010011"": 1, ""0001010010100"": 2, ""0001010010101"": 1, ""0001010010110"": 1, ""0001010010111"": 1, ""0001010011001"": 2, ""0001010011011"": 2, ""0001010011100"": 1, ""0001010011110"": 2, ""0001010011111"": 1, ""0001010100001"": 1, ""0001010100010"": 1, ""0001010100011"": 1, ""0001010100100"": 1, ""0001010100101"": 2, ""0001010101001"": 2, ""0001010101010"": 2, ""0001010101100"": 1, ""0001010101101"": 3, ""0001010101110"": 2, ""0001010101111"": 3, ""0001010110001"": 1, ""0001010110011"": 1, ""0001010110100"": 1, ""0001010110101"": 1, ""0001010110110"": 2, ""0001010110111"": 2, ""0001010111000"": 1, ""0001010111010"": 1, ""0001010111011"": 2, ""0001010111100"": 1, ""0001010111101"": 3, ""0001010111110"": 2, ""0001010111111"": 2, ""0001011000000"": 1, ""0001011000010"": 1, ""0001011000011"": 1, ""0001011000100"": 1, ""0001011000101"": 1, ""0001011000111"": 5, ""0001011001100"": 1, ""0001011001110"": 1, ""0001011001111"": 2, ""0001011010001"": 2, ""0001011010010"": 5, ""0001011010011"": 2, ""0001011010100"": 1, ""0001011010110"": 2, ""0001011011000"": 1, ""0001011011001"": 4, ""0001011011011"": 2, ""0001011011100"": 2, ""0001011011110"": 3, ""0001011100000"": 2, ""0001011100001"": 1, ""0001011100011"": 1, ""0001011100100"": 2, ""0001011100101"": 1, ""0001011101011"": 2, ""0001011101100"": 2, ""0001011101101"": 1, ""0001011101111"": 1, ""0001011110001"": 2, ""0001011110010"": 1, ""0001011110100"": 2, ""0001011110101"": 1, ""0001011111000"": 2, ""0001011111010"": 1, ""0001011111011"": 1, ""0001011111101"": 2, ""0001011111111"": 2, ""0001100000000"": 1, ""0001100000001"": 2, ""0001100000010"": 3, ""0001100000100"": 1, ""0001100000110"": 1, ""0001100000111"": 1, ""0001100001000"": 2, ""0001100001010"": 1, ""0001100001011"": 1, ""0001100001110"": 1, ""0001100001111"": 2, ""0001100010000"": 1, ""0001100010010"": 2, ""0001100010110"": 1, ""0001100010111"": 1, ""0001100011001"": 1, ""0001100011010"": 3, ""0001100011011"": 2, ""0001100011100"": 2, ""0001100011111"": 1, ""0001100100011"": 2, ""0001100100111"": 1, ""0001100101000"": 2, ""0001100101001"": 1, ""0001100101010"": 1, ""0001100101011"": 1, ""0001100110101"": 1, ""0001100110111"": 2, ""0001100111000"": 2, ""0001100111010"": 1, ""0001100111111"": 1, ""0001101000001"": 1, ""0001101000010"": 1, ""0001101000100"": 1, ""0001101000101"": 2, ""0001101000110"": 2, ""0001101001000"": 1, ""0001101001010"": 1, ""0001101001100"": 1, ""0001101001101"": 1, ""0001101001111"": 1, ""0001101010100"": 1, ""0001101010101"": 1, ""0001101010110"": 2, ""0001101010111"": 1, ""0001101011010"": 4, ""0001101011100"": 2, ""0001101011110"": 1, ""0001101011111"": 2, ""0001101100001"": 1, ""0001101100010"": 1, ""0001101100110"": 4, ""0001101101010"": 2, ""0001101101011"": 1, ""0001101101100"": 1, ""0001101110001"": 1, ""0001101110111"": 1, ""0001101111000"": 1, ""0001101111010"": 2, ""0001101111100"": 3, ""0001101111110"": 1, ""0001110000010"": 1, ""0001110000011"": 1, ""0001110000110"": 1, ""0001110001000"": 1, ""0001110001001"": 1, ""0001110001010"": 1, ""0001110001011"": 2, ""0001110010001"": 2, ""0001110010010"": 1, ""0001110010110"": 2, ""0001110011001"": 1, ""0001110011011"": 1, ""0001110011110"": 1, ""0001110100001"": 2, ""0001110100101"": 1, ""0001110101000"": 1, ""0001110101001"": 1, ""0001110101010"": 1, ""0001110101101"": 1, ""0001110110100"": 1, ""0001110110101"": 1, ""0001110111001"": 2, ""0001110111011"": 1, ""0001110111101"": 1, ""0001111000010"": 1, ""0001111001000"": 1, ""0001111001011"": 1, ""0001111001100"": 1, ""0001111010110"": 1, ""0001111011000"": 1, ""0001111011001"": 1, ""0001111101101"": 1, ""0001111110000"": 1, ""0001111110001"": 1, ""0001111110101"": 1, ""0001111111001"": 1, ""0001111111011"": 1, ""0001111111101"": 1, ""0001111111111"": 1, ""0010000000011"": 1, ""0010000001001"": 1, ""0010000001011"": 1, ""0010000010010"": 1, ""0010000010110"": 1, ""0010000010111"": 1, ""0010000100010"": 1, ""0010000101010"": 1, ""0010000101011"": 1, ""0010000101111"": 1, ""0010000110101"": 1, ""0010000111010"": 1, ""0010000111100"": 1, ""0010001000000"": 1, ""0010001010000"": 1, ""0010001100010"": 1, ""0010001101101"": 1, ""0010001110100"": 1, ""0010001110110"": 1, ""0010001111011"": 1, ""0010010000001"": 1, ""0010010001011"": 1, ""0010010001100"": 1, ""0010010001111"": 1, ""0010010010010"": 1, ""0010010010110"": 1, ""0010010010111"": 1, ""0010010100100"": 1, ""0010010100111"": 1, ""0010010101110"": 1, ""0010010110111"": 1, ""0010010111001"": 1, ""0010010111010"": 1, ""0010011000011"": 1, ""0010011001001"": 1, ""0010011001100"": 1, ""0010011011101"": 1, ""0010011100001"": 2, ""0010011100110"": 1, ""0010011101001"": 1, ""0010011101100"": 1, ""0010011101111"": 1, ""0010011111011"": 1, ""0010100010001"": 1, ""0010100010110"": 1, ""0010100101010"": 1, ""0010101000000"": 1, ""0010101000001"": 1, ""0010101000101"": 2, ""0010101001010"": 1, ""0010101001110"": 1, ""0010101010010"": 1, ""0010101011111"": 1, ""0010101111010"": 1, ""0010101111011"": 1, ""0010110000010"": 1, ""0010110001011"": 1, ""0010110011101"": 1, ""0010110100101"": 1, ""0010110101100"": 1, ""0010111000010"": 1, ""0010111001001"": 1, ""0010111111000"": 1, ""0011000000100"": 1, ""0011000111100"": 1, ""0011001010101"": 1, ""0011001101101"": 1, ""0011001110001"": 1, ""0011010000000"": 1, ""0011010001000"": 1, ""0011010101010"": 1, ""0011010110110"": 2, ""0011010110111"": 1, ""0011011110111"": 1, ""0011100000011"": 1, ""0011100000100"": 1, ""0011100111100"": 1, ""0011101001110"": 1, ""0011101011111"": 1, ""0011101100011"": 1, ""0011101101001"": 1, ""0011111001110"": 1, ""0011111010000"": 1, ""0011111101010"": 1, ""0011111110011"": 1, ""0100000010111"": 1, ""0100000110110"": 1, ""0100001011000"": 1, ""0100001100101"": 1, ""0100010000000"": 1, ""0100010101010"": 1, ""0100100010100"": 1, ""0100100011111"": 1, ""0100100110010"": 1, ""0100100111100"": 1, ""0100101010010"": 1, ""0100101011011"": 1, ""0100101100001"": 1, ""0100101101101"": 1, ""0100111000001"": 1, ""0100111010010"": 1, ""0100111011111"": 1, ""0100111110001"": 1, ""0100111111101"": 1, ""0101000100001"": 1, ""0101001101001"": 1, ""0101010110010"": 1, ""0101011010000"": 1, ""0101011011110"": 1, ""0101011110101"": 1, ""0101011111000"": 1, ""0101101101110"": 1, ""0101110000010"": 1, ""0110001111111"": 1, ""0110010001010"": 1, ""0110010100101"": 1, ""0110010101111"": 1, ""0110101000100"": 1, ""0110110001010"": 1, ""0110110010010"": 1, ""0110111011001"": 1, ""0110111110010"": 1, ""0111000001101"": 1, ""0111001101000"": 1, ""0111001111111"": 1, ""0111010100100"": 1, ""0111010101101"": 1, ""0111011001010"": 1, ""0111100001000"": 1, ""0111101001011"": 1, ""0111110000101"": 1, ""0111110110010"": 1, ""0111111000000"": 1, ""1000000001110"": 1, ""1000000111010"": 1, ""1000001001101"": 1, ""1000001111000"": 1, ""1000001111010"": 1, ""1000011011110"": 1, ""1000100000101"": 1, ""1000110010101"": 1, ""1000111000011"": 1, ""1001011101100"": 1, ""1001101100000"": 1, ""1010000001110"": 1, ""1010000111110"": 1, ""1010100010101"": 1, ""1010110000110"": 1, ""1010111011001"": 1, ""1011010010000"": 1, ""1011010101010"": 1, ""1011011010110"": 1, ""1011100110010"": 1, ""1011101000001"": 1, ""1011101001100"": 1, ""1011101111100"": 1, ""1011110110010"": 1, ""1100000001000"": 1, ""1100001001010"": 1, ""1100010010011"": 1, ""1100010010101"": 1, ""1100101010010"": 1, ""1100101110110"": 1, ""1100110010110"": 1, ""1100110100011"": 1, ""1101001101001"": 1, ""1101001110111"": 1, ""1101010100101"": 1, ""1101010101110"": 1, ""1101011001101"": 1, ""1101011110110"": 1, ""1101100001000"": 1, ""1101101101011"": 1, ""1110010111011"": 1, ""1110011001011"": 1, ""1110011110001"": 1, ""1110100011111"": 1, ""1110101100110"": 1, ""1110110001010"": 1, ""1110110001100"": 1, ""1110110100011"": 1, ""1110110111001"": 1, ""1111000001110"": 1, ""1111000001111"": 1, ""1111000010010"": 1, ""1111000010111"": 1, ""1111000100110"": 1, ""1111000101001"": 1, ""1111000110101"": 1, ""1111000111000"": 1, ""1111001001011"": 1, ""1111001011001"": 1, ""1111001100001"": 2, ""1111001101101"": 1, ""1111010010110"": 1, ""1111010011011"": 1, ""1111010101100"": 1, ""1111010111001"": 1, ""1111011000101"": 1, ""1111011001010"": 1, ""1111011011011"": 1, ""1111011100110"": 1, ""1111011101101"": 1, ""1111011110000"": 1, ""1111011110111"": 1, ""1111100001000"": 1, ""1111100010100"": 1, ""1111100011111"": 1, ""1111100100000"": 1, ""1111100100101"": 1, ""1111100101000"": 1, ""1111100101001"": 1, ""1111100101010"": 1, ""1111100101111"": 1, ""1111100110001"": 1, ""1111100111101"": 1, ""1111101011010"": 1, ""1111101101001"": 1, ""1111101101100"": 1, ""1111101110011"": 1, ""1111101111001"": 1, ""1111101111101"": 1, ""1111110000110"": 1, ""1111110000111"": 1, ""1111110001000"": 1, ""1111110011010"": 1, ""1111110101000"": 1, ""1111110101111"": 2, ""1111110110110"": 1, ""1111111001010"": 1, ""1111111001011"": 1, ""1111111101110"": 1, ""1111111110010"": 1, ""1111111110110"": 1, ""1111111110111"": 1, ""1111111111001"": 1, ""1111111111010"": 1, ""1111111111100"": 1}"
1 qubit test,0.8385164807134509,1,13,1.0,42,1000,10,0.543209090108711,1,0001001110000,0.9333066394281873,1.0336081579532412,0.6816706761185144,0.0947901587147364,3.219752174868065,8388.109375,17771.440410799994,"{""0000101010100"": 1, ""0000110001011"": 1, ""0000110010100"": 1, ""0000110011100"": 1, ""0000110100000"": 1, ""0000110100010"": 1, ""0000110100110"": 1, ""0000110101100"": 1, ""0000110101111"": 1, ""0000110110011"": 1, ""0000110110110"": 1, ""0000110110111"": 1, ""0000110111011"": 1, ""0000111000010"": 1, ""0000111001100"": 1, ""0000111010010"": 2, ""0000111010110"": 1, ""0000111011011"": 1, ""0000111100000"": 3, ""0000111101000"": 1, ""0000111101101"": 1, ""0000111101110"": 1, ""0000111110000"": 1, ""0000111110101"": 1, ""0000111111010"": 2, ""0000111111100"": 2, ""0000111111101"": 1, ""0000111111110"": 1, ""0001000000100"": 2, ""0001000000110"": 1, ""0001000001000"": 1, ""0001000001100"": 2, ""0001000001101"": 1, ""0001000001110"": 1, ""0001000010000"": 4, ""0001000010001"": 1, ""0001000010010"": 1, ""0001000010011"": 2, ""0001000010100"": 1, ""0001000010110"": 3, ""0001000011000"": 4, ""0001000011001"": 1, ""0001000011100"": 2, ""0001000011110"": 3, ""0001000011111"": 2, ""0001000100000"": 4, ""0001000100001"": 1, ""0001000100010"": 1, ""0001000100100"": 3, ""0001000100101"": 1, ""0001000100110"": 2, ""0001000101000"": 2, ""0001000101001"": 2, ""0001000101010"": 4, ""0001000101011"": 2, ""0001000101100"": 3, ""0001000101101"": 1, ""0001000101110"": 4, ""0001000101111"": 2, ""0001000110000"": 2, ""0001000110001"": 1, ""0001000110010"": 5, ""0001000110011"": 1, ""0001000110100"": 4, ""0001000110101"": 2, ""0001000110110"": 4, ""0001000110111"": 1, ""0001000111000"": 4, ""0001000111001"": 2, ""0001000111010"": 3, ""0001000111011"": 3, ""0001000111100"": 6, ""0001000111101"": 7, ""0001000111110"": 2, ""0001001000000"": 10, ""0001001000001"": 1, ""0001001000010"": 5, ""0001001000100"": 5, ""0001001000101"": 2, ""0001001000110"": 3, ""0001001000111"": 2, ""0001001001000"": 1, ""0001001001001"": 2, ""0001001001010"": 5, ""0001001001011"": 2, ""0001001001100"": 4, ""0001001001101"": 2, ""0001001001110"": 3, ""0001001001111"": 2, ""0001001010000"": 8, ""0001001010010"": 6, ""0001001010011"": 1, ""0001001010100"": 3, ""0001001010101"": 2, ""0001001010110"": 8, ""0001001010111"": 2, ""0001001011000"": 6, ""0001001011001"": 1, ""0001001011010"": 8, ""0001001011011"": 2, ""0001001011100"": 4, ""0001001011101"": 3, ""0001001011110"": 6, ""0001001011111"": 3, ""0001001100000"": 2, ""0001001100001"": 1, ""0001001100010"": 7, ""0001001100011"": 3, ""0001001100100"": 5, ""0001001100101"": 5, ""0001001100110"": 5, ""0001001100111"": 5, ""0001001101000"": 4, ""0001001101001"": 4, ""0001001101010"": 8, ""0001001101011"": 2, ""0001001101100"": 5, ""0001001101101"": 4, ""0001001101110"": 2, ""0001001101111"": 3, ""0001001110000"": 11, ""0001001110001"": 4, ""0001001110010"": 6, ""0001001110011"": 4, ""0001001110100"": 8, ""0001001110101"": 2, ""0001001110110"": 5, ""0001001110111"": 1, ""0001001111000"": 6, ""0001001111001"": 6, ""0001001111010"": 4, ""0001001111011"": 2, ""0001001111100"": 8, ""0001001111101"": 4, ""0001001111110"": 5, ""0001001111111"": 2, ""0001010000000"": 4, ""0001010000001"": 3, ""0001010000010"": 8, ""0001010000011"": 3, ""0001010000100"": 5, ""0001010000101"": 4, ""0001010000110"": 11, ""0001010000111"": 2, ""0001010001000"": 7, ""0001010001001"": 3, ""0001010001010"": 6, ""0001010001011"": 5, ""0001010001100"": 6, ""0001010001101"": 1, ""0001010001110"": 4, ""0001010001111"": 1, ""0001010010000"": 1, ""0001010010001"": 3, ""0001010010010"": 6, ""0001010010011"": 2, ""0001010010100"": 8, ""0001010010101"": 3, ""0001010010110"": 9, ""0001010010111"": 1, ""0001010011000"": 4, ""0001010011001"": 3, ""0001010011010"": 5, ""0001010011100"": 10, ""0001010011110"": 4, ""0001010011111"": 1, ""0001010100000"": 7, ""0001010100001"": 1, ""0001010100010"": 1, ""0001010100011"": 1, ""0001010100100"": 7, ""0001010100101"": 4, ""0001010100110"": 5, ""0001010101000"": 6, ""0001010101010"": 6, ""0001010101011"": 1, ""0001010101100"": 4, ""0001010101101"": 3, ""0001010101110"": 5, ""0001010110000"": 1, ""0001010110001"": 3, ""0001010110010"": 2, ""0001010110011"": 1, ""0001010110100"": 2, ""0001010110101"": 1, ""0001010110110"": 3, ""0001010110111"": 1, ""0001010111000"": 6, ""0001010111010"": 3, ""0001010111011"": 2, ""0001010111100"": 2, ""0001010111110"": 4, ""0001010111111"": 2, ""0001011000000"": 4, ""0001011000001"": 2, ""0001011000010"": 5, ""0001011000011"": 2, ""0001011000100"": 2, ""0001011000101"": 2, ""0001011000110"": 2, ""0001011000111"": 2, ""0001011001000"": 5, ""0001011001001"": 2, ""0001011001010"": 6, ""0001011001011"": 2, ""0001011001100"": 4, ""0001011001110"": 2, ""0001011010000"": 5, ""0001011010001"": 1, ""0001011010010"": 4, ""0001011010100"": 4, ""0001011010110"": 7, ""0001011011000"": 4, ""0001011011001"": 1, ""0001011011010"": 4, ""0001011011011"": 2, ""0001011011100"": 2, ""0001011011101"": 2, ""0001011011110"": 4, ""0001011100000"": 2, ""0001011100001"": 1, ""0001011100010"": 2, ""0001011100011"": 1, ""0001011100100"": 2, ""0001011100110"": 1, ""0001011101000"": 3, ""0001011101001"": 1, ""0001011101010"": 6, ""0001011101011"": 1, ""0001011101100"": 4, ""0001011101110"": 2, ""0001011101111"": 1, ""0001011110000"": 1, ""0001011110001"": 2, ""0001011110010"": 3, ""0001011110011"": 1, ""0001011110100"": 3, ""0001011110101"": 2, ""0001011110110"": 1, ""0001011110111"": 1, ""0001011111000"": 3, ""0001011111010"": 2, ""0001011111100"": 2, ""0001011111101"": 1, ""0001011111110"": 1, ""0001011111111"": 1, ""0001100000000"": 2, ""0001100000100"": 1, ""0001100000110"": 1, ""0001100000111"": 1, ""0001100001000"": 3, ""0001100001001"": 2, ""0001100001010"": 3, ""0001100001011"": 2, ""0001100001100"": 3, ""0001100001110"": 1, ""0001100010000"": 3, ""0001100010010"": 1, ""0001100010011"": 1, ""0001100010100"": 2, ""0001100010110"": 5, ""0001100011000"": 2, ""0001100011001"": 1, ""0001100011010"": 3, ""0001100011011"": 1, ""0001100011110"": 3, ""0001100100000"": 1, ""0001100100001"": 1, ""0001100100010"": 2, ""0001100100011"": 2, ""0001100100100"": 1, ""0001100100110"": 1, ""0001100101010"": 1, ""0001100101101"": 1, ""0001100101110"": 1, ""0001100110000"": 2, ""0001100110001"": 1, ""0001100110100"": 2, ""0001100110101"": 2, ""0001100110110"": 1, ""0001100111000"": 1, ""0001100111010"": 3, ""0001100111100"": 4, ""0001100111101"": 1, ""0001100111110"": 2, ""0001101000001"": 1, ""0001101000010"": 1, ""0001101000100"": 2, ""0001101000110"": 1, ""0001101001000"": 1, ""0001101001001"": 1, ""0001101001010"": 1, ""0001101001100"": 1, ""0001101001110"": 2, ""0001101001111"": 1, ""0001101010000"": 1, ""0001101010100"": 1, ""0001101011000"": 1, ""0001101011100"": 1, ""0001101011101"": 1, ""0001101011110"": 2, ""0001101100100"": 1, ""0001101100101"": 1, ""0001101100110"": 1, ""0001101100111"": 1, ""0001101101000"": 1, ""0001101101001"": 1, ""0001101101010"": 3, ""0001101101100"": 1, ""0001101101101"": 1, ""0001101101110"": 3, ""0001101101111"": 2, ""0001101110000"": 1, ""0001101110001"": 1, ""0001101110010"": 1, ""0001101110110"": 1, ""0001101111100"": 1, ""0001101111110"": 3, ""0001110000100"": 1, ""0001110001110"": 2, ""0001110010010"": 1, ""0001110010110"": 1, ""0001110010111"": 1, ""0001110011000"": 1, ""0001110011111"": 2, ""0001110100000"": 1, ""0001110100100"": 1, ""0001110100110"": 1, ""0001110101010"": 2, ""0001110101011"": 2, ""0001110101110"": 3, ""0001110110101"": 1, ""0001110110110"": 1, ""0001110111010"": 1, ""0001111001100"": 1, ""0001111010011"": 1, ""0001111011010"": 1, ""0001111011100"": 1, ""0001111011111"": 1, ""0001111100110"": 1, ""0001111101010"": 1, ""0001111110000"": 1, ""0001111110010"": 1, ""0001111110110"": 1, ""0001111110111"": 1, ""0001111111100"": 1, ""0010000000001"": 1, ""0010000000011"": 1, ""0010000001001"": 1, ""0010000001110"": 1, ""0010000010011"": 1, ""0010000010101"": 1, ""0010000010110"": 2, ""0010000011000"": 1, ""0010000011001"": 1, ""0010000011010"": 1, ""0010000011100"": 1, ""0010000100001"": 1, ""0010000101100"": 1, ""0010001000010"": 2, ""0010001001010"": 2, ""0010001010010"": 1, ""0010001011000"": 1, ""0010001011010"": 1, ""0010001100111"": 1, ""0010001101000"": 1, ""0010001110001"": 1, ""0010001110101"": 1, ""0010001111010"": 1, ""0010010000001"": 1, ""0010010001100"": 1, ""0010010010100"": 1, ""0010010011010"": 1, ""0010010100001"": 1, ""0010010100010"": 1, ""0010010101001"": 2, ""0010010101110"": 1, ""0010010110110"": 1, ""0010010111000"": 1, ""0010010111100"": 1, ""0010010111101"": 1, ""0010011000110"": 1, ""0010011001001"": 1, ""0010011010010"": 1, ""0010011100010"": 1, ""0010011101000"": 2, ""0010011101100"": 1, ""0010011101101"": 1, ""0010011110000"": 1, ""0010100010001"": 1, ""0010100010010"": 2, ""0010100010101"": 1, ""0010100011100"": 1, ""0010100110010"": 1, ""0010101000111"": 1, ""0010101001111"": 1, ""0010101010000"": 1, ""0010101011100"": 1, ""0010101100010"": 1, ""0010101100011"": 1, ""0010101101110"": 1, ""0010110000000"": 1, ""0010110000011"": 1, ""0010110101100"": 1, ""0010111100100"": 1, ""0011000010001"": 1, ""0011001000001"": 1, ""0011001011000"": 1, ""0011001111000"": 1, ""0011001111010"": 1, ""0011010000010"": 1, ""0011010111010"": 2, ""0011101000110"": 1, ""0011101110100"": 1, ""0011111000100"": 1, ""0011111000110"": 1, ""0100001011000"": 1, ""0100010100000"": 1, ""0100011100010"": 1, ""0100011101010"": 1, ""0100011110000"": 1, ""0100100001010"": 1, ""0100100111100"": 1, ""0100101001101"": 1, ""0100101011001"": 1, ""0100101011011"": 1, ""0101000100000"": 1, ""0101100001110"": 1, ""0101101100011"": 1, ""0101110001001"": 1, ""0110011000010"": 1, ""0111001011010"": 1, ""0111010100010"": 1, ""0111111101110"": 1, ""0111111110110"": 1, ""1000100010111"": 1, ""1000101101001"": 1, ""1000110000110"": 1, ""1000111000100"": 1, ""1001001011100"": 1, ""1110000011000"": 1, ""1110100000000"": 1}"
1 qubit test,0.8385164807134509,1,13,1.0,42,1000,1,0.47314883957009635,1,0001000011001,0.8518534091368948,0.7173626956403172,1.374689004209353,0.013336928423443917,2.4378087708965053,8522.45703125,14295.880188400002,"{""0000000000110"": 1, ""0000000001010"": 1, ""0000000010001"": 1, ""0000000010100"": 1, ""0000000010101"": 1, ""0000000011001"": 1, ""0000000011010"": 1, ""0000000011101"": 1, ""0000000101101"": 1, ""0000000101110"": 1, ""0000001000001"": 1, ""0000001000101"": 1, ""0000001001100"": 1, ""0000001001111"": 1, ""0000001010111"": 1, ""0000001011010"": 1, ""0000001101111"": 1, ""0000001110001"": 1, ""0000001111111"": 1, ""0000010000011"": 1, ""0000010000101"": 1, ""0000010001001"": 1, ""0000010001110"": 1, ""0000010010110"": 1, ""0000010011000"": 1, ""0000010011101"": 1, ""0000010101000"": 1, ""0000010101001"": 1, ""0000010101101"": 1, ""0000010101111"": 1, ""0000010110011"": 1, ""0000010110101"": 1, ""0000010111000"": 1, ""0000010111010"": 1, ""0000011000011"": 1, ""0000011000100"": 1, ""0000011000110"": 1, ""0000011001000"": 1, ""0000011001100"": 1, ""0000011001110"": 1, ""0000011011000"": 2, ""0000011011010"": 1, ""0000011011101"": 1, ""0000011100110"": 2, ""0000011100111"": 1, ""0000011101111"": 1, ""0000011110010"": 1, ""0000011110111"": 1, ""0000011111011"": 2, ""0000011111101"": 1, ""0000011111110"": 1, ""0000100000111"": 1, ""0000100001011"": 1, ""0000100001110"": 1, ""0000100010101"": 1, ""0000100011010"": 1, ""0000100011011"": 1, ""0000100011101"": 1, ""0000100011110"": 1, ""0000100011111"": 1, ""0000100100011"": 1, ""0000100100100"": 2, ""0000100100110"": 2, ""0000100100111"": 1, ""0000100101000"": 1, ""0000100101001"": 3, ""0000100110010"": 2, ""0000100110100"": 1, ""0000100111001"": 2, ""0000100111010"": 1, ""0000100111100"": 2, ""0000100111101"": 1, ""0000100111110"": 1, ""0000100111111"": 1, ""0000101000010"": 1, ""0000101000011"": 2, ""0000101000100"": 1, ""0000101000101"": 1, ""0000101000110"": 1, ""0000101001001"": 1, ""0000101001101"": 1, ""0000101010011"": 2, ""0000101010100"": 1, ""0000101010110"": 2, ""0000101011000"": 2, ""0000101011100"": 1, ""0000101011110"": 1, ""0000101011111"": 2, ""0000101100100"": 1, ""0000101100101"": 1, ""0000101100110"": 2, ""0000101101000"": 1, ""0000101101010"": 1, ""0000101101011"": 1, ""0000101101100"": 1, ""0000101101110"": 2, ""0000101101111"": 1, ""0000101110000"": 1, ""0000101110011"": 1, ""0000101110100"": 1, ""0000101110101"": 1, ""0000101110110"": 1, ""0000101111111"": 1, ""0000110000010"": 2, ""0000110000011"": 1, ""0000110000100"": 1, ""0000110000110"": 1, ""0000110001001"": 2, ""0000110001010"": 1, ""0000110001011"": 1, ""0000110001101"": 3, ""0000110001111"": 2, ""0000110010000"": 1, ""0000110010001"": 1, ""0000110010010"": 2, ""0000110010110"": 2, ""0000110010111"": 1, ""0000110011010"": 4, ""0000110011100"": 3, ""0000110011101"": 2, ""0000110011110"": 1, ""0000110011111"": 3, ""0000110100000"": 1, ""0000110100011"": 1, ""0000110100100"": 1, ""0000110100101"": 1, ""0000110100111"": 1, ""0000110101000"": 1, ""0000110101001"": 1, ""0000110101010"": 1, ""0000110101011"": 2, ""0000110101101"": 1, ""0000110101110"": 1, ""0000110110000"": 2, ""0000110110010"": 1, ""0000110110011"": 2, ""0000110110100"": 2, ""0000110110110"": 4, ""0000110110111"": 3, ""0000110111000"": 2, ""0000110111001"": 2, ""0000110111010"": 1, ""0000110111011"": 2, ""0000110111100"": 3, ""0000110111101"": 1, ""0000110111111"": 1, ""0000111000001"": 1, ""0000111000010"": 2, ""0000111000011"": 3, ""0000111000101"": 2, ""0000111000110"": 3, ""0000111000111"": 3, ""0000111001000"": 1, ""0000111001001"": 4, ""0000111001010"": 1, ""0000111001011"": 2, ""0000111001100"": 2, ""0000111001101"": 4, ""0000111001110"": 2, ""0000111001111"": 1, ""0000111010000"": 1, ""0000111010001"": 2, ""0000111010010"": 1, ""0000111010011"": 2, ""0000111010100"": 3, ""0000111010101"": 3, ""0000111010111"": 2, ""0000111011000"": 2, ""0000111011001"": 4, ""0000111011010"": 2, ""0000111011011"": 2, ""0000111011100"": 5, ""0000111011101"": 2, ""0000111011110"": 4, ""0000111011111"": 3, ""0000111100000"": 2, ""0000111100001"": 3, ""0000111100010"": 1, ""0000111100011"": 1, ""0000111100100"": 3, ""0000111100101"": 1, ""0000111100110"": 4, ""0000111100111"": 2, ""0000111101000"": 1, ""0000111101001"": 1, ""0000111101010"": 3, ""0000111101011"": 1, ""0000111101100"": 4, ""0000111101101"": 1, ""0000111101110"": 3, ""0000111101111"": 2, ""0000111110000"": 1, ""0000111110001"": 1, ""0000111110010"": 1, ""0000111110011"": 2, ""0000111110100"": 2, ""0000111110110"": 2, ""0000111110111"": 1, ""0000111111000"": 4, ""0000111111001"": 5, ""0000111111010"": 4, ""0000111111011"": 4, ""0000111111100"": 3, ""0000111111101"": 1, ""0000111111110"": 3, ""0000111111111"": 7, ""0001000000000"": 4, ""0001000000001"": 3, ""0001000000010"": 3, ""0001000000011"": 2, ""0001000000100"": 1, ""0001000000110"": 4, ""0001000000111"": 2, ""0001000001001"": 4, ""0001000001010"": 3, ""0001000001011"": 1, ""0001000001100"": 4, ""0001000001101"": 3, ""0001000001110"": 5, ""0001000001111"": 2, ""0001000010000"": 2, ""0001000010001"": 5, ""0001000010010"": 5, ""0001000010011"": 1, ""0001000010100"": 6, ""0001000010101"": 2, ""0001000010110"": 2, ""0001000010111"": 2, ""0001000011001"": 8, ""0001000011010"": 6, ""0001000011011"": 3, ""0001000011100"": 3, ""0001000011101"": 4, ""0001000011110"": 7, ""0001000011111"": 2, ""0001000100000"": 1, ""0001000100001"": 3, ""0001000100010"": 4, ""0001000100011"": 2, ""0001000100100"": 2, ""0001000100101"": 3, ""0001000100110"": 2, ""0001000101000"": 3, ""0001000101001"": 2, ""0001000101010"": 3, ""0001000101011"": 3, ""0001000101100"": 3, ""0001000101101"": 6, ""0001000101110"": 1, ""0001000101111"": 6, ""0001000110001"": 4, ""0001000110010"": 3, ""0001000110011"": 1, ""0001000110100"": 8, ""0001000110101"": 4, ""0001000110110"": 4, ""0001000110111"": 7, ""0001000111000"": 1, ""0001000111001"": 3, ""0001000111010"": 3, ""0001000111011"": 2, ""0001000111100"": 1, ""0001000111101"": 3, ""0001000111111"": 1, ""0001001000000"": 7, ""0001001000001"": 3, ""0001001000011"": 2, ""0001001000100"": 3, ""0001001000101"": 2, ""0001001000111"": 4, ""0001001001000"": 4, ""0001001001010"": 2, ""0001001001011"": 3, ""0001001001100"": 1, ""0001001001101"": 5, ""0001001001110"": 3, ""0001001001111"": 2, ""0001001010000"": 2, ""0001001010001"": 1, ""0001001010011"": 1, ""0001001010100"": 1, ""0001001010101"": 3, ""0001001010111"": 1, ""0001001011000"": 3, ""0001001011001"": 2, ""0001001011010"": 2, ""0001001011100"": 1, ""0001001011101"": 3, ""0001001011110"": 1, ""0001001100001"": 2, ""0001001100010"": 1, ""0001001100100"": 1, ""0001001100110"": 1, ""0001001100111"": 1, ""0001001101000"": 3, ""0001001101001"": 2, ""0001001101010"": 6, ""0001001101011"": 1, ""0001001101100"": 2, ""0001001101101"": 1, ""0001001101110"": 2, ""0001001101111"": 2, ""0001001110000"": 1, ""0001001110001"": 1, ""0001001110010"": 1, ""0001001110011"": 3, ""0001001110100"": 2, ""0001001110101"": 1, ""0001001110110"": 1, ""0001001110111"": 1, ""0001001111001"": 2, ""0001001111010"": 1, ""0001001111100"": 1, ""0001001111101"": 1, ""0001001111110"": 1, ""0001010000000"": 1, ""0001010000001"": 4, ""0001010000011"": 3, ""0001010000100"": 1, ""0001010000101"": 1, ""0001010001000"": 3, ""0001010001001"": 2, ""0001010001011"": 1, ""0001010001100"": 1, ""0001010001101"": 2, ""0001010001110"": 1, ""0001010010000"": 1, ""0001010010001"": 2, ""0001010010110"": 1, ""0001010011000"": 1, ""0001010011100"": 2, ""0001010011101"": 1, ""0001010011110"": 1, ""0001010100000"": 2, ""0001010100011"": 1, ""0001010100100"": 2, ""0001010100101"": 1, ""0001010100111"": 2, ""0001010101000"": 3, ""0001010101101"": 1, ""0001010101110"": 1, ""0001010101111"": 1, ""0001010110000"": 2, ""0001010110001"": 1, ""0001010110011"": 2, ""0001010110100"": 2, ""0001010110111"": 1, ""0001010111000"": 1, ""0001010111001"": 1, ""0001010111011"": 2, ""0001010111100"": 1, ""0001010111101"": 1, ""0001010111111"": 1, ""0001011000100"": 1, ""0001011000101"": 1, ""0001011000110"": 1, ""0001011001000"": 1, ""0001011001010"": 2, ""0001011001100"": 2, ""0001011001110"": 4, ""0001011001111"": 1, ""0001011010000"": 1, ""0001011010001"": 1, ""0001011010100"": 1, ""0001011010110"": 1, ""0001011011001"": 1, ""0001011011011"": 1, ""0001011011100"": 1, ""0001011011111"": 1, ""0001011100001"": 1, ""0001011100010"": 1, ""0001011100011"": 1, ""0001011100101"": 1, ""0001011101000"": 1, ""0001011101010"": 2, ""0001011110011"": 1, ""0001011110100"": 1, ""0001011110111"": 2, ""0001011111000"": 1, ""0001011111001"": 2, ""0001011111100"": 3, ""0001100000000"": 1, ""0001100000001"": 1, ""0001100000011"": 1, ""0001100000100"": 1, ""0001100001001"": 1, ""0001100001010"": 1, ""0001100001011"": 1, ""0001100001101"": 2, ""0001100001111"": 1, ""0001100010110"": 2, ""0001100011010"": 1, ""0001100100000"": 1, ""0001100100010"": 1, ""0001100100110"": 1, ""0001100101001"": 1, ""0001100110110"": 1, ""0001100111110"": 1, ""0001101000011"": 1, ""0001101000111"": 1, ""0001101001110"": 1, ""0001101010011"": 1, ""0001101011000"": 2, ""0001101011010"": 1, ""0001101011011"": 1, ""0001101100000"": 1, ""0001101100010"": 1, ""0001101101001"": 1, ""0001101101011"": 1, ""0001101111000"": 2, ""0001101111011"": 1, ""0001101111111"": 1, ""0001110000000"": 1, ""0001110000101"": 1, ""0001110000111"": 2, ""0001110001010"": 1, ""0001110001100"": 1, ""0001110010100"": 1, ""0001110010111"": 1, ""0001110011000"": 1, ""0001110011001"": 1, ""0001110011100"": 2, ""0001110011111"": 1, ""0001110101011"": 1, ""0001110110110"": 1, ""0001110111111"": 1, ""0001111000000"": 1, ""0001111000101"": 1, ""0001111001011"": 1, ""0001111010010"": 1, ""0001111010101"": 1, ""0001111011010"": 1, ""0001111100010"": 2, ""0001111111110"": 1, ""0001111111111"": 1, ""0010000000010"": 1, ""0010000000011"": 1, ""0010000010111"": 1, ""0010000011101"": 1, ""0010000100010"": 2, ""0010000110001"": 1, ""0010000110100"": 1, ""0010000111000"": 1, ""0010000111110"": 1, ""0010001001011"": 1, ""0010001001101"": 1, ""0010001010000"": 3, ""0010001010010"": 1, ""0010001011010"": 1, ""0010001011011"": 1, ""0010010000001"": 1, ""0010010011100"": 1, ""0010011001001"": 1, ""0010011001010"": 1, ""0010011010011"": 1, ""0010011011010"": 1, ""0010011100110"": 1, ""0010011101001"": 1, ""0010011111110"": 1, ""0010100000101"": 1, ""0010100010101"": 1, ""0010100110011"": 1, ""0010100111101"": 1, ""0010101010010"": 1, ""0010110001010"": 1, ""0010110011011"": 1, ""0010110100001"": 1, ""0010110111000"": 1, ""0010111000111"": 1, ""0010111100001"": 1, ""0011000111010"": 1, ""0011001000110"": 2, ""0011001011100"": 1, ""0011010000001"": 1, ""0011010110111"": 1, ""0011011000011"": 1, ""0011011001001"": 1, ""0011011011000"": 1, ""0011100000001"": 1, ""0011100000111"": 1, ""0011100001100"": 1, ""0011100010110"": 1, ""0011100101110"": 1, ""0011100110001"": 1, ""0011100111000"": 1, ""0011101010110"": 1, ""0011101110011"": 1, ""0011110010111"": 1, ""0011110110111"": 1, ""0011110111001"": 1, ""0011111000010"": 1, ""0011111000101"": 1, ""0011111111100"": 1, ""0100000000001"": 1, ""0100000110000"": 1, ""0100011101101"": 1, ""0100011110000"": 1, ""0100101011111"": 1, ""0100110111100"": 1, ""0101011010001"": 1, ""0101011101000"": 1, ""0101100101011"": 1, ""0101101100110"": 1, ""0101110011011"": 1, ""0101111100100"": 1, ""0101111110111"": 1, ""0111000010110"": 1, ""0111000011101"": 1, ""0111001000110"": 1, ""0111001001101"": 1, ""0111010000011"": 1, ""0111011001111"": 1, ""0111011101010"": 1, ""0111100011111"": 1, ""0111101101011"": 1, ""0111110100000"": 1, ""1000000000011"": 1, ""1000001000101"": 1, ""1000010000010"": 1, ""1000010100111"": 1, ""1000011110110"": 1, ""1000101110110"": 1, ""1000110100000"": 1, ""1000111000110"": 1, ""1001000011011"": 1, ""1001000100000"": 1, ""1001011110010"": 1, ""1001101001001"": 1, ""1001110000001"": 1, ""1001111110100"": 1, ""1010101011100"": 1, ""1010110001110"": 1, ""1010111111101"": 1, ""1011001001010"": 1, ""1011011001110"": 1, ""1011011110000"": 1, ""1011101010000"": 1, ""1011101010110"": 1, ""1011110000110"": 1, ""1011110001100"": 1, ""1011111110101"": 1, ""1011111111110"": 1, ""1100001000110"": 1, ""1100001111011"": 1, ""1100011110011"": 1, ""1100100001111"": 1, ""1100110001011"": 1, ""1100111000001"": 1, ""1101000110101"": 1, ""1101001000010"": 1, ""1101001000111"": 1, ""1101010000110"": 1, ""1101010100000"": 1, ""1101101011010"": 1, ""1101101011110"": 1, ""1101110101001"": 1, ""1101110110000"": 1, ""1101111000111"": 1, ""1101111100100"": 1, ""1101111101000"": 1, ""1101111110011"": 1, ""1110000000000"": 1, ""1110000011101"": 1, ""1110000101010"": 1, ""1110001110110"": 1, ""1110010100110"": 1, ""1110011011100"": 1, ""1110011101101"": 1, ""1110100110010"": 1, ""1110101100001"": 1, ""1110110010010"": 1, ""1110110010101"": 1, ""1110110011011"": 1, ""1110110101011"": 1, ""1110111001110"": 1, ""1110111010011"": 1, ""1110111110101"": 1, ""1111000000111"": 1, ""1111000010010"": 1, ""1111000100011"": 1, ""1111000100101"": 1, ""1111000101001"": 1, ""1111000111110"": 1, ""1111000111111"": 1, ""1111001001111"": 1, ""1111001010101"": 1, ""1111001011011"": 1, ""1111001100111"": 1, ""1111001101001"": 1, ""1111001110011"": 1, ""1111001110100"": 1, ""1111001111000"": 1, ""1111010100011"": 1, ""1111010101000"": 1, ""1111011010010"": 1, ""1111011010011"": 1, ""1111011111101"": 1, ""1111100000011"": 1, ""1111100001000"": 1, ""1111100001010"": 1, ""1111100010110"": 1, ""1111100011010"": 1, ""1111100011110"": 1, ""1111100011111"": 2, ""1111100100001"": 1, ""1111100101101"": 1, ""1111100101111"": 1, ""1111100110100"": 1, ""1111100111100"": 1, ""1111101000001"": 1, ""1111101001100"": 1, ""1111101001101"": 1, ""1111101001111"": 1, ""1111101010011"": 1, ""1111101011000"": 1, ""1111101101110"": 1, ""1111101110001"": 1, ""1111101110011"": 1, ""1111110001101"": 2, ""1111110010111"": 1, ""1111110011000"": 1, ""1111110011100"": 1, ""1111110100000"": 1, ""1111110100111"": 2, ""1111110101011"": 2, ""1111110101110"": 2, ""1111110110011"": 1, ""1111110110101"": 1, ""1111110110111"": 1, ""1111111000000"": 2, ""1111111000001"": 1, ""1111111000101"": 1, ""1111111001000"": 1, ""1111111001111"": 1, ""1111111010001"": 1, ""1111111010011"": 1, ""1111111010100"": 1, ""1111111010101"": 1, ""1111111011000"": 1, ""1111111011001"": 1, ""1111111011110"": 1}"
1 qubit test,0.8385164807134509,1,13,1.0,42,100,1,0.351800926046211,1,0000011010101,0.7946766989335193,0.48761972697797246,1.6521449182862402,0.04383978177993153,1.4219927291874075,7064.37109375,1457.1342244999978,"{""0000001000111"": 1, ""0000001010101"": 1, ""0000011001000"": 1, ""0000011001010"": 1, ""0000011010101"": 3, ""0000011011000"": 1, ""0000011011001"": 1, ""0000011011011"": 1, ""0000011110000"": 1, ""0000100000001"": 1, ""0000100010110"": 1, ""0000100101011"": 1, ""0000100110001"": 1, ""0000100110010"": 1, ""0000100110011"": 1, ""0000100110111"": 1, ""0000100111010"": 1, ""0000100111011"": 2, ""0000101000110"": 1, ""0000101001000"": 1, ""0000101001001"": 1, ""0000101001111"": 2, ""0000101010100"": 1, ""0000101010111"": 1, ""0000101011000"": 1, ""0000101011101"": 1, ""0000101100000"": 1, ""0000101100100"": 1, ""0000101100101"": 1, ""0000101100110"": 2, ""0000101101000"": 1, ""0000101101001"": 1, ""0000101101011"": 1, ""0000101101110"": 1, ""0000101101111"": 1, ""0000101110001"": 1, ""0000101110011"": 1, ""0000101110100"": 1, ""0000101110101"": 1, ""0000101111000"": 1, ""0000101111010"": 2, ""0000101111100"": 1, ""0000110000011"": 1, ""0000110000101"": 1, ""0000110001000"": 1, ""0000110001001"": 1, ""0000110001011"": 1, ""0000110001100"": 1, ""0000110001110"": 1, ""0000110001111"": 1, ""0000110010000"": 1, ""0000110010101"": 1, ""0000110011001"": 1, ""0000110011010"": 1, ""0000110011100"": 1, ""0000110011101"": 1, ""0000110100110"": 1, ""0000110101010"": 1, ""0000110101011"": 1, ""0000110110000"": 1, ""0000110110001"": 1, ""0000110110100"": 2, ""0000110110101"": 1, ""0000111001010"": 1, ""0000111001101"": 2, ""0000111011100"": 2, ""0000111011110"": 1, ""0000111100101"": 1, ""0000111101011"": 1, ""0001000000011"": 1, ""0001000110010"": 1, ""0001001001001"": 1, ""0001001010100"": 1, ""0001100000110"": 1, ""0001100001011"": 1, ""0010001000100"": 1, ""0010001110010"": 1, ""0011110000101"": 1, ""0100000110111"": 1, ""1000110001100"": 1, ""1001101111010"": 1, ""1011100001000"": 1, ""1100000000101"": 1, ""1100000011011"": 1, ""1101101111100"": 1, ""1111001111010"": 1, ""1111101111010"": 1, ""1111110001111"": 1, ""1111110011001"": 1, ""1111110101001"": 1, ""1111111111001"": 1}"
1 qubit test,0.8385164807134509,1,13,1.0,42,100,10,0.351800926046211,1,0000110100011,0.8862443844073404,0.926098129418328,0.23719180149852398,0.04772790369388957,1.4219927291874075,7225.69140625,1689.6071964000002,"{""0000100110100"": 1, ""0000100111100"": 1, ""0000100111110"": 1, ""0000101011100"": 1, ""0000101011110"": 1, ""0000101100100"": 1, ""0000101101010"": 1, ""0000101101101"": 1, ""0000101101111"": 1, ""0000101110010"": 1, ""0000101110011"": 2, ""0000101110100"": 1, ""0000101110110"": 2, ""0000101110111"": 1, ""0000101111000"": 2, ""0000101111010"": 1, ""0000101111110"": 3, ""0000110000000"": 1, ""0000110000010"": 2, ""0000110000011"": 1, ""0000110000100"": 2, ""0000110000101"": 2, ""0000110000110"": 2, ""0000110001001"": 1, ""0000110001010"": 1, ""0000110001011"": 1, ""0000110001100"": 3, ""0000110001110"": 3, ""0000110010001"": 1, ""0000110010010"": 2, ""0000110010100"": 1, ""0000110010101"": 1, ""0000110010110"": 3, ""0000110010111"": 1, ""0000110011000"": 3, ""0000110011010"": 1, ""0000110011100"": 1, ""0000110011101"": 1, ""0000110011110"": 1, ""0000110100000"": 1, ""0000110100010"": 2, ""0000110100011"": 3, ""0000110100110"": 1, ""0000110101010"": 3, ""0000110101110"": 2, ""0000110101111"": 2, ""0000110110011"": 1, ""0000110111000"": 2, ""0000110111010"": 1, ""0000110111011"": 1, ""0000110111100"": 1, ""0000111000000"": 1, ""0000111000110"": 1, ""0000111001000"": 1, ""0000111001100"": 2, ""0000111001111"": 1, ""0000111010001"": 1, ""0000111100001"": 1, ""0000111100100"": 2, ""0000111100110"": 1, ""0000111110100"": 1, ""0001000001000"": 1, ""0001000010000"": 1, ""0001000100000"": 1, ""0001000111010"": 1, ""0001001100100"": 1, ""0001001100111"": 1, ""0001001111011"": 1, ""0001010100010"": 1, ""0001011011000"": 1, ""0010000011001"": 1, ""1111101110101"": 1}"
1 qubit test,0.8385164807134509,1,13,1.0,42,100,100,0.351800926046211,1,0000110011110,0.8960552078509642,0.9140853211573571,0.10075788502422667,0.05753872713751329,1.4219927291874075,7086.328125,5305.039341299998,"{""0000101011000"": 1, ""0000101100101"": 1, ""0000101101111"": 1, ""0000101110000"": 1, ""0000101110011"": 1, ""0000101110111"": 2, ""0000101111010"": 2, ""0000101111100"": 1, ""0000101111110"": 4, ""0000101111111"": 1, ""0000110000000"": 3, ""0000110000010"": 1, ""0000110000100"": 3, ""0000110000110"": 2, ""0000110000111"": 2, ""0000110001010"": 4, ""0000110001011"": 4, ""0000110001100"": 2, ""0000110001110"": 2, ""0000110001111"": 2, ""0000110010001"": 1, ""0000110010010"": 1, ""0000110010110"": 2, ""0000110010111"": 1, ""0000110011000"": 1, ""0000110011001"": 1, ""0000110011010"": 1, ""0000110011011"": 3, ""0000110011100"": 2, ""0000110011110"": 6, ""0000110100000"": 1, ""0000110100001"": 1, ""0000110100101"": 1, ""0000110100110"": 1, ""0000110101000"": 1, ""0000110101010"": 2, ""0000110101011"": 1, ""0000110101101"": 1, ""0000110101111"": 1, ""0000110110000"": 2, ""0000110110010"": 2, ""0000110110100"": 1, ""0000110110110"": 3, ""0000110110111"": 1, ""0000110111000"": 1, ""0000110111001"": 2, ""0000110111100"": 1, ""0000110111110"": 1, ""0000110111111"": 3, ""0000111000010"": 1, ""0000111000100"": 1, ""0000111000101"": 2, ""0000111010010"": 1, ""0000111010110"": 2, ""0000111011000"": 1, ""0000111011110"": 1, ""0000111101010"": 1, ""0000111110111"": 1, ""0001001000110"": 1, ""0001001110000"": 1, ""0001010001011"": 1}"
1 qubit test,0.8385164807134509,1,13,1.0,42,1000,10,0.47314883957009635,1,0001000011100,0.9142632212239935,1.0028527337060722,0.5861968672488054,0.07574674051054264,2.4378087708965053,8231.765625,19478.3779201,"{""0000100101000"": 1, ""0000100101101"": 1, ""0000101011001"": 1, ""0000101101010"": 1, ""0000101111101"": 1, ""0000101111110"": 1, ""0000110000001"": 2, ""0000110000100"": 1, ""0000110000110"": 1, ""0000110001010"": 1, ""0000110001110"": 1, ""0000110010110"": 1, ""0000110011000"": 1, ""0000110011010"": 1, ""0000110011111"": 1, ""0000110100100"": 1, ""0000110100111"": 1, ""0000110101000"": 2, ""0000110101001"": 1, ""0000110101100"": 1, ""0000110101110"": 1, ""0000110110000"": 1, ""0000110110010"": 1, ""0000110110110"": 2, ""0000110111010"": 1, ""0000110111101"": 1, ""0000110111111"": 1, ""0000111000000"": 2, ""0000111000010"": 1, ""0000111000100"": 2, ""0000111000101"": 1, ""0000111000110"": 1, ""0000111001000"": 1, ""0000111001001"": 1, ""0000111001100"": 2, ""0000111001101"": 1, ""0000111001110"": 2, ""0000111010000"": 1, ""0000111010001"": 1, ""0000111010010"": 2, ""0000111010100"": 2, ""0000111010101"": 2, ""0000111010110"": 3, ""0000111011000"": 2, ""0000111011001"": 3, ""0000111011010"": 4, ""0000111011011"": 1, ""0000111011100"": 3, ""0000111011101"": 2, ""0000111011110"": 3, ""0000111100000"": 5, ""0000111100001"": 4, ""0000111100010"": 2, ""0000111100011"": 2, ""0000111100100"": 8, ""0000111100101"": 1, ""0000111100110"": 6, ""0000111100111"": 3, ""0000111101000"": 2, ""0000111101001"": 1, ""0000111101010"": 4, ""0000111101011"": 1, ""0000111101100"": 6, ""0000111101101"": 5, ""0000111101110"": 8, ""0000111101111"": 1, ""0000111110000"": 3, ""0000111110001"": 3, ""0000111110010"": 2, ""0000111110011"": 3, ""0000111110100"": 3, ""0000111110101"": 1, ""0000111110110"": 4, ""0000111110111"": 1, ""0000111111000"": 7, ""0000111111001"": 3, ""0000111111010"": 3, ""0000111111011"": 7, ""0000111111100"": 2, ""0000111111101"": 4, ""0000111111110"": 3, ""0001000000000"": 5, ""0001000000001"": 4, ""0001000000010"": 5, ""0001000000011"": 2, ""0001000000100"": 5, ""0001000000101"": 1, ""0001000000110"": 6, ""0001000000111"": 3, ""0001000001000"": 9, ""0001000001001"": 2, ""0001000001010"": 7, ""0001000001011"": 4, ""0001000001100"": 10, ""0001000001101"": 3, ""0001000001110"": 6, ""0001000001111"": 5, ""0001000010000"": 8, ""0001000010001"": 3, ""0001000010010"": 8, ""0001000010011"": 2, ""0001000010100"": 7, ""0001000010101"": 4, ""0001000010110"": 7, ""0001000010111"": 3, ""0001000011000"": 7, ""0001000011001"": 3, ""0001000011010"": 13, ""0001000011011"": 5, ""0001000011100"": 16, ""0001000011101"": 6, ""0001000011110"": 10, ""0001000011111"": 7, ""0001000100000"": 6, ""0001000100001"": 5, ""0001000100010"": 7, ""0001000100011"": 5, ""0001000100100"": 8, ""0001000100101"": 1, ""0001000100110"": 10, ""0001000100111"": 5, ""0001000101000"": 12, ""0001000101001"": 2, ""0001000101010"": 9, ""0001000101011"": 2, ""0001000101100"": 11, ""0001000101101"": 5, ""0001000101110"": 8, ""0001000101111"": 1, ""0001000110000"": 7, ""0001000110001"": 3, ""0001000110010"": 11, ""0001000110011"": 1, ""0001000110100"": 14, ""0001000110101"": 3, ""0001000110110"": 13, ""0001000110111"": 2, ""0001000111000"": 8, ""0001000111001"": 2, ""0001000111010"": 7, ""0001000111011"": 1, ""0001000111100"": 5, ""0001000111101"": 4, ""0001000111110"": 6, ""0001000111111"": 2, ""0001001000000"": 4, ""0001001000010"": 3, ""0001001000011"": 3, ""0001001000100"": 6, ""0001001000101"": 3, ""0001001000110"": 11, ""0001001000111"": 3, ""0001001001000"": 8, ""0001001001001"": 3, ""0001001001010"": 9, ""0001001001011"": 2, ""0001001001100"": 7, ""0001001001101"": 2, ""0001001001110"": 6, ""0001001001111"": 1, ""0001001010000"": 4, ""0001001010001"": 2, ""0001001010010"": 6, ""0001001010100"": 2, ""0001001010101"": 2, ""0001001010110"": 5, ""0001001010111"": 3, ""0001001011001"": 1, ""0001001011010"": 8, ""0001001011011"": 1, ""0001001011100"": 4, ""0001001011110"": 4, ""0001001011111"": 2, ""0001001100000"": 4, ""0001001100010"": 8, ""0001001100011"": 2, ""0001001100100"": 5, ""0001001100101"": 3, ""0001001100110"": 4, ""0001001101000"": 5, ""0001001101001"": 3, ""0001001101011"": 2, ""0001001101100"": 6, ""0001001101101"": 1, ""0001001101110"": 4, ""0001001101111"": 1, ""0001001110000"": 4, ""0001001110001"": 1, ""0001001110010"": 4, ""0001001110011"": 2, ""0001001110100"": 5, ""0001001110101"": 2, ""0001001110110"": 3, ""0001001111000"": 5, ""0001001111010"": 4, ""0001001111011"": 1, ""0001001111100"": 3, ""0001001111101"": 2, ""0001001111110"": 2, ""0001001111111"": 1, ""0001010000000"": 2, ""0001010000001"": 1, ""0001010000010"": 5, ""0001010000011"": 2, ""0001010000100"": 2, ""0001010000101"": 3, ""0001010000111"": 1, ""0001010001000"": 3, ""0001010001001"": 3, ""0001010001010"": 1, ""0001010001011"": 2, ""0001010001100"": 1, ""0001010001110"": 6, ""0001010010000"": 3, ""0001010010001"": 2, ""0001010010010"": 3, ""0001010010011"": 1, ""0001010010100"": 3, ""0001010010110"": 3, ""0001010010111"": 1, ""0001010011000"": 2, ""0001010011001"": 1, ""0001010011011"": 2, ""0001010011100"": 2, ""0001010011110"": 3, ""0001010011111"": 1, ""0001010100000"": 4, ""0001010100010"": 1, ""0001010100011"": 1, ""0001010100100"": 1, ""0001010100101"": 1, ""0001010100110"": 3, ""0001010101010"": 4, ""0001010101011"": 1, ""0001010101110"": 1, ""0001010101111"": 1, ""0001010110000"": 1, ""0001010110010"": 2, ""0001010110011"": 1, ""0001010110100"": 1, ""0001010110110"": 2, ""0001010111000"": 1, ""0001010111001"": 1, ""0001010111010"": 2, ""0001010111110"": 3, ""0001011000000"": 2, ""0001011000100"": 1, ""0001011000110"": 1, ""0001011000111"": 2, ""0001011001000"": 2, ""0001011001011"": 1, ""0001011001100"": 2, ""0001011001111"": 1, ""0001011010000"": 2, ""0001011010001"": 1, ""0001011010010"": 1, ""0001011010011"": 1, ""0001011010100"": 1, ""0001011011000"": 2, ""0001011011001"": 1, ""0001011011010"": 1, ""0001011011011"": 1, ""0001011011100"": 3, ""0001011011101"": 1, ""0001011011110"": 1, ""0001011011111"": 1, ""0001011100000"": 1, ""0001011100010"": 1, ""0001011100100"": 2, ""0001011100110"": 2, ""0001011101001"": 1, ""0001011101010"": 1, ""0001011101011"": 1, ""0001011101101"": 1, ""0001011101111"": 1, ""0001011110000"": 4, ""0001011110010"": 1, ""0001011110101"": 1, ""0001011110110"": 1, ""0001011111010"": 2, ""0001100000000"": 1, ""0001100000010"": 2, ""0001100001000"": 2, ""0001100001110"": 1, ""0001100010000"": 1, ""0001100010010"": 1, ""0001100010110"": 1, ""0001100010111"": 1, ""0001100011000"": 2, ""0001100011100"": 1, ""0001100011101"": 2, ""0001100011110"": 1, ""0001100100001"": 1, ""0001100100110"": 2, ""0001100101000"": 1, ""0001100110100"": 2, ""0001100110101"": 2, ""0001100111010"": 1, ""0001100111100"": 2, ""0001100111111"": 1, ""0001101000001"": 1, ""0001101000011"": 1, ""0001101000100"": 1, ""0001101000111"": 1, ""0001101001000"": 1, ""0001101001111"": 1, ""0001101010100"": 1, ""0001101010101"": 1, ""0001101010110"": 1, ""0001101011000"": 1, ""0001101100000"": 2, ""0001101101001"": 1, ""0001101101010"": 1, ""0001101110000"": 1, ""0001101110011"": 1, ""0001101111000"": 1, ""0001101111011"": 1, ""0001110000100"": 1, ""0001110000101"": 1, ""0001110001010"": 1, ""0001110010010"": 2, ""0001110010101"": 1, ""0001110010110"": 1, ""0001110011110"": 2, ""0001110101001"": 1, ""0001110101110"": 1, ""0001110110010"": 1, ""0001111010010"": 1, ""0001111010101"": 1, ""0001111010110"": 1, ""0001111101100"": 1, ""0010000000010"": 2, ""0010000001010"": 1, ""0010000111000"": 1, ""0010000111001"": 1, ""0010001000010"": 1, ""0010001000100"": 1, ""0010001010010"": 1, ""0010001011000"": 1, ""0010001011110"": 1, ""0010001111011"": 1, ""0010010011101"": 1, ""0010010110010"": 1, ""0010010111010"": 1, ""0010011000110"": 1, ""0010011100100"": 1, ""0010100100000"": 1, ""0010100100001"": 1, ""0010100101001"": 1, ""0010100110010"": 1, ""0010111100110"": 1, ""0011000001100"": 1, ""0011000101010"": 1, ""0011001111100"": 1, ""0011010100100"": 1, ""0011011111001"": 1, ""0011100000000"": 1, ""0011111010111"": 1, ""0100000000001"": 1, ""0100100011001"": 1, ""0101000011000"": 1, ""0101000011111"": 1, ""0101001100010"": 1, ""0101010011110"": 1, ""0101011101110"": 1, ""0110011101100"": 1, ""0111001000000"": 1, ""0111001010101"": 1, ""0111010010110"": 1, ""1000000110001"": 1, ""1010011010000"": 1, ""1011101100110"": 1, ""1111010001110"": 1}"
1 qubit test,0.8385164807134509,1,13,1.0,42,1000,1,0.351800926046211,1,0000110010010,0.8459109991391097,0.8392178373675703,1.4860382540291321,0.007394518425658858,1.4219927291874075,7895.984375,16170.162335400004,"{""0000000000111"": 1, ""0000000001100"": 2, ""0000000001101"": 1, ""0000000010010"": 1, ""0000000010101"": 1, ""0000000010110"": 1, ""0000000010111"": 1, ""0000000011000"": 1, ""0000000100001"": 1, ""0000000100010"": 1, ""0000000101110"": 1, ""0000000101111"": 1, ""0000000110000"": 1, ""0000000111000"": 2, ""0000000111010"": 2, ""0000001001001"": 1, ""0000001001110"": 1, ""0000001010010"": 1, ""0000001010110"": 1, ""0000001011100"": 1, ""0000001100001"": 1, ""0000001100010"": 1, ""0000001110000"": 2, ""0000001110110"": 1, ""0000001110111"": 2, ""0000001111000"": 1, ""0000001111100"": 1, ""0000001111101"": 1, ""0000001111110"": 1, ""0000010000000"": 1, ""0000010000101"": 1, ""0000010001000"": 1, ""0000010001010"": 2, ""0000010001101"": 1, ""0000010010010"": 1, ""0000010010011"": 1, ""0000010010111"": 3, ""0000010011000"": 1, ""0000010011010"": 1, ""0000010011110"": 1, ""0000010100001"": 1, ""0000010100101"": 1, ""0000010100110"": 1, ""0000010101001"": 2, ""0000010101010"": 2, ""0000010101100"": 2, ""0000010101110"": 1, ""0000010110010"": 2, ""0000010110100"": 1, ""0000010110110"": 1, ""0000010111111"": 2, ""0000011000000"": 1, ""0000011000010"": 1, ""0000011000101"": 1, ""0000011000111"": 1, ""0000011001001"": 1, ""0000011001100"": 1, ""0000011001101"": 1, ""0000011001110"": 1, ""0000011001111"": 1, ""0000011010000"": 2, ""0000011010011"": 1, ""0000011010100"": 2, ""0000011010101"": 2, ""0000011010110"": 1, ""0000011011000"": 1, ""0000011011010"": 1, ""0000011011101"": 1, ""0000011011111"": 1, ""0000011100000"": 2, ""0000011100001"": 1, ""0000011100010"": 2, ""0000011100011"": 1, ""0000011100101"": 2, ""0000011100110"": 1, ""0000011101100"": 1, ""0000011101110"": 3, ""0000011110000"": 1, ""0000011110001"": 2, ""0000011110010"": 2, ""0000011110100"": 1, ""0000011111101"": 1, ""0000011111111"": 1, ""0000100000010"": 2, ""0000100000100"": 1, ""0000100000101"": 1, ""0000100000110"": 1, ""0000100000111"": 1, ""0000100001001"": 2, ""0000100001011"": 1, ""0000100001101"": 1, ""0000100001110"": 2, ""0000100001111"": 1, ""0000100010000"": 2, ""0000100010001"": 2, ""0000100010011"": 3, ""0000100010110"": 1, ""0000100010111"": 1, ""0000100011001"": 2, ""0000100011010"": 1, ""0000100011011"": 2, ""0000100011101"": 1, ""0000100011110"": 2, ""0000100011111"": 1, ""0000100100001"": 1, ""0000100100010"": 2, ""0000100100011"": 1, ""0000100100100"": 3, ""0000100100101"": 3, ""0000100100110"": 1, ""0000100100111"": 2, ""0000100101000"": 2, ""0000100101001"": 2, ""0000100101100"": 2, ""0000100101101"": 2, ""0000100101111"": 2, ""0000100110000"": 1, ""0000100110011"": 1, ""0000100110100"": 3, ""0000100110101"": 1, ""0000100110111"": 1, ""0000100111000"": 2, ""0000100111001"": 1, ""0000100111010"": 1, ""0000100111011"": 1, ""0000100111100"": 1, ""0000100111101"": 2, ""0000100111110"": 1, ""0000100111111"": 3, ""0000101000000"": 2, ""0000101000001"": 3, ""0000101000010"": 1, ""0000101000011"": 3, ""0000101000101"": 4, ""0000101000110"": 1, ""0000101000111"": 2, ""0000101001001"": 1, ""0000101001010"": 1, ""0000101001011"": 1, ""0000101001100"": 1, ""0000101001101"": 1, ""0000101001110"": 3, ""0000101001111"": 1, ""0000101010000"": 4, ""0000101010001"": 4, ""0000101010010"": 3, ""0000101010011"": 2, ""0000101010100"": 2, ""0000101010101"": 1, ""0000101010110"": 1, ""0000101010111"": 3, ""0000101011000"": 5, ""0000101011001"": 2, ""0000101011010"": 1, ""0000101011011"": 2, ""0000101011100"": 1, ""0000101011101"": 3, ""0000101011110"": 8, ""0000101011111"": 3, ""0000101100000"": 5, ""0000101100001"": 4, ""0000101100010"": 1, ""0000101100011"": 4, ""0000101100100"": 2, ""0000101100101"": 1, ""0000101100110"": 3, ""0000101100111"": 3, ""0000101101000"": 3, ""0000101101001"": 3, ""0000101101010"": 2, ""0000101101011"": 3, ""0000101101100"": 2, ""0000101101101"": 4, ""0000101101110"": 5, ""0000101101111"": 1, ""0000101110000"": 2, ""0000101110001"": 1, ""0000101110010"": 5, ""0000101110011"": 7, ""0000101110100"": 7, ""0000101110101"": 3, ""0000101110110"": 5, ""0000101110111"": 6, ""0000101111000"": 5, ""0000101111001"": 4, ""0000101111010"": 5, ""0000101111011"": 5, ""0000101111100"": 7, ""0000101111101"": 10, ""0000101111110"": 7, ""0000101111111"": 2, ""0000110000000"": 6, ""0000110000001"": 1, ""0000110000010"": 9, ""0000110000011"": 6, ""0000110000100"": 11, ""0000110000101"": 1, ""0000110000110"": 7, ""0000110000111"": 5, ""0000110001000"": 10, ""0000110001001"": 4, ""0000110001010"": 8, ""0000110001011"": 10, ""0000110001100"": 6, ""0000110001101"": 7, ""0000110001110"": 1, ""0000110001111"": 6, ""0000110010000"": 3, ""0000110010001"": 6, ""0000110010010"": 11, ""0000110010011"": 4, ""0000110010100"": 1, ""0000110010101"": 1, ""0000110010110"": 6, ""0000110010111"": 1, ""0000110011000"": 8, ""0000110011001"": 5, ""0000110011010"": 7, ""0000110011011"": 10, ""0000110011100"": 2, ""0000110011101"": 4, ""0000110011110"": 5, ""0000110011111"": 5, ""0000110100000"": 1, ""0000110100001"": 3, ""0000110100010"": 2, ""0000110100011"": 1, ""0000110100100"": 4, ""0000110100101"": 1, ""0000110100110"": 1, ""0000110100111"": 5, ""0000110101000"": 4, ""0000110101001"": 2, ""0000110101010"": 1, ""0000110101011"": 4, ""0000110101101"": 2, ""0000110101110"": 2, ""0000110101111"": 4, ""0000110110000"": 4, ""0000110110001"": 7, ""0000110110010"": 2, ""0000110110011"": 3, ""0000110110101"": 1, ""0000110110110"": 2, ""0000110110111"": 2, ""0000110111001"": 2, ""0000110111010"": 4, ""0000110111101"": 6, ""0000110111110"": 5, ""0000111000000"": 2, ""0000111000001"": 3, ""0000111000010"": 4, ""0000111000011"": 1, ""0000111000100"": 3, ""0000111000101"": 2, ""0000111000110"": 2, ""0000111000111"": 2, ""0000111001001"": 3, ""0000111001010"": 2, ""0000111001100"": 3, ""0000111001101"": 1, ""0000111001111"": 1, ""0000111010000"": 3, ""0000111010001"": 1, ""0000111010010"": 3, ""0000111010011"": 2, ""0000111010100"": 2, ""0000111010101"": 2, ""0000111010110"": 2, ""0000111010111"": 1, ""0000111011000"": 2, ""0000111011001"": 1, ""0000111011100"": 3, ""0000111011101"": 1, ""0000111011110"": 1, ""0000111100010"": 1, ""0000111100011"": 1, ""0000111100100"": 1, ""0000111100111"": 1, ""0000111101000"": 1, ""0000111101010"": 3, ""0000111101100"": 2, ""0000111101111"": 1, ""0000111110000"": 1, ""0000111110001"": 2, ""0000111110101"": 1, ""0000111110110"": 1, ""0000111111000"": 1, ""0000111111100"": 3, ""0000111111101"": 1, ""0000111111110"": 1, ""0001000000000"": 1, ""0001000000010"": 1, ""0001000000101"": 1, ""0001000000110"": 1, ""0001000001010"": 1, ""0001000001100"": 1, ""0001000001101"": 1, ""0001000010000"": 2, ""0001000010001"": 2, ""0001000010011"": 1, ""0001000010100"": 1, ""0001000010101"": 1, ""0001000010110"": 1, ""0001000011000"": 1, ""0001000011001"": 2, ""0001000011011"": 1, ""0001000011110"": 2, ""0001000100000"": 1, ""0001000100001"": 1, ""0001000100111"": 1, ""0001000101010"": 2, ""0001000101011"": 1, ""0001000101100"": 2, ""0001000101111"": 1, ""0001000110010"": 1, ""0001000110011"": 2, ""0001000110101"": 3, ""0001000110110"": 1, ""0001000110111"": 2, ""0001000111001"": 1, ""0001000111010"": 1, ""0001000111111"": 1, ""0001001000110"": 1, ""0001001000111"": 3, ""0001001001001"": 1, ""0001001001011"": 1, ""0001001001111"": 1, ""0001001010001"": 1, ""0001001010111"": 2, ""0001001011000"": 1, ""0001001011010"": 1, ""0001001011100"": 1, ""0001001011111"": 1, ""0001001100001"": 1, ""0001001100010"": 1, ""0001001100110"": 1, ""0001001101000"": 1, ""0001001101010"": 1, ""0001001101100"": 1, ""0001001110010"": 2, ""0001001111100"": 1, ""0001001111101"": 1, ""0001001111110"": 1, ""0001010000001"": 1, ""0001010001010"": 1, ""0001010001011"": 1, ""0001010001101"": 1, ""0001010010001"": 1, ""0001010011011"": 1, ""0001010011100"": 1, ""0001010011101"": 1, ""0001010011110"": 1, ""0001010100011"": 1, ""0001010100100"": 1, ""0001010100101"": 1, ""0001010100110"": 1, ""0001010101001"": 1, ""0001010101100"": 1, ""0001010110001"": 1, ""0001010110010"": 1, ""0001010110101"": 1, ""0001011000001"": 1, ""0001011000111"": 1, ""0001011001011"": 2, ""0001011100010"": 1, ""0001011100101"": 1, ""0001011101010"": 1, ""0001011101101"": 1, ""0001011110101"": 1, ""0001011110111"": 1, ""0001011111110"": 1, ""0001100000111"": 1, ""0001100001001"": 1, ""0001100010101"": 1, ""0001100011100"": 1, ""0001100101100"": 1, ""0001101000000"": 1, ""0001101000110"": 1, ""0001101010000"": 1, ""0001101010110"": 1, ""0001101101001"": 1, ""0001101101101"": 1, ""0001101110001"": 1, ""0001101110100"": 1, ""0001101111100"": 1, ""0001110000001"": 1, ""0001110000101"": 1, ""0001110001001"": 1, ""0001110010101"": 2, ""0001110010111"": 1, ""0001110011010"": 1, ""0001110011110"": 1, ""0001110101011"": 1, ""0001110101100"": 1, ""0001110101101"": 1, ""0001110101111"": 1, ""0001111001000"": 1, ""0001111001001"": 1, ""0001111010101"": 1, ""0001111011000"": 1, ""0001111011111"": 1, ""0001111100100"": 1, ""0001111101010"": 1, ""0001111101101"": 2, ""0001111110000"": 1, ""0001111110101"": 1, ""0010000001110"": 1, ""0010000010101"": 2, ""0010000011111"": 1, ""0010000100010"": 1, ""0010000101100"": 1, ""0010001001101"": 1, ""0010010000101"": 1, ""0010011000011"": 1, ""0010011000101"": 1, ""0010011011001"": 1, ""0010100000110"": 1, ""0010100010010"": 1, ""0010100111111"": 1, ""0010101001111"": 1, ""0010101011011"": 1, ""0010101011110"": 1, ""0010110001011"": 1, ""0010110001111"": 1, ""0010110101100"": 1, ""0010111000100"": 1, ""0011000010000"": 1, ""0011000100110"": 1, ""0011001011111"": 1, ""0011001101101"": 1, ""0011010000000"": 1, ""0011010100101"": 1, ""0011010111001"": 1, ""0011011100110"": 1, ""0011011110100"": 1, ""0011100011000"": 1, ""0011100100010"": 1, ""0011100111101"": 1, ""0011101001101"": 1, ""0011101010101"": 1, ""0011101010111"": 1, ""0011101110011"": 1, ""0011101111001"": 1, ""0011110011001"": 1, ""0011110110110"": 1, ""0011111100011"": 1, ""0100000001001"": 1, ""0100000101101"": 1, ""0100000110110"": 1, ""0100001011111"": 1, ""0100010000000"": 1, ""0100011100001"": 1, ""0100101010100"": 1, ""0100101101001"": 1, ""0100101101111"": 1, ""0100110001111"": 1, ""0100111001111"": 1, ""0101001011000"": 1, ""0101010010100"": 1, ""0101011011100"": 1, ""0110001010000"": 1, ""0110101011100"": 1, ""0110101101100"": 1, ""0110110011101"": 1, ""0110110110011"": 1, ""0111001101011"": 1, ""0111101000010"": 1, ""0111110111000"": 1, ""0111111111100"": 1, ""1000001111000"": 1, ""1000111000010"": 1, ""1001001010111"": 1, ""1001100100111"": 1, ""1001110101101"": 1, ""1001111001000"": 1, ""1011010000001"": 1, ""1011010101101"": 1, ""1011110000000"": 1, ""1011110000101"": 1, ""1011110110110"": 1, ""1011111000000"": 1, ""1011111100101"": 1, ""1100000011100"": 1, ""1100000100000"": 1, ""1100000111111"": 1, ""1100011010000"": 1, ""1100100101011"": 1, ""1100101110111"": 1, ""1100110101100"": 1, ""1101010001101"": 1, ""1101010110111"": 1, ""1101010111011"": 1, ""1101011111001"": 1, ""1101100100010"": 1, ""1101110011001"": 1, ""1101110100011"": 1, ""1101110100100"": 1, ""1101110101011"": 1, ""1101111010000"": 1, ""1110000100011"": 1, ""1110000111000"": 1, ""1110001011010"": 1, ""1110001100000"": 1, ""1110010111111"": 1, ""1110100000010"": 1, ""1110100000110"": 1, ""1110100100100"": 1, ""1110101000000"": 1, ""1110101001010"": 1, ""1110101100100"": 1, ""1110101110110"": 1, ""1110101111000"": 1, ""1110111010011"": 1, ""1110111111010"": 1, ""1111000101100"": 1, ""1111001001111"": 1, ""1111010000111"": 1, ""1111010001101"": 1, ""1111010010000"": 1, ""1111010100101"": 1, ""1111010101111"": 1, ""1111010111001"": 1, ""1111011011010"": 1, ""1111011101110"": 1, ""1111011110100"": 1, ""1111011110111"": 1, ""1111011111110"": 1, ""1111100100011"": 1, ""1111100101001"": 1, ""1111100101010"": 1, ""1111100110110"": 1, ""1111100111110"": 1, ""1111101000010"": 1, ""1111101001110"": 1, ""1111101010111"": 1, ""1111101011011"": 1, ""1111101011101"": 1, ""1111101101100"": 1, ""1111101101110"": 1, ""1111101110100"": 1, ""1111101111000"": 1, ""1111110010001"": 1, ""1111110010010"": 1, ""1111110010100"": 1, ""1111110011010"": 1, ""1111110011101"": 2, ""1111110100100"": 1, ""1111110100101"": 1, ""1111110100111"": 1, ""1111110101001"": 1, ""1111110101011"": 1, ""1111110101100"": 2, ""1111110110100"": 1, ""1111110110110"": 1, ""1111111000011"": 1, ""1111111001001"": 1, ""1111111001011"": 1, ""1111111001101"": 1, ""1111111010000"": 1, ""1111111010101"": 1, ""1111111011011"": 1, ""1111111011110"": 2, ""1111111100000"": 1, ""1111111101011"": 1, ""1111111110100"": 1, ""1111111110111"": 1}"
1 qubit test,0.8385164807134509,1,13,1.0,42,1000,10,0.351800926046211,1,0000110001010,0.8895146588885483,0.948754591024135,0.6452587094039525,0.05099817817509744,1.4219927291874075,8429.984375,16351.780088600004,"{""0000100000110"": 1, ""0000100011011"": 1, ""0000100011111"": 1, ""0000100100000"": 1, ""0000100100001"": 1, ""0000100100010"": 1, ""0000100100011"": 1, ""0000100100100"": 1, ""0000100101010"": 1, ""0000100101011"": 1, ""0000100101100"": 1, ""0000100110000"": 3, ""0000100110110"": 2, ""0000100110111"": 1, ""0000100111000"": 2, ""0000100111100"": 1, ""0000100111110"": 2, ""0000100111111"": 1, ""0000101000000"": 1, ""0000101000010"": 1, ""0000101000100"": 1, ""0000101000110"": 1, ""0000101000111"": 1, ""0000101001000"": 2, ""0000101001010"": 1, ""0000101001011"": 1, ""0000101010000"": 2, ""0000101010010"": 1, ""0000101010011"": 1, ""0000101010100"": 3, ""0000101010101"": 2, ""0000101010110"": 3, ""0000101011000"": 2, ""0000101011001"": 1, ""0000101011010"": 1, ""0000101011011"": 1, ""0000101011100"": 5, ""0000101011101"": 1, ""0000101011110"": 6, ""0000101100000"": 3, ""0000101100001"": 2, ""0000101100010"": 6, ""0000101100011"": 3, ""0000101100100"": 8, ""0000101100101"": 1, ""0000101100110"": 2, ""0000101100111"": 3, ""0000101101000"": 7, ""0000101101001"": 1, ""0000101101010"": 5, ""0000101101011"": 2, ""0000101101100"": 5, ""0000101101101"": 3, ""0000101101110"": 6, ""0000101101111"": 3, ""0000101110000"": 8, ""0000101110001"": 3, ""0000101110010"": 6, ""0000101110011"": 2, ""0000101110100"": 8, ""0000101110101"": 2, ""0000101110110"": 11, ""0000101110111"": 5, ""0000101111000"": 10, ""0000101111001"": 7, ""0000101111010"": 14, ""0000101111011"": 5, ""0000101111100"": 11, ""0000101111101"": 5, ""0000101111110"": 11, ""0000101111111"": 10, ""0000110000000"": 13, ""0000110000001"": 3, ""0000110000010"": 14, ""0000110000011"": 7, ""0000110000100"": 14, ""0000110000101"": 10, ""0000110000110"": 20, ""0000110000111"": 8, ""0000110001000"": 12, ""0000110001001"": 4, ""0000110001010"": 21, ""0000110001011"": 4, ""0000110001100"": 13, ""0000110001101"": 7, ""0000110001110"": 21, ""0000110001111"": 5, ""0000110010000"": 18, ""0000110010001"": 6, ""0000110010010"": 13, ""0000110010011"": 6, ""0000110010100"": 15, ""0000110010101"": 4, ""0000110010110"": 12, ""0000110010111"": 6, ""0000110011000"": 15, ""0000110011001"": 4, ""0000110011010"": 12, ""0000110011011"": 4, ""0000110011100"": 10, ""0000110011101"": 8, ""0000110011110"": 9, ""0000110011111"": 7, ""0000110100000"": 6, ""0000110100001"": 6, ""0000110100010"": 9, ""0000110100100"": 16, ""0000110100101"": 2, ""0000110100110"": 9, ""0000110100111"": 2, ""0000110101000"": 11, ""0000110101001"": 1, ""0000110101010"": 11, ""0000110101011"": 7, ""0000110101100"": 14, ""0000110101101"": 1, ""0000110101110"": 9, ""0000110101111"": 3, ""0000110110000"": 8, ""0000110110001"": 5, ""0000110110010"": 5, ""0000110110011"": 1, ""0000110110100"": 12, ""0000110110101"": 5, ""0000110110110"": 9, ""0000110110111"": 1, ""0000110111000"": 3, ""0000110111001"": 2, ""0000110111010"": 5, ""0000110111011"": 3, ""0000110111100"": 4, ""0000110111101"": 5, ""0000110111110"": 3, ""0000110111111"": 3, ""0000111000000"": 7, ""0000111000010"": 3, ""0000111000011"": 1, ""0000111000100"": 2, ""0000111000101"": 2, ""0000111000110"": 4, ""0000111000111"": 1, ""0000111001000"": 5, ""0000111001001"": 1, ""0000111001010"": 10, ""0000111001011"": 3, ""0000111001100"": 3, ""0000111001101"": 1, ""0000111001110"": 4, ""0000111001111"": 3, ""0000111010000"": 6, ""0000111010001"": 3, ""0000111010010"": 4, ""0000111010011"": 1, ""0000111010100"": 4, ""0000111010101"": 1, ""0000111010110"": 3, ""0000111011000"": 8, ""0000111011001"": 1, ""0000111011010"": 2, ""0000111011011"": 1, ""0000111011100"": 2, ""0000111011101"": 3, ""0000111011110"": 3, ""0000111100000"": 1, ""0000111100001"": 1, ""0000111100010"": 2, ""0000111100011"": 2, ""0000111100100"": 1, ""0000111100110"": 3, ""0000111101000"": 3, ""0000111101010"": 1, ""0000111101100"": 2, ""0000111101110"": 1, ""0000111101111"": 1, ""0000111110000"": 1, ""0000111110001"": 3, ""0000111110010"": 3, ""0000111110110"": 5, ""0000111111010"": 1, ""0000111111011"": 1, ""0000111111100"": 1, ""0000111111101"": 1, ""0000111111110"": 2, ""0001000000000"": 3, ""0001000000011"": 1, ""0001000000100"": 2, ""0001000000110"": 3, ""0001000000111"": 1, ""0001000001000"": 2, ""0001000001010"": 1, ""0001000001100"": 1, ""0001000001101"": 1, ""0001000010000"": 2, ""0001000010010"": 2, ""0001000010100"": 1, ""0001000010110"": 1, ""0001000011000"": 2, ""0001000011001"": 1, ""0001000011010"": 1, ""0001000011011"": 1, ""0001000011110"": 2, ""0001000100010"": 1, ""0001000100100"": 1, ""0001000101000"": 2, ""0001000101010"": 1, ""0001000101100"": 1, ""0001000101101"": 1, ""0001000110000"": 1, ""0001000111000"": 1, ""0001000111101"": 1, ""0001001000010"": 2, ""0001001000100"": 1, ""0001001001000"": 2, ""0001001001010"": 2, ""0001001001101"": 1, ""0001001001110"": 1, ""0001001010000"": 3, ""0001001010010"": 3, ""0001001010111"": 1, ""0001001011101"": 1, ""0001001011110"": 2, ""0001001100101"": 1, ""0001001101001"": 1, ""0001001101111"": 1, ""0001001110001"": 1, ""0001001110100"": 1, ""0001001110101"": 1, ""0001001111110"": 1, ""0001010000100"": 1, ""0001010000111"": 1, ""0001010001001"": 1, ""0001010001010"": 1, ""0001010001011"": 1, ""0001010001111"": 1, ""0001010010000"": 1, ""0001010010010"": 1, ""0001010010011"": 1, ""0001010010101"": 1, ""0001010011010"": 1, ""0001010100000"": 2, ""0001010100010"": 1, ""0001010101010"": 1, ""0001010101110"": 1, ""0001010110000"": 1, ""0001010111011"": 1, ""0001011000000"": 1, ""0001011000010"": 1, ""0001011000011"": 1, ""0001011000101"": 1, ""0001011001010"": 1, ""0001011001100"": 1, ""0001011010110"": 1, ""0001011011001"": 1, ""0001011110110"": 1, ""0001011111101"": 1, ""0001100000010"": 1, ""0001100100100"": 1, ""0001100100110"": 1, ""0001100101000"": 1, ""0001100101010"": 1, ""0001100101100"": 1, ""0001100111110"": 1, ""0001101000111"": 1, ""0001101001100"": 1, ""0001101011010"": 1, ""0001101100000"": 1, ""0001101111000"": 1, ""0001110000010"": 1, ""0001110010100"": 1, ""0001110011101"": 1, ""0001110101000"": 1, ""0001111000100"": 1, ""0001111110010"": 1, ""0010000000100"": 1, ""0010000010000"": 1, ""0010000111000"": 1, ""0010001110011"": 1, ""0010011010010"": 1, ""0010100111100"": 1, ""0010110011110"": 1, ""0011011001111"": 1, ""0100011000001"": 1, ""0100011011000"": 1, ""0100110001100"": 1, ""0101011000010"": 1, ""0110011000000"": 1, ""1000100110010"": 1, ""1001101110100"": 1, ""1001110011000"": 1, ""1100011100100"": 1}"
1 qubit test,0.8385164807134509,1,13,1.0,42,1000,100,0.543209090108711,1,0001001111110,0.9290707545291184,0.9806779522161087,0.23169304972284094,0.0905542738156675,3.219752174868065,8464.9296875,52548.2895827,"{""0000110000000"": 1, ""0000110111101"": 1, ""0000111010110"": 1, ""0000111011010"": 1, ""0000111011110"": 1, ""0000111111011"": 1, ""0001000001100"": 1, ""0001000001110"": 1, ""0001000001111"": 3, ""0001000010000"": 3, ""0001000010010"": 1, ""0001000010011"": 1, ""0001000010100"": 1, ""0001000010110"": 1, ""0001000011000"": 2, ""0001000011010"": 2, ""0001000011111"": 1, ""0001000100010"": 1, ""0001000100100"": 1, ""0001000101011"": 1, ""0001000101100"": 2, ""0001000101101"": 1, ""0001000101110"": 4, ""0001000110000"": 1, ""0001000110001"": 2, ""0001000110010"": 4, ""0001000110100"": 1, ""0001000110101"": 1, ""0001000110110"": 2, ""0001000111000"": 3, ""0001000111001"": 1, ""0001000111010"": 3, ""0001000111011"": 1, ""0001000111100"": 4, ""0001000111101"": 3, ""0001000111110"": 7, ""0001000111111"": 4, ""0001001000000"": 3, ""0001001000010"": 3, ""0001001000011"": 1, ""0001001000100"": 2, ""0001001000101"": 2, ""0001001000110"": 1, ""0001001000111"": 2, ""0001001001000"": 2, ""0001001001001"": 2, ""0001001001010"": 3, ""0001001001011"": 5, ""0001001001100"": 4, ""0001001001101"": 1, ""0001001001110"": 3, ""0001001010000"": 8, ""0001001010001"": 2, ""0001001010010"": 7, ""0001001010100"": 5, ""0001001010101"": 4, ""0001001010110"": 8, ""0001001010111"": 2, ""0001001011000"": 7, ""0001001011001"": 3, ""0001001011010"": 4, ""0001001011011"": 2, ""0001001011100"": 3, ""0001001011101"": 3, ""0001001011110"": 5, ""0001001011111"": 5, ""0001001100000"": 12, ""0001001100001"": 3, ""0001001100010"": 6, ""0001001100011"": 6, ""0001001100100"": 11, ""0001001100101"": 5, ""0001001100110"": 11, ""0001001100111"": 5, ""0001001101000"": 11, ""0001001101001"": 2, ""0001001101010"": 9, ""0001001101011"": 2, ""0001001101100"": 5, ""0001001101101"": 3, ""0001001101110"": 12, ""0001001101111"": 1, ""0001001110000"": 11, ""0001001110001"": 4, ""0001001110010"": 10, ""0001001110011"": 6, ""0001001110100"": 7, ""0001001110101"": 2, ""0001001110110"": 7, ""0001001110111"": 4, ""0001001111000"": 7, ""0001001111001"": 5, ""0001001111010"": 14, ""0001001111011"": 5, ""0001001111100"": 6, ""0001001111101"": 3, ""0001001111110"": 14, ""0001001111111"": 8, ""0001010000000"": 9, ""0001010000001"": 4, ""0001010000010"": 10, ""0001010000011"": 4, ""0001010000100"": 10, ""0001010000101"": 6, ""0001010000110"": 7, ""0001010000111"": 3, ""0001010001000"": 11, ""0001010001001"": 1, ""0001010001010"": 6, ""0001010001011"": 2, ""0001010001100"": 9, ""0001010001101"": 7, ""0001010001110"": 5, ""0001010001111"": 1, ""0001010010000"": 9, ""0001010010001"": 4, ""0001010010010"": 10, ""0001010010011"": 2, ""0001010010100"": 9, ""0001010010101"": 4, ""0001010010110"": 9, ""0001010011000"": 13, ""0001010011001"": 1, ""0001010011010"": 4, ""0001010011011"": 5, ""0001010011100"": 2, ""0001010011101"": 4, ""0001010011110"": 9, ""0001010011111"": 3, ""0001010100000"": 9, ""0001010100001"": 2, ""0001010100010"": 7, ""0001010100011"": 4, ""0001010100100"": 2, ""0001010100101"": 5, ""0001010100110"": 9, ""0001010100111"": 3, ""0001010101000"": 5, ""0001010101001"": 3, ""0001010101010"": 8, ""0001010101011"": 3, ""0001010101100"": 2, ""0001010101101"": 3, ""0001010101110"": 2, ""0001010101111"": 2, ""0001010110000"": 4, ""0001010110001"": 5, ""0001010110010"": 4, ""0001010110011"": 2, ""0001010110100"": 5, ""0001010110101"": 3, ""0001010110110"": 5, ""0001010111000"": 3, ""0001010111001"": 1, ""0001010111010"": 10, ""0001010111011"": 3, ""0001010111100"": 5, ""0001010111101"": 1, ""0001010111110"": 2, ""0001010111111"": 3, ""0001011000000"": 7, ""0001011000001"": 2, ""0001011000010"": 6, ""0001011000011"": 1, ""0001011000100"": 3, ""0001011000101"": 4, ""0001011000110"": 5, ""0001011000111"": 3, ""0001011001000"": 3, ""0001011001001"": 1, ""0001011001010"": 5, ""0001011001011"": 1, ""0001011001100"": 1, ""0001011001101"": 1, ""0001011001110"": 5, ""0001011001111"": 2, ""0001011010000"": 3, ""0001011010001"": 1, ""0001011010010"": 4, ""0001011010011"": 1, ""0001011010100"": 2, ""0001011010110"": 4, ""0001011010111"": 2, ""0001011011000"": 8, ""0001011011010"": 7, ""0001011011011"": 1, ""0001011011100"": 3, ""0001011011101"": 1, ""0001011011110"": 7, ""0001011011111"": 3, ""0001011100000"": 4, ""0001011100001"": 2, ""0001011100010"": 9, ""0001011100011"": 2, ""0001011100100"": 1, ""0001011100101"": 1, ""0001011100110"": 3, ""0001011100111"": 1, ""0001011101001"": 1, ""0001011101010"": 2, ""0001011101100"": 2, ""0001011101101"": 1, ""0001011101110"": 1, ""0001011110001"": 1, ""0001011110010"": 1, ""0001011110011"": 1, ""0001011110100"": 4, ""0001011110110"": 3, ""0001011110111"": 1, ""0001011111000"": 1, ""0001011111001"": 1, ""0001011111010"": 1, ""0001011111100"": 2, ""0001011111110"": 3, ""0001100000001"": 1, ""0001100000010"": 3, ""0001100001000"": 1, ""0001100001010"": 5, ""0001100001011"": 1, ""0001100001100"": 2, ""0001100001101"": 3, ""0001100001110"": 1, ""0001100001111"": 1, ""0001100010000"": 3, ""0001100010001"": 2, ""0001100010010"": 1, ""0001100010100"": 2, ""0001100010101"": 1, ""0001100010110"": 1, ""0001100011000"": 3, ""0001100011011"": 1, ""0001100011100"": 1, ""0001100011110"": 1, ""0001100100000"": 3, ""0001100100010"": 1, ""0001100100110"": 1, ""0001100100111"": 1, ""0001100101000"": 2, ""0001100101100"": 1, ""0001100101101"": 1, ""0001100101110"": 1, ""0001100101111"": 1, ""0001100110000"": 2, ""0001100110010"": 1, ""0001100110100"": 1, ""0001100110101"": 2, ""0001100110110"": 2, ""0001100111000"": 1, ""0001100111010"": 2, ""0001100111100"": 3, ""0001100111110"": 2, ""0001101000100"": 2, ""0001101000101"": 1, ""0001101001100"": 1, ""0001101001101"": 1, ""0001101001110"": 1, ""0001101010000"": 2, ""0001101010100"": 1, ""0001101011010"": 2, ""0001101011011"": 1, ""0001101011100"": 2, ""0001101011110"": 1, ""0001101011111"": 1, ""0001101100010"": 3, ""0001101100101"": 1, ""0001101100111"": 2, ""0001101101000"": 1, ""0001101101001"": 1, ""0001101101100"": 1, ""0001101101101"": 1, ""0001101101110"": 1, ""0001101110010"": 1, ""0001101110100"": 1, ""0001101110110"": 1, ""0001101111000"": 1, ""0001101111011"": 1, ""0001101111101"": 1, ""0001110000010"": 4, ""0001110000100"": 2, ""0001110000101"": 1, ""0001110000111"": 1, ""0001110001110"": 1, ""0001110001111"": 1, ""0001110010011"": 1, ""0001110011010"": 2, ""0001110011101"": 1, ""0001110100010"": 2, ""0001110100100"": 1, ""0001110100110"": 1, ""0001110101001"": 1, ""0001110110100"": 1, ""0001110110110"": 2, ""0001110111101"": 2, ""0001111000000"": 2, ""0001111000101"": 1, ""0001111001110"": 1, ""0001111010001"": 1, ""0001111010010"": 1, ""0001111011000"": 1, ""0001111011110"": 1, ""0001111100011"": 1, ""0001111100100"": 1, ""0001111100110"": 1, ""0001111101000"": 1, ""0001111101011"": 1, ""0001111111111"": 1, ""0010000000110"": 1, ""0010000001010"": 1, ""0010000010110"": 1, ""0010000100011"": 1, ""0010000101100"": 1, ""0010000110101"": 1, ""0010000111000"": 2, ""0010001110010"": 1, ""0010010000001"": 1, ""0010011000110"": 1, ""0010110011101"": 1, ""0010110100101"": 1, ""0010110101000"": 1, ""0010110111000"": 1, ""0010111010000"": 1, ""0010111100000"": 1, ""0010111100110"": 1, ""0011001100000"": 1, ""0011001101110"": 1, ""0011011110110"": 1, ""0011101010000"": 1, ""0011101100001"": 1, ""0110011101010"": 1}"
1 qubit test,0.8385164807134509,1,13,1.0,42,100,1,0.21168042496898168,1,0000011101101,0.8333684639602288,0.6894131201639686,2.414169742528001,0.005148016753222073,0.6465081073235167,7581.43359375,1322.7454438999994,"{""0000000101010"": 1, ""0000001000011"": 1, ""0000001100011"": 1, ""0000001100101"": 1, ""0000001100111"": 1, ""0000001101100"": 1, ""0000010011011"": 1, ""0000010011111"": 1, ""0000010100100"": 1, ""0000010101100"": 2, ""0000010110010"": 1, ""0000010110110"": 1, ""0000010111010"": 1, ""0000010111110"": 1, ""0000010111111"": 1, ""0000011000000"": 2, ""0000011000001"": 2, ""0000011000101"": 2, ""0000011001000"": 1, ""0000011001010"": 1, ""0000011001111"": 1, ""0000011010000"": 1, ""0000011010110"": 1, ""0000011010111"": 1, ""0000011011010"": 1, ""0000011011011"": 2, ""0000011011100"": 1, ""0000011011111"": 2, ""0000011100010"": 1, ""0000011100011"": 3, ""0000011100100"": 1, ""0000011100101"": 2, ""0000011100111"": 1, ""0000011101000"": 1, ""0000011101001"": 3, ""0000011101010"": 1, ""0000011101101"": 5, ""0000011101111"": 2, ""0000011110001"": 1, ""0000011110010"": 2, ""0000011110011"": 1, ""0000011110100"": 1, ""0000011110110"": 2, ""0000011110111"": 1, ""0000011111000"": 1, ""0000011111011"": 2, ""0000011111100"": 1, ""0000011111101"": 3, ""0000100001000"": 1, ""0000100001101"": 1, ""0000100011101"": 1, ""0000100101000"": 1, ""0000100110010"": 1, ""0000100111101"": 1, ""0000101000001"": 1, ""0000101001001"": 1, ""0000101001010"": 1, ""0000101001111"": 1, ""0000101101100"": 1, ""0000101110010"": 1, ""0000111010001"": 1, ""0000111011111"": 1, ""0000111100100"": 1, ""0001000111110"": 1, ""0001010011000"": 1, ""0001011000010"": 1, ""0001011111011"": 1, ""0001100101000"": 1, ""0010000001110"": 1, ""0111111101001"": 1, ""1001011011011"": 1, ""1010000111101"": 1, ""1101101110000"": 1, ""1110001001100"": 1, ""1111010000000"": 1, ""1111110101100"": 1, ""1111110101111"": 1, ""1111110110010"": 1, ""1111111000101"": 1}"
1 qubit test,0.8385164807134509,1,13,1.0,42,1000,100,0.47314883957009635,1,0001000110000,0.9142632212239935,0.9543919198789576,0.18993617631669432,0.07574674051054264,2.4378087708965053,8592.5078125,55474.700877200026,"{""0000110010010"": 1, ""0000110011101"": 1, ""0000110011111"": 1, ""0000110101010"": 1, ""0000110101110"": 1, ""0000110111000"": 1, ""0000110111110"": 1, ""0000111000001"": 1, ""0000111000100"": 4, ""0000111001001"": 1, ""0000111001010"": 1, ""0000111010000"": 1, ""0000111010010"": 2, ""0000111010011"": 1, ""0000111010100"": 1, ""0000111011001"": 1, ""0000111011010"": 2, ""0000111011110"": 5, ""0000111100000"": 2, ""0000111100001"": 1, ""0000111100010"": 3, ""0000111100100"": 2, ""0000111100101"": 2, ""0000111101000"": 5, ""0000111101001"": 2, ""0000111101010"": 5, ""0000111101011"": 1, ""0000111101101"": 3, ""0000111101110"": 2, ""0000111110000"": 3, ""0000111110001"": 2, ""0000111110010"": 4, ""0000111110011"": 1, ""0000111110100"": 2, ""0000111110101"": 2, ""0000111110110"": 11, ""0000111110111"": 1, ""0000111111000"": 2, ""0000111111010"": 4, ""0000111111011"": 4, ""0000111111100"": 3, ""0000111111101"": 3, ""0000111111110"": 7, ""0000111111111"": 1, ""0001000000000"": 8, ""0001000000001"": 4, ""0001000000010"": 7, ""0001000000011"": 3, ""0001000000100"": 8, ""0001000000101"": 3, ""0001000000110"": 7, ""0001000000111"": 2, ""0001000001000"": 11, ""0001000001001"": 7, ""0001000001010"": 5, ""0001000001011"": 4, ""0001000001100"": 9, ""0001000001101"": 4, ""0001000001110"": 6, ""0001000001111"": 4, ""0001000010000"": 10, ""0001000010001"": 3, ""0001000010010"": 8, ""0001000010011"": 5, ""0001000010100"": 10, ""0001000010101"": 10, ""0001000010110"": 15, ""0001000010111"": 5, ""0001000011000"": 11, ""0001000011001"": 8, ""0001000011010"": 10, ""0001000011011"": 4, ""0001000011100"": 10, ""0001000011101"": 11, ""0001000011110"": 9, ""0001000011111"": 6, ""0001000100000"": 14, ""0001000100001"": 6, ""0001000100010"": 9, ""0001000100011"": 3, ""0001000100100"": 15, ""0001000100101"": 5, ""0001000100110"": 11, ""0001000100111"": 4, ""0001000101000"": 8, ""0001000101001"": 3, ""0001000101010"": 10, ""0001000101011"": 4, ""0001000101100"": 10, ""0001000101101"": 5, ""0001000101110"": 11, ""0001000101111"": 5, ""0001000110000"": 17, ""0001000110001"": 6, ""0001000110010"": 12, ""0001000110011"": 6, ""0001000110100"": 11, ""0001000110101"": 6, ""0001000110110"": 10, ""0001000110111"": 3, ""0001000111000"": 2, ""0001000111001"": 3, ""0001000111010"": 10, ""0001000111011"": 3, ""0001000111100"": 12, ""0001000111101"": 2, ""0001000111110"": 11, ""0001000111111"": 4, ""0001001000000"": 10, ""0001001000001"": 2, ""0001001000010"": 11, ""0001001000011"": 4, ""0001001000100"": 8, ""0001001000101"": 4, ""0001001000110"": 12, ""0001001000111"": 2, ""0001001001000"": 14, ""0001001001001"": 6, ""0001001001010"": 6, ""0001001001011"": 3, ""0001001001100"": 9, ""0001001001101"": 4, ""0001001001110"": 13, ""0001001001111"": 2, ""0001001010000"": 5, ""0001001010001"": 1, ""0001001010010"": 12, ""0001001010011"": 1, ""0001001010100"": 8, ""0001001010101"": 2, ""0001001010110"": 7, ""0001001010111"": 2, ""0001001011000"": 2, ""0001001011001"": 3, ""0001001011010"": 9, ""0001001011011"": 3, ""0001001011100"": 5, ""0001001011101"": 3, ""0001001011110"": 8, ""0001001011111"": 1, ""0001001100000"": 5, ""0001001100001"": 4, ""0001001100010"": 3, ""0001001100011"": 1, ""0001001100100"": 2, ""0001001100101"": 3, ""0001001100110"": 9, ""0001001100111"": 4, ""0001001101000"": 3, ""0001001101010"": 3, ""0001001101011"": 2, ""0001001101100"": 5, ""0001001101110"": 4, ""0001001101111"": 2, ""0001001110000"": 3, ""0001001110001"": 3, ""0001001110010"": 3, ""0001001110011"": 4, ""0001001110100"": 1, ""0001001110101"": 2, ""0001001110110"": 2, ""0001001110111"": 2, ""0001001111000"": 4, ""0001001111001"": 1, ""0001001111010"": 4, ""0001001111011"": 2, ""0001001111100"": 3, ""0001001111110"": 3, ""0001001111111"": 1, ""0001010000000"": 1, ""0001010000010"": 2, ""0001010000100"": 4, ""0001010000101"": 2, ""0001010000110"": 6, ""0001010001000"": 1, ""0001010001001"": 1, ""0001010001010"": 1, ""0001010001011"": 2, ""0001010001100"": 2, ""0001010001101"": 2, ""0001010001110"": 3, ""0001010001111"": 3, ""0001010010000"": 2, ""0001010010001"": 2, ""0001010010010"": 2, ""0001010010100"": 2, ""0001010010101"": 2, ""0001010010110"": 1, ""0001010010111"": 1, ""0001010011000"": 1, ""0001010011010"": 2, ""0001010011011"": 2, ""0001010011100"": 1, ""0001010011101"": 2, ""0001010011110"": 2, ""0001010011111"": 1, ""0001010100000"": 1, ""0001010100011"": 1, ""0001010100100"": 1, ""0001010101000"": 1, ""0001010101010"": 2, ""0001010101011"": 1, ""0001010101101"": 2, ""0001010101110"": 2, ""0001010101111"": 1, ""0001010110000"": 2, ""0001010110010"": 1, ""0001010110011"": 1, ""0001010111000"": 2, ""0001010111001"": 1, ""0001010111010"": 1, ""0001011000000"": 1, ""0001011000001"": 1, ""0001011000010"": 1, ""0001011000011"": 1, ""0001011000101"": 1, ""0001011000110"": 3, ""0001011000111"": 1, ""0001011001000"": 2, ""0001011001001"": 1, ""0001011001010"": 1, ""0001011001101"": 2, ""0001011010000"": 1, ""0001011010011"": 2, ""0001011010100"": 1, ""0001011010110"": 1, ""0001011010111"": 1, ""0001011011010"": 1, ""0001011011111"": 1, ""0001011100000"": 1, ""0001011100010"": 3, ""0001011100100"": 2, ""0001011100110"": 1, ""0001011110000"": 1, ""0001011110100"": 2, ""0001011110110"": 1, ""0001100000000"": 1, ""0001100000010"": 1, ""0001100000100"": 1, ""0001100000110"": 1, ""0001100001010"": 1, ""0001100010010"": 1, ""0001100010100"": 2, ""0001100010110"": 1, ""0001100011010"": 1, ""0001100011011"": 1, ""0001100011101"": 1, ""0001100110010"": 1, ""0001100110111"": 1, ""0001100111000"": 1, ""0001101001010"": 1, ""0001101001101"": 3, ""0001101001110"": 1, ""0001101010001"": 1, ""0001101010101"": 1, ""0001101010110"": 1, ""0001101011011"": 1, ""0001101011110"": 2, ""0001101100000"": 1, ""0001101100110"": 1, ""0001101110100"": 1, ""0001101110101"": 2, ""0001110000100"": 2, ""0001110001000"": 1, ""0001110001001"": 1, ""0001110010111"": 1, ""0001110111111"": 1, ""0001111010000"": 1, ""0001111010001"": 1, ""0001111010011"": 1, ""0001111011010"": 1, ""0001111101001"": 1, ""0001111101010"": 1, ""0010000001010"": 1, ""0010100100101"": 1, ""0010101010011"": 1, ""0011001010100"": 1, ""0011010010100"": 1, ""0011101010110"": 1, ""0011101100010"": 1}"
1 qubit test,0.8385164807134509,1,13,1.0,42,100,10,0.21168042496898168,1,0000011101100,0.8623551931414541,0.8923926912554991,0.13617622370045204,0.023838712428003284,0.6465081073235167,8030.484375,1898.7671284000098,"{""0000010111101"": 1, ""0000011000010"": 1, ""0000011010010"": 1, ""0000011011000"": 1, ""0000011011001"": 1, ""0000011011010"": 2, ""0000011011100"": 2, ""0000011011110"": 1, ""0000011011111"": 3, ""0000011100000"": 2, ""0000011100001"": 2, ""0000011100010"": 1, ""0000011100100"": 3, ""0000011100101"": 2, ""0000011100110"": 2, ""0000011100111"": 3, ""0000011101000"": 4, ""0000011101001"": 1, ""0000011101010"": 6, ""0000011101100"": 9, ""0000011101101"": 1, ""0000011101110"": 5, ""0000011101111"": 1, ""0000011110000"": 1, ""0000011110001"": 2, ""0000011110010"": 4, ""0000011110011"": 1, ""0000011110100"": 1, ""0000011110101"": 2, ""0000011110111"": 1, ""0000011111000"": 2, ""0000011111001"": 1, ""0000011111010"": 3, ""0000011111011"": 1, ""0000011111100"": 2, ""0000011111110"": 3, ""0000100000000"": 4, ""0000100000011"": 2, ""0000100000100"": 2, ""0000100001100"": 1, ""0000100010010"": 1, ""0000100010101"": 1, ""0000100010110"": 1, ""0000100011100"": 1, ""0000100011101"": 1, ""0000100011111"": 1, ""0000100100000"": 1, ""0000100110100"": 1, ""0000100111100"": 1, ""0000101000100"": 1, ""0000101100010"": 1, ""0001000010011"": 1}"
1 qubit test,0.8385164807134509,1,13,1.0,42,100,100,0.21168042496898168,1,0000011110000,0.8551085108461478,0.8598550877495735,0.04090267517148953,0.016592030132696944,0.6465081073235167,7646.25390625,5670.652027400007,"{""0000011001110"": 1, ""0000011010010"": 1, ""0000011011100"": 1, ""0000011011101"": 1, ""0000011011111"": 1, ""0000011100000"": 3, ""0000011100001"": 1, ""0000011100010"": 5, ""0000011100011"": 2, ""0000011100100"": 6, ""0000011100101"": 1, ""0000011100110"": 2, ""0000011100111"": 8, ""0000011101000"": 3, ""0000011101001"": 3, ""0000011101010"": 3, ""0000011101011"": 5, ""0000011101100"": 4, ""0000011101101"": 3, ""0000011101110"": 3, ""0000011101111"": 4, ""0000011110000"": 8, ""0000011110001"": 3, ""0000011110010"": 2, ""0000011110100"": 5, ""0000011110101"": 2, ""0000011110110"": 2, ""0000011110111"": 1, ""0000011111000"": 3, ""0000011111001"": 2, ""0000011111010"": 2, ""0000011111011"": 1, ""0000011111100"": 1, ""0000011111111"": 1, ""0000100000000"": 1, ""0000100000100"": 2, ""0000100001010"": 1, ""0000100001110"": 1, ""0000100011000"": 1}"
1 qubit test,0.8385164807134509,1,13,1.0,42,1000,1,0.21168042496898168,1,0000011100111,0.8369918051078821,0.753289001255946,1.818067293084847,0.0015246756055687927,0.6465081073235167,8521.95703125,13915.51524550002,"{""0000000001101"": 1, ""0000000010011"": 1, ""0000000010100"": 2, ""0000000010110"": 1, ""0000000011010"": 1, ""0000000011100"": 1, ""0000000100100"": 1, ""0000000101001"": 1, ""0000000101011"": 1, ""0000000101111"": 1, ""0000000110101"": 1, ""0000000110110"": 1, ""0000000111100"": 2, ""0000000111101"": 1, ""0000000111111"": 1, ""0000001000000"": 2, ""0000001000101"": 1, ""0000001000111"": 1, ""0000001001000"": 1, ""0000001001010"": 1, ""0000001001100"": 1, ""0000001010010"": 1, ""0000001010100"": 1, ""0000001010101"": 1, ""0000001011010"": 1, ""0000001011011"": 1, ""0000001100000"": 1, ""0000001100001"": 1, ""0000001100100"": 2, ""0000001100110"": 2, ""0000001101000"": 1, ""0000001101001"": 1, ""0000001101010"": 1, ""0000001101101"": 1, ""0000001110100"": 2, ""0000001111000"": 1, ""0000001111010"": 1, ""0000001111011"": 1, ""0000001111100"": 1, ""0000001111101"": 1, ""0000001111110"": 1, ""0000010000001"": 1, ""0000010000010"": 2, ""0000010000110"": 2, ""0000010000111"": 1, ""0000010001000"": 1, ""0000010001001"": 1, ""0000010001011"": 1, ""0000010001100"": 1, ""0000010010001"": 2, ""0000010010010"": 1, ""0000010010011"": 2, ""0000010010100"": 2, ""0000010010101"": 2, ""0000010010111"": 1, ""0000010011000"": 2, ""0000010011010"": 1, ""0000010011011"": 1, ""0000010011100"": 2, ""0000010011110"": 1, ""0000010100000"": 2, ""0000010100001"": 3, ""0000010100011"": 1, ""0000010100101"": 2, ""0000010100111"": 1, ""0000010101010"": 1, ""0000010101011"": 4, ""0000010101100"": 3, ""0000010101101"": 3, ""0000010101110"": 4, ""0000010110000"": 3, ""0000010110001"": 1, ""0000010110011"": 5, ""0000010110100"": 1, ""0000010110101"": 2, ""0000010110111"": 1, ""0000010111000"": 2, ""0000010111001"": 1, ""0000010111010"": 2, ""0000010111011"": 3, ""0000010111100"": 2, ""0000010111101"": 1, ""0000010111110"": 3, ""0000010111111"": 4, ""0000011000001"": 2, ""0000011000010"": 2, ""0000011000011"": 2, ""0000011000100"": 2, ""0000011000101"": 1, ""0000011000110"": 7, ""0000011000111"": 6, ""0000011001000"": 3, ""0000011001001"": 10, ""0000011001010"": 3, ""0000011001011"": 7, ""0000011001100"": 1, ""0000011001101"": 2, ""0000011001110"": 8, ""0000011001111"": 2, ""0000011010000"": 6, ""0000011010001"": 6, ""0000011010010"": 7, ""0000011010011"": 3, ""0000011010100"": 7, ""0000011010101"": 8, ""0000011010110"": 10, ""0000011010111"": 2, ""0000011011000"": 5, ""0000011011001"": 6, ""0000011011010"": 5, ""0000011011011"": 11, ""0000011011100"": 8, ""0000011011101"": 6, ""0000011011110"": 15, ""0000011011111"": 11, ""0000011100000"": 14, ""0000011100001"": 13, ""0000011100010"": 13, ""0000011100011"": 15, ""0000011100100"": 17, ""0000011100101"": 17, ""0000011100110"": 22, ""0000011100111"": 25, ""0000011101000"": 18, ""0000011101001"": 10, ""0000011101010"": 12, ""0000011101011"": 15, ""0000011101100"": 20, ""0000011101101"": 13, ""0000011101110"": 13, ""0000011101111"": 9, ""0000011110000"": 11, ""0000011110001"": 13, ""0000011110010"": 11, ""0000011110011"": 14, ""0000011110100"": 5, ""0000011110101"": 7, ""0000011110110"": 8, ""0000011110111"": 10, ""0000011111000"": 10, ""0000011111001"": 7, ""0000011111010"": 4, ""0000011111011"": 5, ""0000011111100"": 4, ""0000011111101"": 5, ""0000011111110"": 3, ""0000011111111"": 6, ""0000100000000"": 8, ""0000100000001"": 6, ""0000100000010"": 6, ""0000100000011"": 4, ""0000100000100"": 6, ""0000100000101"": 5, ""0000100000110"": 2, ""0000100000111"": 3, ""0000100001000"": 8, ""0000100001001"": 1, ""0000100001010"": 5, ""0000100001011"": 2, ""0000100001100"": 1, ""0000100001101"": 1, ""0000100001110"": 3, ""0000100001111"": 1, ""0000100010000"": 2, ""0000100010001"": 4, ""0000100010010"": 1, ""0000100010011"": 1, ""0000100010100"": 5, ""0000100010101"": 2, ""0000100010111"": 5, ""0000100011000"": 2, ""0000100011001"": 2, ""0000100011011"": 3, ""0000100011100"": 2, ""0000100011101"": 3, ""0000100011110"": 1, ""0000100011111"": 3, ""0000100100001"": 2, ""0000100100010"": 2, ""0000100100011"": 2, ""0000100100100"": 3, ""0000100100110"": 1, ""0000100100111"": 6, ""0000100101000"": 3, ""0000100101001"": 3, ""0000100101010"": 2, ""0000100101100"": 1, ""0000100101101"": 2, ""0000100101110"": 1, ""0000100110000"": 3, ""0000100110001"": 2, ""0000100110010"": 1, ""0000100110011"": 1, ""0000100110100"": 3, ""0000100110101"": 1, ""0000100110111"": 2, ""0000100111000"": 2, ""0000100111001"": 1, ""0000100111011"": 1, ""0000100111111"": 2, ""0000101000100"": 1, ""0000101001000"": 1, ""0000101001001"": 1, ""0000101001100"": 1, ""0000101001110"": 1, ""0000101010000"": 2, ""0000101010010"": 1, ""0000101010011"": 1, ""0000101010101"": 1, ""0000101010111"": 1, ""0000101011000"": 2, ""0000101011100"": 1, ""0000101011101"": 1, ""0000101011110"": 1, ""0000101100100"": 1, ""0000101100110"": 1, ""0000101100111"": 1, ""0000101101000"": 1, ""0000101101001"": 1, ""0000101101010"": 1, ""0000101101100"": 1, ""0000101101101"": 1, ""0000101110011"": 2, ""0000101110100"": 1, ""0000101110110"": 1, ""0000101111001"": 2, ""0000101111100"": 1, ""0000110000011"": 1, ""0000110000100"": 1, ""0000110000111"": 1, ""0000110001101"": 1, ""0000110011011"": 2, ""0000110011100"": 1, ""0000110011101"": 1, ""0000110011110"": 1, ""0000110100011"": 1, ""0000110101000"": 2, ""0000110101001"": 2, ""0000110101011"": 1, ""0000110101110"": 1, ""0000110110010"": 1, ""0000110110011"": 2, ""0000110110100"": 1, ""0000110111001"": 2, ""0000110111011"": 1, ""0000111000001"": 1, ""0000111000010"": 1, ""0000111001001"": 1, ""0000111010000"": 1, ""0000111010100"": 1, ""0000111010110"": 1, ""0000111011110"": 1, ""0000111100001"": 1, ""0000111100100"": 1, ""0000111100101"": 1, ""0000111101011"": 1, ""0001000111001"": 1, ""0001000111011"": 1, ""0001000111101"": 1, ""0001001111100"": 1, ""0001001111111"": 1, ""0001010101001"": 1, ""0001011000100"": 1, ""0001011101010"": 1, ""0001100111100"": 1, ""0001101000001"": 1, ""0001101011010"": 1, ""0001101110001"": 1, ""0001101111000"": 1, ""0001101111101"": 1, ""0001110000000"": 1, ""0001110000100"": 1, ""0001110010101"": 1, ""0001110011100"": 1, ""0001110100010"": 1, ""0001110110001"": 1, ""0001110110010"": 1, ""0001110111001"": 1, ""0001111011000"": 1, ""0001111101001"": 1, ""0010001011001"": 1, ""0010011111000"": 1, ""0010100010111"": 1, ""0010111000000"": 1, ""0010111100010"": 1, ""0011010110100"": 1, ""0011100010001"": 1, ""0011110101010"": 1, ""0011111001100"": 1, ""0100001111011"": 1, ""0100011101001"": 1, ""0101011000001"": 1, ""0101101011100"": 1, ""0110000101110"": 1, ""0110001100011"": 1, ""0111000000101"": 1, ""0111110110001"": 1, ""1000000111000"": 1, ""1000010011101"": 1, ""1000011010110"": 1, ""1000011010111"": 1, ""1001110110001"": 1, ""1001111110001"": 1, ""1010100101100"": 1, ""1011011000001"": 1, ""1011011110010"": 1, ""1011111100100"": 1, ""1100001000000"": 1, ""1100110010110"": 1, ""1101001000001"": 1, ""1101001000010"": 1, ""1101101110001"": 1, ""1101110101011"": 1, ""1101111001100"": 1, ""1101111010011"": 1, ""1101111110011"": 1, ""1101111111100"": 1, ""1110000101101"": 1, ""1110100000110"": 1, ""1110101100010"": 1, ""1110101111110"": 1, ""1110110010011"": 1, ""1110110101100"": 1, ""1110111010111"": 1, ""1110111011000"": 1, ""1111000110111"": 1, ""1111001100101"": 1, ""1111010000111"": 1, ""1111010011010"": 1, ""1111010100000"": 1, ""1111010110111"": 1, ""1111011011011"": 1, ""1111011100000"": 1, ""1111011100101"": 1, ""1111011101110"": 1, ""1111011111011"": 1, ""1111100101000"": 1, ""1111101000011"": 1, ""1111101000100"": 1, ""1111101000111"": 1, ""1111101001010"": 1, ""1111101010001"": 1, ""1111101010010"": 1, ""1111101011001"": 1, ""1111101100010"": 2, ""1111101110001"": 1, ""1111101111111"": 1, ""1111110000101"": 1, ""1111110010010"": 1, ""1111110010011"": 1, ""1111110010111"": 1, ""1111110011000"": 2, ""1111110011111"": 1, ""1111110100011"": 1, ""1111110101011"": 2, ""1111110110110"": 1, ""1111110111011"": 2, ""1111110111111"": 1, ""1111111001000"": 1, ""1111111001100"": 1, ""1111111011101"": 1, ""1111111011111"": 1, ""1111111100000"": 1, ""1111111101100"": 1, ""1111111110001"": 1, ""1111111110100"": 1, ""1111111110101"": 2, ""1111111111000"": 1, ""1111111111010"": 1}"
1 qubit test,0.8385164807134509,1,13,1.0,42,1000,10,0.21168042496898168,1,0000011101000,0.858731851993801,0.9233468946798995,0.5733589401630581,0.020215371280350114,0.6465081073235167,8608.75390625,19405.904187799984,"{""0000010101110"": 1, ""0000010111000"": 1, ""0000010111010"": 2, ""0000010111100"": 1, ""0000010111110"": 1, ""0000011000000"": 1, ""0000011000011"": 1, ""0000011000100"": 2, ""0000011000101"": 1, ""0000011000110"": 1, ""0000011000111"": 1, ""0000011001000"": 1, ""0000011001010"": 3, ""0000011001011"": 1, ""0000011001100"": 5, ""0000011001101"": 1, ""0000011001110"": 3, ""0000011010000"": 4, ""0000011010001"": 1, ""0000011010010"": 8, ""0000011010011"": 1, ""0000011010100"": 5, ""0000011010101"": 2, ""0000011010110"": 6, ""0000011010111"": 2, ""0000011011000"": 12, ""0000011011001"": 6, ""0000011011010"": 17, ""0000011011011"": 8, ""0000011011100"": 9, ""0000011011101"": 5, ""0000011011110"": 23, ""0000011011111"": 6, ""0000011100000"": 25, ""0000011100001"": 10, ""0000011100010"": 25, ""0000011100011"": 14, ""0000011100100"": 29, ""0000011100101"": 11, ""0000011100110"": 36, ""0000011100111"": 17, ""0000011101000"": 53, ""0000011101001"": 17, ""0000011101010"": 48, ""0000011101011"": 15, ""0000011101100"": 44, ""0000011101101"": 16, ""0000011101110"": 39, ""0000011101111"": 11, ""0000011110000"": 29, ""0000011110001"": 7, ""0000011110010"": 34, ""0000011110011"": 16, ""0000011110100"": 28, ""0000011110101"": 11, ""0000011110110"": 20, ""0000011110111"": 11, ""0000011111000"": 26, ""0000011111001"": 7, ""0000011111010"": 18, ""0000011111011"": 8, ""0000011111100"": 12, ""0000011111101"": 6, ""0000011111110"": 13, ""0000011111111"": 2, ""0000100000000"": 12, ""0000100000001"": 3, ""0000100000010"": 12, ""0000100000011"": 7, ""0000100000100"": 16, ""0000100000101"": 2, ""0000100000110"": 7, ""0000100000111"": 2, ""0000100001000"": 5, ""0000100001001"": 2, ""0000100001010"": 3, ""0000100001011"": 1, ""0000100001100"": 4, ""0000100001110"": 10, ""0000100010000"": 4, ""0000100010001"": 3, ""0000100010010"": 5, ""0000100010011"": 1, ""0000100010100"": 3, ""0000100010110"": 4, ""0000100010111"": 4, ""0000100011000"": 3, ""0000100011001"": 1, ""0000100011010"": 2, ""0000100011100"": 3, ""0000100011101"": 2, ""0000100011110"": 3, ""0000100011111"": 1, ""0000100100010"": 1, ""0000100100101"": 1, ""0000100100110"": 2, ""0000100100111"": 2, ""0000100101000"": 3, ""0000100101001"": 1, ""0000100101100"": 4, ""0000100101101"": 1, ""0000100101111"": 1, ""0000100110011"": 1, ""0000100110100"": 3, ""0000100110101"": 1, ""0000100111000"": 1, ""0000100111110"": 1, ""0000101000000"": 2, ""0000101000001"": 1, ""0000101000010"": 1, ""0000101000011"": 1, ""0000101000110"": 1, ""0000101001000"": 1, ""0000101001100"": 1, ""0000101001110"": 2, ""0000101010010"": 1, ""0000101010011"": 1, ""0000101011001"": 1, ""0000101100001"": 2, ""0000101100110"": 1, ""0000101101001"": 1, ""0000101101100"": 1, ""0000101110100"": 1, ""0000101110101"": 1, ""0000101110110"": 2, ""0000101110111"": 1, ""0000101111000"": 1, ""0000101111010"": 1, ""0000101111110"": 1, ""0000110000000"": 1, ""0000110001110"": 2, ""0000110010100"": 1, ""0000110011001"": 1, ""0000110011111"": 1, ""0000110100111"": 1, ""0000110101000"": 1, ""0000110110010"": 2, ""0000110110100"": 1, ""0000110110110"": 1, ""0000110111010"": 1, ""0000111000100"": 1, ""0000111001010"": 1, ""0000111010000"": 1, ""0000111010110"": 1, ""0000111101110"": 1, ""0001001100000"": 1, ""0001001101110"": 1, ""0001001111110"": 1, ""0001010000000"": 1, ""0001011101010"": 1, ""0001100101010"": 1, ""0110101011011"": 1, ""0111011010010"": 1}"
1 qubit test,0.8385164807134509,1,13,1.0,42,100,1,0.09033251144509634,1,0000001100011,0.8320930903385917,0.5197185516288285,1.587622937145692,0.0064233903748591725,0.21643919147950894,7931.65625,1376.618982199987,"{""0000000100110"": 1, ""0000000111011"": 1, ""0000001001000"": 1, ""0000001001001"": 1, ""0000001001011"": 1, ""0000001001100"": 1, ""0000001001111"": 1, ""0000001010000"": 1, ""0000001010001"": 1, ""0000001010010"": 1, ""0000001010100"": 1, ""0000001010110"": 3, ""0000001011000"": 1, ""0000001011001"": 1, ""0000001011010"": 1, ""0000001011011"": 1, ""0000001011100"": 2, ""0000001011110"": 2, ""0000001011111"": 4, ""0000001100000"": 4, ""0000001100001"": 7, ""0000001100010"": 8, ""0000001100011"": 10, ""0000001100100"": 3, ""0000001100101"": 5, ""0000001100110"": 2, ""0000001100111"": 2, ""0000001101000"": 3, ""0000001101001"": 2, ""0000001101010"": 3, ""0000001101011"": 1, ""0000001101101"": 1, ""0000001110001"": 1, ""0000001110100"": 2, ""0000001110110"": 1, ""0000001111101"": 1, ""0000010000000"": 1, ""0000010000010"": 1, ""0000010001010"": 1, ""0000010010100"": 1, ""0000010010101"": 1, ""0000010101101"": 1, ""0000011010011"": 1, ""0000011100011"": 1, ""0000101100101"": 1, ""1101111011100"": 1, ""1110000100110"": 1, ""1110100010101"": 1, ""1111100101011"": 1, ""1111100101100"": 1, ""1111110101010"": 1, ""1111111011000"": 1, ""1111111011100"": 1, ""1111111101001"": 1}"
1 qubit test,0.8385164807134509,1,13,1.0,42,100,10,0.09033251144509634,1,0000001100100,0.8490745819781549,0.8470368029814063,0.04908679267144584,0.010558101264704023,0.21643919147950894,8334.34765625,2058.105459499988,"{""0000001011010"": 1, ""0000001011011"": 3, ""0000001011100"": 1, ""0000001011110"": 3, ""0000001011111"": 1, ""0000001100000"": 7, ""0000001100001"": 6, ""0000001100010"": 18, ""0000001100011"": 8, ""0000001100100"": 29, ""0000001100101"": 1, ""0000001100110"": 10, ""0000001100111"": 2, ""0000001101000"": 2, ""0000001101001"": 2, ""0000001101010"": 3, ""0000001101100"": 1, ""0000001111000"": 1, ""0000010001111"": 1}"
1 qubit test,0.8385164807134509,1,13,1.0,42,1000,100,0.351800926046211,1,0000110001100,0.8851542929136045,0.9079851691584111,0.13642168563240634,0.04663781220015362,1.4219927291874075,8645.578125,68447.11500360002,"{""0000100100100"": 1, ""0000100110101"": 1, ""0000101000001"": 1, ""0000101000010"": 1, ""0000101000110"": 1, ""0000101001100"": 1, ""0000101001110"": 2, ""0000101010000"": 1, ""0000101010001"": 1, ""0000101010011"": 1, ""0000101010110"": 1, ""0000101011011"": 1, ""0000101011100"": 1, ""0000101011110"": 3, ""0000101100010"": 2, ""0000101100011"": 3, ""0000101100100"": 4, ""0000101100101"": 1, ""0000101100110"": 2, ""0000101100111"": 2, ""0000101101000"": 4, ""0000101101001"": 1, ""0000101101010"": 5, ""0000101101011"": 1, ""0000101101100"": 5, ""0000101101101"": 3, ""0000101101110"": 7, ""0000101101111"": 2, ""0000101110000"": 5, ""0000101110001"": 2, ""0000101110010"": 7, ""0000101110011"": 2, ""0000101110100"": 12, ""0000101110101"": 2, ""0000101110110"": 8, ""0000101110111"": 5, ""0000101111000"": 11, ""0000101111001"": 3, ""0000101111010"": 9, ""0000101111011"": 8, ""0000101111100"": 8, ""0000101111101"": 8, ""0000101111110"": 21, ""0000101111111"": 13, ""0000110000000"": 18, ""0000110000001"": 9, ""0000110000010"": 9, ""0000110000011"": 9, ""0000110000100"": 20, ""0000110000101"": 10, ""0000110000110"": 18, ""0000110000111"": 12, ""0000110001000"": 18, ""0000110001001"": 8, ""0000110001010"": 20, ""0000110001011"": 14, ""0000110001100"": 26, ""0000110001101"": 4, ""0000110001110"": 15, ""0000110001111"": 11, ""0000110010000"": 20, ""0000110010001"": 10, ""0000110010010"": 12, ""0000110010011"": 14, ""0000110010100"": 22, ""0000110010101"": 11, ""0000110010110"": 16, ""0000110010111"": 13, ""0000110011000"": 15, ""0000110011001"": 7, ""0000110011010"": 11, ""0000110011011"": 8, ""0000110011100"": 13, ""0000110011101"": 11, ""0000110011110"": 14, ""0000110011111"": 8, ""0000110100000"": 15, ""0000110100001"": 10, ""0000110100010"": 23, ""0000110100011"": 6, ""0000110100100"": 16, ""0000110100101"": 7, ""0000110100110"": 16, ""0000110100111"": 11, ""0000110101000"": 9, ""0000110101001"": 7, ""0000110101010"": 14, ""0000110101011"": 3, ""0000110101100"": 12, ""0000110101101"": 7, ""0000110101110"": 7, ""0000110101111"": 1, ""0000110110000"": 9, ""0000110110001"": 4, ""0000110110010"": 8, ""0000110110011"": 2, ""0000110110100"": 8, ""0000110110101"": 2, ""0000110110110"": 9, ""0000110110111"": 1, ""0000110111000"": 6, ""0000110111001"": 6, ""0000110111010"": 5, ""0000110111011"": 4, ""0000110111100"": 10, ""0000110111101"": 4, ""0000110111110"": 8, ""0000110111111"": 4, ""0000111000000"": 6, ""0000111000010"": 2, ""0000111000011"": 3, ""0000111000100"": 3, ""0000111000101"": 2, ""0000111000110"": 2, ""0000111000111"": 1, ""0000111001000"": 5, ""0000111001001"": 2, ""0000111001010"": 3, ""0000111001011"": 1, ""0000111001100"": 1, ""0000111001101"": 5, ""0000111001110"": 6, ""0000111001111"": 1, ""0000111010000"": 3, ""0000111010001"": 2, ""0000111010010"": 5, ""0000111010100"": 1, ""0000111010110"": 3, ""0000111010111"": 1, ""0000111011000"": 1, ""0000111011001"": 1, ""0000111011010"": 4, ""0000111011011"": 1, ""0000111011100"": 2, ""0000111011101"": 1, ""0000111011110"": 1, ""0000111011111"": 1, ""0000111100000"": 2, ""0000111100001"": 1, ""0000111100010"": 3, ""0000111100011"": 1, ""0000111100100"": 1, ""0000111100110"": 1, ""0000111100111"": 2, ""0000111101001"": 2, ""0000111101010"": 4, ""0000111101011"": 3, ""0000111101100"": 1, ""0000111101101"": 1, ""0000111101110"": 1, ""0000111110010"": 3, ""0000111110100"": 2, ""0000111110101"": 2, ""0000111110110"": 1, ""0000111111000"": 1, ""0000111111001"": 1, ""0000111111010"": 1, ""0000111111011"": 1, ""0000111111101"": 1, ""0000111111111"": 1, ""0001000000000"": 1, ""0001000000100"": 1, ""0001000001000"": 3, ""0001000010000"": 1, ""0001000010011"": 1, ""0001000010110"": 1, ""0001000100101"": 1, ""0001000110100"": 1, ""0001000110110"": 1, ""0001000111100"": 1, ""0001001000000"": 2, ""0001001001001"": 1, ""0001001001100"": 1, ""0001001010010"": 1, ""0001001011110"": 1, ""0001001011111"": 1, ""0001010000010"": 1, ""0001010000101"": 1, ""0001010010001"": 1, ""0001010011100"": 1, ""0001010100000"": 1, ""0001010100010"": 1, ""0001100011101"": 1, ""0001101111111"": 1, ""0001110000101"": 1, ""0001110100010"": 1, ""0011000000110"": 1}"
1 qubit test,0.8385164807134509,1,13,1.0,42,100,100,0.09033251144509634,1,0000001100100,0.8405838361583733,0.842112170405934,0.01674120161655649,0.002067355444922425,0.21643919147950894,8010.421875,7300.256334000034,"{""0000001011011"": 1, ""0000001011101"": 1, ""0000001011111"": 2, ""0000001100000"": 6, ""0000001100001"": 3, ""0000001100010"": 14, ""0000001100011"": 26, ""0000001100100"": 30, ""0000001100101"": 8, ""0000001100110"": 5, ""0000001100111"": 3, ""0000001101000"": 1}"
1 qubit test,0.8385164807134509,1,13,1.0,42,1000,1,0.09033251144509634,1,0000001100011,0.8405838361583733,0.863865461196216,1.3755710907366576,0.002067355444922425,0.21643919147950894,8440.9296875,13712.080315400031,"{""0000000000000"": 1, ""0000000000001"": 1, ""0000000000100"": 1, ""0000000000111"": 1, ""0000000001000"": 1, ""0000000010001"": 1, ""0000000011000"": 1, ""0000000011010"": 1, ""0000000011101"": 1, ""0000000011111"": 1, ""0000000100000"": 1, ""0000000100001"": 1, ""0000000100010"": 1, ""0000000100011"": 2, ""0000000100100"": 2, ""0000000100101"": 1, ""0000000100110"": 1, ""0000000101100"": 2, ""0000000101111"": 1, ""0000000110001"": 1, ""0000000110010"": 1, ""0000000110100"": 2, ""0000000110110"": 1, ""0000000111000"": 1, ""0000000111001"": 1, ""0000000111010"": 1, ""0000000111011"": 2, ""0000000111111"": 2, ""0000001000000"": 1, ""0000001000001"": 2, ""0000001000010"": 2, ""0000001000011"": 3, ""0000001000100"": 2, ""0000001000101"": 1, ""0000001000110"": 2, ""0000001000111"": 3, ""0000001001001"": 1, ""0000001001010"": 2, ""0000001001011"": 2, ""0000001001100"": 1, ""0000001001101"": 1, ""0000001001110"": 3, ""0000001001111"": 1, ""0000001010000"": 2, ""0000001010001"": 2, ""0000001010010"": 4, ""0000001010011"": 9, ""0000001010100"": 1, ""0000001010101"": 5, ""0000001010110"": 4, ""0000001010111"": 4, ""0000001011000"": 8, ""0000001011001"": 14, ""0000001011010"": 10, ""0000001011011"": 16, ""0000001011100"": 21, ""0000001011101"": 15, ""0000001011110"": 18, ""0000001011111"": 29, ""0000001100000"": 25, ""0000001100001"": 68, ""0000001100010"": 82, ""0000001100011"": 84, ""0000001100100"": 79, ""0000001100101"": 57, ""0000001100110"": 47, ""0000001100111"": 30, ""0000001101000"": 39, ""0000001101001"": 17, ""0000001101010"": 20, ""0000001101011"": 14, ""0000001101100"": 13, ""0000001101101"": 5, ""0000001101110"": 4, ""0000001101111"": 12, ""0000001110000"": 9, ""0000001110001"": 8, ""0000001110010"": 6, ""0000001110011"": 6, ""0000001110100"": 4, ""0000001110101"": 2, ""0000001110110"": 4, ""0000001110111"": 2, ""0000001111000"": 5, ""0000001111001"": 3, ""0000001111010"": 3, ""0000001111100"": 2, ""0000001111101"": 2, ""0000001111110"": 2, ""0000001111111"": 5, ""0000010000000"": 1, ""0000010000001"": 4, ""0000010000010"": 2, ""0000010000011"": 2, ""0000010000100"": 1, ""0000010000101"": 1, ""0000010000111"": 2, ""0000010001000"": 6, ""0000010001001"": 1, ""0000010001010"": 2, ""0000010001011"": 1, ""0000010001110"": 2, ""0000010010000"": 2, ""0000010010010"": 1, ""0000010010011"": 1, ""0000010010100"": 1, ""0000010010111"": 2, ""0000010011100"": 2, ""0000010011101"": 1, ""0000010100001"": 1, ""0000010100100"": 1, ""0000010101011"": 1, ""0000010101101"": 1, ""0000010101110"": 2, ""0000010110101"": 2, ""0000010111010"": 1, ""0000010111110"": 1, ""0000011000010"": 1, ""0000011000011"": 1, ""0000011000101"": 1, ""0000011001001"": 1, ""0000011001011"": 1, ""0000011010000"": 1, ""0000011010111"": 3, ""0000011011100"": 1, ""0000011011110"": 1, ""0000011100011"": 4, ""0000011100110"": 1, ""0000011101001"": 1, ""0000011101101"": 1, ""0000011110101"": 1, ""0000011111100"": 1, ""0000100000001"": 1, ""0000100000101"": 1, ""0000100000111"": 1, ""0000100001001"": 1, ""0000100011100"": 1, ""0000100101000"": 1, ""0000100101010"": 1, ""0000100101101"": 1, ""0000101001000"": 1, ""0000101100001"": 1, ""0000110100100"": 1, ""0000111101000"": 1, ""0000111110100"": 1, ""0001001111010"": 1, ""0001011111111"": 1, ""0010000000000"": 1, ""0011001001101"": 1, ""0011111100101"": 1, ""0101011100010"": 1, ""1011100101111"": 1, ""1101111100011"": 1, ""1110001000101"": 1, ""1110111100011"": 1, ""1111000001011"": 1, ""1111000111111"": 1, ""1111010111011"": 1, ""1111011011000"": 1, ""1111101010000"": 1, ""1111101100101"": 1, ""1111110001111"": 1, ""1111110011111"": 1, ""1111110100011"": 1, ""1111110100111"": 1, ""1111110101101"": 1, ""1111111000001"": 1, ""1111111000010"": 1, ""1111111000100"": 1, ""1111111000101"": 1, ""1111111001100"": 1, ""1111111100010"": 2, ""1111111100011"": 1, ""1111111100100"": 3, ""1111111101100"": 1, ""1111111110000"": 1, ""1111111110001"": 3, ""1111111110011"": 1, ""1111111110111"": 1, ""1111111111001"": 1}"
1 qubit test,0.8385164807134509,1,13,1.0,42,1000,10,0.09033251144509634,1,0000001100010,0.8405838361583733,0.8473934143058371,0.036481362637874534,0.002067355444922425,0.21643919147950894,8622.80859375,20115.141763300053,"{""0000001001111"": 1, ""0000001010011"": 1, ""0000001010101"": 1, ""0000001011000"": 1, ""0000001011010"": 4, ""0000001011011"": 6, ""0000001011100"": 9, ""0000001011101"": 12, ""0000001011110"": 21, ""0000001011111"": 23, ""0000001100000"": 56, ""0000001100001"": 48, ""0000001100010"": 196, ""0000001100011"": 137, ""0000001100100"": 178, ""0000001100101"": 73, ""0000001100110"": 84, ""0000001100111"": 30, ""0000001101000"": 39, ""0000001101001"": 15, ""0000001101010"": 17, ""0000001101011"": 8, ""0000001101100"": 7, ""0000001101101"": 6, ""0000001101110"": 8, ""0000001101111"": 3, ""0000001110000"": 2, ""0000001110001"": 2, ""0000001110010"": 2, ""0000001110100"": 3, ""0000001111000"": 1, ""0000001111001"": 1, ""0000001111010"": 1, ""0000001111100"": 1, ""0000010000000"": 1, ""0000010000111"": 1, ""0000010001000"": 1}"
1 qubit test,0.8385164807134509,1,13,1.0,42,100,1,0.020272260906481702,1,0000000010110,0.8323584993594351,0.8437088425325198,0.3050078424608803,0.006157981354015796,0.0422221597660099,7944.72265625,1446.680182399985,"{""0000000000110"": 2, ""0000000001011"": 1, ""0000000001101"": 1, ""0000000010000"": 1, ""0000000010010"": 1, ""0000000010011"": 1, ""0000000010100"": 2, ""0000000010101"": 6, ""0000000010110"": 70, ""0000000010111"": 7, ""0000000011000"": 3, ""0000000011001"": 1, ""0000000011010"": 1, ""0000000011011"": 2, ""0000001100001"": 1}"
1 qubit test,0.8385164807134509,1,13,1.0,42,100,10,0.020272260906481702,1,0000000010110,0.8323584993594351,0.8327368441318709,0.003764482954688902,0.006157981354015796,0.0422221597660099,7925.234375,1856.2728070000303,"{""0000000010110"": 99, ""0000000010111"": 1}"
1 qubit test,0.8385164807134509,1,13,1.0,42,100,100,0.020272260906481702,1,0000000010110,0.8323584993594351,0.8323584993594346,4.440892098500626e-16,0.006157981354015796,0.0422221597660099,8620.515625,6480.97072360001,"{""0000000010110"": 100}"
1 qubit test,0.8385164807134509,1,13,1.0,42,1000,1,0.020272260906481702,1,0000000010110,0.8323584993594351,0.9859664769684933,4.9004646258776825,0.006157981354015796,0.0422221597660099,8547.92578125,14323.480079200002,"{""0000000000011"": 1, ""0000000000110"": 1, ""0000000000111"": 1, ""0000000001000"": 1, ""0000000001001"": 3, ""0000000001010"": 2, ""0000000001100"": 1, ""0000000001101"": 1, ""0000000001110"": 3, ""0000000001111"": 2, ""0000000010000"": 3, ""0000000010001"": 3, ""0000000010010"": 7, ""0000000010011"": 6, ""0000000010100"": 20, ""0000000010101"": 53, ""0000000010110"": 698, ""0000000010111"": 82, ""0000000011000"": 28, ""0000000011001"": 19, ""0000000011010"": 22, ""0000000011011"": 4, ""0000000011100"": 3, ""0000000011101"": 2, ""0000000011110"": 2, ""0000000100010"": 1, ""0000000100011"": 1, ""0000000100101"": 1, ""0000000101010"": 1, ""0000000110000"": 1, ""0000000111010"": 1, ""0000001000011"": 1, ""0000001010111"": 1, ""0000001011111"": 1, ""0000001101010"": 1, ""0000001111001"": 1, ""0000010001111"": 1, ""0000010111110"": 1, ""0000100001010"": 1, ""0111111111010"": 1, ""1111101010011"": 1, ""1111101111010"": 1, ""1111110011000"": 1, ""1111110100110"": 1, ""1111111010111"": 1, ""1111111101010"": 1, ""1111111110001"": 1, ""1111111110010"": 1, ""1111111110111"": 1, ""1111111111001"": 1, ""1111111111010"": 6, ""1111111111011"": 1}"
1 qubit test,0.8385164807134509,1,13,1.0,42,1000,100,0.21168042496898168,1,0000011101010,0.8551085108461478,0.8661959347579716,0.060157764681026536,0.016592030132696944,0.6465081073235167,8606.9140625,77538.30941080002,"{""0000010111111"": 1, ""0000011000000"": 2, ""0000011001000"": 1, ""0000011001010"": 1, ""0000011001011"": 1, ""0000011001100"": 2, ""0000011001110"": 1, ""0000011010010"": 1, ""0000011010100"": 1, ""0000011010101"": 1, ""0000011010110"": 2, ""0000011010111"": 4, ""0000011011000"": 2, ""0000011011001"": 3, ""0000011011010"": 7, ""0000011011011"": 2, ""0000011011100"": 7, ""0000011011101"": 8, ""0000011011110"": 16, ""0000011011111"": 4, ""0000011100000"": 26, ""0000011100001"": 11, ""0000011100010"": 16, ""0000011100011"": 13, ""0000011100100"": 37, ""0000011100101"": 17, ""0000011100110"": 49, ""0000011100111"": 38, ""0000011101000"": 51, ""0000011101001"": 32, ""0000011101010"": 61, ""0000011101011"": 42, ""0000011101100"": 41, ""0000011101101"": 34, ""0000011101110"": 41, ""0000011101111"": 23, ""0000011110000"": 41, ""0000011110001"": 27, ""0000011110010"": 38, ""0000011110011"": 24, ""0000011110100"": 29, ""0000011110101"": 18, ""0000011110110"": 32, ""0000011110111"": 12, ""0000011111000"": 14, ""0000011111001"": 12, ""0000011111010"": 16, ""0000011111011"": 9, ""0000011111100"": 20, ""0000011111101"": 8, ""0000011111110"": 19, ""0000011111111"": 4, ""0000100000000"": 7, ""0000100000001"": 2, ""0000100000010"": 2, ""0000100000011"": 5, ""0000100000100"": 8, ""0000100000101"": 3, ""0000100000110"": 5, ""0000100000111"": 4, ""0000100001000"": 4, ""0000100001010"": 2, ""0000100001100"": 2, ""0000100001110"": 1, ""0000100010000"": 3, ""0000100010010"": 1, ""0000100010011"": 1, ""0000100010100"": 1, ""0000100010101"": 1, ""0000100010110"": 3, ""0000100010111"": 1, ""0000100011000"": 1, ""0000100011010"": 4, ""0000100011100"": 1, ""0000100011101"": 1, ""0000100011110"": 1, ""0000100100011"": 1, ""0000100100100"": 1, ""0000100100110"": 1, ""0000100100111"": 1, ""0000100101001"": 1, ""0000100101010"": 1, ""0000100101100"": 1, ""0000100101111"": 1, ""0000100110111"": 1, ""0000100111010"": 1, ""0000101010011"": 1, ""0000101010101"": 1, ""0000101101010"": 1, ""0000111100111"": 1}"
1 qubit test,0.8385164807134509,1,13,1.0,42,1000,10,0.020272260906481702,1,0000000010110,0.8323584993594351,0.8330016854725711,0.006842812629151328,0.006157981354015796,0.0422221597660099,8642.23828125,20189.473266799992,"{""0000000010101"": 4, ""0000000010110"": 979, ""0000000010111"": 13, ""0000000011000"": 4}"
1 qubit test,0.8385164807134509,1,13,1.0,42,1000,100,0.09033251144509634,1,0000001100100,0.8405838361583733,0.8434621989912968,0.019306094586607484,0.002067355444922425,0.21643919147950894,8654.5078125,77609.70679299999,"{""0000001011010"": 1, ""0000001011011"": 1, ""0000001011100"": 4, ""0000001011101"": 9, ""0000001011110"": 12, ""0000001011111"": 11, ""0000001100000"": 44, ""0000001100001"": 67, ""0000001100010"": 177, ""0000001100011"": 215, ""0000001100100"": 229, ""0000001100101"": 97, ""0000001100110"": 61, ""0000001100111"": 24, ""0000001101000"": 27, ""0000001101001"": 9, ""0000001101010"": 7, ""0000001101011"": 2, ""0000001101100"": 2, ""0000001101110"": 1}"
1 qubit test,0.8385164807134509,1,13,1.0,42,1000,100,0.020272260906481702,1,0000000010110,0.8323584993594351,0.8323963338366737,0.0011958328564766084,0.006157981354015796,0.0422221597660099,8644.36328125,62062.04803569999,"{""0000000010110"": 999, ""0000000010111"": 1}"
