Hamiltonian,Correct Eigenvalue,Estimated Eigenvalue,Suggested Samples,Used Samples
"[0.9104340447440984, 0.41703044626612473, 0.6952335510929115]","[Pauli('I'), Pauli('I'), Pauli('X')]",0.6322309399173117,0.5034800525202745,818.2614739055706,100
"[0.8248876367654175, 0.38985620520679254, 0.3117706249023827]","[Pauli('I'), Pauli('I'), Pauli('X')]",0.9029732170698274,1.0955288409938253,466.04928351548455,100
"[0.028690700137118497, 0.265367357915817, 0.012801797450533114]","[Pauli('X'), Pauli('I'), Pauli('I')]",0.24947845522923162,0.22491521780531237,18.832594183921927,100
"[0.09390060740266815, 0.7222229437017915, 0.98719942264006]","[Pauli('Z'), Pauli('I'), Pauli('I')]",1.6155217589391833,1.54448731755056,650.3947495269556,100
"[0.2966728119718327, 0.7103516834217131, 0.4879057231061279]","[Pauli('X'), Pauli('I'), Pauli('I')]",0.9015845945560084,0.9165457890267926,446.9632716366964,100
