ham,num_system_qubits,num_ancilla,time,segments,replication_seed,n_circuits,n_shots,depth,size,peak_MB,runtime,exact_eig,most_likely_bs,est_energy_med,est_energy_mean,est_energy_std,est_energy_min,est_energy_max,estimation_error,alpha,counts
ising_0.1,2,6,0.001953125,1,42,100,1,129,151,217.98828125,72.58168930000102,0.3124099870362661,000000,0.0,0.0,0.0,0.0,0.0,0.3124099870362661,0.43999999999999995,"{""000000"": 100}"
ising_0.1,2,6,0.0009765625,1,42,100,1,129,151,220.5625,72.73292589999619,0.3124099870362661,000000,0.0,0.0,0.0,0.0,0.0,0.3124099870362661,0.43999999999999995,"{""000000"": 100}"
ising_0.1,2,6,0.0015501963398126943,1,42,100,1,129,151,219.421875,72.77018150000367,0.3124099870362661,000000,0.0,0.0,0.0,0.0,0.0,0.3124099870362661,0.43999999999999995,"{""000000"": 100}"
ising_0.1,2,6,0.0010547458387620175,1,42,100,1,129,151,219.85546875,72.8854999999894,0.3124099870362661,000000,0.0,0.0,0.0,0.0,0.0,0.3124099870362661,0.43999999999999995,"{""000000"": 100}"
ising_0.1,2,6,0.002109491677524035,1,42,100,1,129,151,220.5078125,73.04768770000373,0.3124099870362661,000000,0.0,0.0,0.0,0.0,0.0,0.3124099870362661,0.43999999999999995,"{""000000"": 100}"
ising_0.1,2,6,0.0013288964845452902,1,42,100,1,129,151,221.4140625,73.24983400000201,0.3124099870362661,000000,0.0,0.0,0.0,0.0,0.0,0.3124099870362661,0.43999999999999995,"{""000000"": 100}"
ising_0.1,2,6,0.0016743046540099089,1,42,100,1,129,151,218.8125,73.2090113000013,0.3124099870362661,000000,0.0,0.0,0.0,0.0,0.0,0.3124099870362661,0.43999999999999995,"{""000000"": 100}"
ising_0.1,2,6,0.0018083490474361146,1,42,100,1,129,151,220.35546875,73.39286369999172,0.3124099870362661,000000,0.0,0.0,0.0,0.0,0.0,0.3124099870362661,0.43999999999999995,"{""000000"": 100}"
ising_0.1,2,6,0.0014352875901128893,1,42,100,1,129,151,218.62890625,73.43078429999878,0.3124099870362661,000000,0.0,0.0,0.0,0.0,0.0,0.3124099870362661,0.43999999999999995,"{""000000"": 100}"
ising_0.1,2,6,0.0012303916502879625,1,42,100,1,129,151,220.23828125,73.44649649999337,0.3124099870362661,000000,0.0,0.0,0.0,0.0,0.0,0.3124099870362661,0.43999999999999995,"{""000000"": 100}"
ising_0.1,2,6,0.0011391885152110507,1,42,100,1,129,151,220.73046875,73.53974380000727,0.3124099870362661,000000,0.0,0.0,0.0,0.0,0.0,0.3124099870362661,0.43999999999999995,"{""000000"": 100}"
ising_0.1,2,6,0.0033486093080198178,1,42,100,1,129,151,221.6328125,67.11623420000251,0.3124099870362661,000000,0.0,0.0,0.0,0.0,0.0,0.3124099870362661,0.43999999999999995,"{""000000"": 100}"
ising_0.1,2,6,0.00421898335504807,1,42,100,1,129,151,220.55078125,67.23360619999585,0.3124099870362661,000000,0.0,0.0,0.0,0.0,0.0,0.3124099870362661,0.43999999999999995,"{""000000"": 100}"
ising_0.1,2,6,0.0026577929690905803,1,42,100,1,129,151,221.16015625,68.49306570000772,0.3124099870362661,000000,0.0,0.0,0.0,0.0,0.0,0.3124099870362661,0.43999999999999995,"{""000000"": 100}"
ising_0.1,2,6,0.004556754060844206,1,42,100,1,129,151,221.84765625,69.19440749999194,0.3124099870362661,000000,0.0,0.0,0.0,0.0,0.0,0.3124099870362661,0.43999999999999995,"{""000000"": 100}"
ising_0.1,2,6,0.0022783770304221013,1,42,100,1,129,151,220.6328125,70.20901190000586,0.3124099870362661,000000,0.0,0.0,0.0,0.0,0.0,0.3124099870362661,0.43999999999999995,"{""000000"": 100}"
ising_0.1,2,6,0.0031003926796253885,1,42,100,1,129,151,222.30859375,70.34144370000286,0.3124099870362661,000000,0.0,0.0,0.0,0.0,0.0,0.3124099870362661,0.43999999999999995,"{""000000"": 100}"
ising_0.1,2,6,0.002460783300575925,1,42,100,1,129,151,221.984375,71.10395099999732,0.3124099870362661,000000,0.0,0.0,0.0,0.0,0.0,0.3124099870362661,0.43999999999999995,"{""000000"": 100}"
ising_0.1,2,6,0.0028705751802257785,1,42,100,1,129,151,222.91015625,71.04682509999839,0.3124099870362661,000000,0.0,0.0,0.0,0.0,0.0,0.3124099870362661,0.43999999999999995,"{""000000"": 100}"
ising_0.1,2,6,0.0036166980948722292,1,42,100,1,129,151,221.45703125,70.83482159998675,0.3124099870362661,000000,0.0,0.0,0.0,0.0,0.0,0.3124099870362661,0.43999999999999995,"{""000000"": 100}"
ising_0.1,2,6,0.00390625,1,42,100,1,129,151,223.6796875,71.14616570000362,0.3124099870362661,000000,0.0,0.0,0.0,0.0,0.0,0.3124099870362661,0.43999999999999995,"{""000000"": 100}"
ising_0.1,2,6,0.0049215666011518475,1,42,100,1,129,151,221.97265625,71.83712589999777,0.3124099870362661,000000,0.0,0.0,0.0,0.0,0.0,0.3124099870362661,0.43999999999999995,"{""000000"": 100}"
ising_0.1,2,6,0.006200785359250777,1,42,100,1,129,151,222.06640625,68.18590090000362,0.3124099870362661,000000,0.0,0.0,0.0,0.0,0.0,0.3124099870362661,0.43999999999999995,"{""000000"": 100}"
ising_0.1,2,6,0.005315585938181161,1,42,100,1,129,151,224.2734375,69.23371080000652,0.3124099870362661,000000,0.0,0.0,0.0,0.0,0.0,0.3124099870362661,0.43999999999999995,"{""000000"": 100}"
ising_0.1,2,6,0.0072333961897444584,1,42,100,1,129,151,219.8984375,68.17307960000471,0.3124099870362661,000000,0.0,0.0,0.0,0.0,0.0,0.3124099870362661,0.43999999999999995,"{""000000"": 100}"
ising_0.1,2,6,0.005741150360451557,1,42,100,1,129,151,224.2109375,71.12234919999901,0.3124099870362661,000000,0.0,0.0,0.0,0.0,0.0,0.3124099870362661,0.43999999999999995,"{""000000"": 100}"
ising_0.1,2,6,0.006697218616039631,1,42,100,1,129,151,222.91796875,70.06203450000612,0.3124099870362661,000000,0.0,0.0,0.0,0.0,0.0,0.3124099870362661,0.43999999999999995,"{""000000"": 100}"
ising_0.1,2,6,0.0078125,1,42,100,1,129,151,223.61328125,70.50402089999989,0.3124099870362661,000000,0.0,0.0,0.0,0.0,0.0,0.3124099870362661,0.43999999999999995,"{""000000"": 100}"
ising_0.1,2,6,0.009843133202303695,1,42,100,1,129,151,225.51171875,70.36811949999537,0.3124099870362661,000000,0.0,0.0,0.0,0.0,0.0,0.3124099870362661,0.43999999999999995,"{""000000"": 100}"
ising_0.1,2,6,0.009113508121688405,1,42,100,1,129,151,222.19140625,70.42119019999518,0.3124099870362661,000000,0.0,0.0,0.0,0.0,0.0,0.3124099870362661,0.43999999999999995,"{""000000"": 100}"
ising_0.1,2,6,0.00843796671009614,1,42,100,1,129,151,222.6484375,71.68441859999439,0.3124099870362661,000000,0.0,0.0,0.0,0.0,0.0,0.3124099870362661,0.43999999999999995,"{""000000"": 100}"
ising_0.1,2,6,0.010631171876362321,1,42,100,1,129,151,223.2734375,71.8615479,0.3124099870362661,000000,0.0,0.0,0.0,0.0,0.0,0.3124099870362661,0.43999999999999995,"{""000000"": 100}"
ising_0.1,2,6,0.011482300720903114,1,42,100,1,129,151,224.0078125,71.21118019999994,0.3124099870362661,000000,0.0,0.0,0.0,0.0,0.0,0.3124099870362661,0.43999999999999995,"{""000000"": 100}"
ising_0.1,2,6,0.012401570718501554,1,42,100,1,129,151,222.2734375,68.1374203000014,0.3124099870362661,000000,0.0,0.0,0.0,0.0,0.0,0.3124099870362661,0.43999999999999995,"{""000000"": 100}"
ising_0.1,2,6,0.013394437232079262,1,42,100,1,129,151,224.6640625,68.88409340000362,0.3124099870362661,000000,0.0,0.0,0.0,0.0,0.0,0.3124099870362661,0.43999999999999995,"{""000000"": 100}"
ising_0.1,2,6,0.014466792379488917,1,42,100,1,129,151,221.09375,68.04481120000128,0.3124099870362661,000000,0.0,0.0,0.0,0.0,0.0,0.3124099870362661,0.43999999999999995,"{""000000"": 100}"
ising_0.1,2,6,0.015625,1,42,100,1,129,151,224.125,67.58661030000076,0.3124099870362661,000000,0.0,0.0,0.0,0.0,0.0,0.3124099870362661,0.43999999999999995,"{""000000"": 100}"
ising_0.1,2,6,0.01687593342019228,1,42,100,1,129,151,224.546875,70.15970079999533,0.3124099870362661,000000,0.0,0.0,0.0,0.0,0.0,0.3124099870362661,0.43999999999999995,"{""000000"": 100}"
ising_0.1,2,6,0.018227016243376824,1,42,100,1,129,151,224.140625,70.1918743999995,0.3124099870362661,000000,0.0,0.0,0.0,0.0,0.0,0.3124099870362661,0.43999999999999995,"{""000000"": 100}"
ising_0.1,2,6,0.01968626640460739,1,42,100,1,129,151,223.44921875,70.66930340000545,0.3124099870362661,000000,0.0,0.04986967483164006,0.49869674831640054,0.0,4.986967483164006,0.3124099870362661,0.43999999999999995,"{""000000"": 99, ""000001"": 1}"
ising_0.1,2,6,0.022964601441806228,1,42,100,1,129,151,224.44140625,69.65665829999489,0.3124099870362661,000000,0.0,0.04275047867626276,0.42750478676262765,0.0,4.275047867626276,0.3124099870362661,0.43999999999999995,"{""000000"": 99, ""000001"": 1}"
ising_0.1,2,6,0.024803141437003108,1,42,100,1,129,151,224.32421875,70.20322399999714,0.3124099870362661,000000,0.0,0.039581587144528745,0.3958158714452874,0.0,3.9581587144528743,0.3124099870362661,0.43999999999999995,"{""000000"": 99, ""000001"": 1}"
ising_0.1,2,6,0.021262343752724643,1,42,100,1,129,151,223.28515625,74.03227419999894,0.3124099870362661,000000,0.0,0.046173070836605455,0.46173070836605457,0.0,4.617307083660545,0.3124099870362661,0.43999999999999995,"{""000000"": 99, ""000001"": 1}"
ising_0.1,2,6,0.026788874464158525,1,42,100,1,129,151,223.46484375,74.63418660000025,0.3124099870362661,000000,0.0,0.03664759060931485,0.3664759060931485,0.0,3.664759060931485,0.3124099870362661,0.43999999999999995,"{""000000"": 99, ""000001"": 1}"
ising_0.1,2,6,0.028933584758977816,1,42,100,1,129,151,221.6875,69.42553829999815,0.3124099870362661,000000,0.0,0.0678621548228436,0.477428222753532,0.0,3.39310774114218,0.3124099870362661,0.43999999999999995,"{""000000"": 98, ""000001"": 2}"
ising_0.1,2,6,0.03375186684038456,1,42,100,1,129,151,223.61328125,69.05308860000514,0.3124099870362661,000000,0.0,0.058174423885326315,0.4092724711997018,0.0,2.908721194266316,0.3124099870362661,0.43999999999999995,"{""000000"": 98, ""000001"": 2}"
ising_0.1,2,6,0.03125,1,42,100,1,129,151,225.58203125,69.42142140000942,0.3124099870362661,000000,0.0,0.06283185307179587,0.44203871837975867,0.0,3.141592653589793,0.3124099870362661,0.43999999999999995,"{""000000"": 98, ""000001"": 2}"
ising_0.1,2,6,0.03645403248675365,1,42,100,1,129,151,227.0078125,72.86685780000698,0.3124099870362661,000000,0.0,0.08079334196595804,0.4617248142955669,0.0,2.693111398865268,0.3124099870362661,0.43999999999999995,"{""000000"": 97, ""000001"": 3}"
ising_0.1,2,6,0.03937253280921478,1,42,100,1,129,151,225.62109375,71.44275210000342,0.3124099870362661,000000,0.0,0.0,0.7088166932351344,-4.986967483164006,2.493483741582003,0.3124099870362661,0.43999999999999995,"{""000000"": 95, ""000001"": 3, ""111110"": 1, ""111111"": 1}"
ising_0.1,2,6,0.04252468750544926,1,42,100,1,129,151,222.6875,72.10457899999165,0.3124099870362661,000000,0.0,0.0,0.6562754519135089,-4.617307083660548,2.308653541830274,0.3124099870362661,0.43999999999999995,"{""000000"": 95, ""000001"": 3, ""111110"": 1, ""111111"": 1}"
ising_0.1,2,6,0.045929202883612456,1,42,100,1,129,151,225.234375,71.46118080000451,0.3124099870362661,000000,0.0,0.0,0.6076288452216313,-4.275047867626276,2.137523933813138,0.3124099870362661,0.43999999999999995,"{""000000"": 95, ""000001"": 3, ""111110"": 1, ""111111"": 1}"
ising_0.1,2,6,0.049606282874006216,1,42,100,1,129,151,224.6171875,71.69799270000658,0.3124099870362661,000000,0.0,0.039581587144528745,0.6878776540141547,-3.9581587144528743,3.9581587144528743,0.3124099870362661,0.43999999999999995,"{""000000"": 94, ""000001"": 3, ""000010"": 1, ""111110"": 1, ""111111"": 1}"
ising_0.1,2,6,0.05357774892831705,1,42,100,1,129,151,224.31640625,72.71087469998747,0.3124099870362661,000000,0.0,0.03664759060931485,0.6368885249992116,-3.664759060931485,3.664759060931485,0.3124099870362661,0.43999999999999995,"{""000000"": 94, ""000001"": 3, ""000010"": 1, ""111110"": 1, ""111111"": 1}"
ising_0.1,2,6,0.05786716951795563,1,42,100,1,129,151,226.9140625,74.46739839999645,0.3124099870362661,000000,0.0,0.050896616117132705,0.8161361249415524,-3.39310774114218,5.089661611713271,0.3124099870362661,0.43999999999999995,"{""000000"": 91, ""000001"": 3, ""000010"": 1, ""000011"": 1, ""111110"": 1, ""111111"": 3}"
ising_0.1,2,6,0.0625,1,42,100,1,129,151,226.7890625,75.13851079999586,0.3124099870362661,000000,0.0,0.12566370614359174,1.0152956951342904,-3.141592653589793,4.71238898038469,0.3124099870362661,0.43999999999999995,"{""000000"": 88, ""000001"": 3, ""000010"": 1, ""000011"": 3, ""111110"": 1, ""111111"": 4}"
ising_0.1,2,6,0.07290806497350724,1,42,100,1,129,151,224.203125,76.6258336000028,0.3124099870362661,000000,0.0,0.14812112693758983,4.214495320148043,-26.931113988652697,30.970781086950602,0.3124099870362661,0.43999999999999995,"{""000000"": 86, ""000001"": 3, ""000010"": 1, ""000011"": 3, ""010111"": 1, ""101100"": 1, ""111110"": 1, ""111111"": 4}"
ising_0.1,2,6,0.07874506561842956,1,42,100,1,129,151,227.578125,80.42748260000371,0.3124099870362661,000000,0.0,-0.1122067683711901,2.6408475820757973,-24.934837415820027,3.7402256123730044,0.3124099870362661,0.43999999999999995,"{""000000"": 84, ""000001"": 6, ""000010"": 1, ""000011"": 3, ""101100"": 1, ""111110"": 1, ""111111"": 4}"
ising_0.1,2,6,0.06750373368076912,1,42,100,1,129,151,220.75,81.64989430000423,0.3124099870362661,000000,0.0,0.1599796656846473,4.551906715041939,-29.087211942663156,33.450293734062626,0.3124099870362661,0.43999999999999995,"{""000000"": 86, ""000001"": 3, ""000010"": 1, ""000011"": 3, ""010111"": 1, ""101100"": 1, ""111110"": 1, ""111111"": 4}"
ising_0.1,2,6,0.08504937501089851,1,42,100,1,129,151,229.69140625,79.86706980000599,0.3124099870362661,000000,0.0,0.4271009052386007,4.382988436024883,-23.08653541830274,30.01249604379357,0.3124099870362661,0.43999999999999995,"{""000000"": 81, ""000001"": 6, ""000010"": 1, ""000011"": 3, ""000111"": 1, ""010000"": 1, ""011010"": 1, ""101100"": 1, ""111100"": 1, ""111110"": 1, ""111111"": 3}"
ising_0.1,2,6,0.1071554978566341,1,42,100,1,129,151,225.51171875,79.55234040001233,0.3124099870362661,000000,0.0,0.14659036243725942,4.465137009914781,-27.485692956986135,23.820933896054655,0.3124099870362661,0.43999999999999995,"{""000000"": 73, ""000001"": 13, ""000010"": 2, ""000011"": 3, ""000111"": 1, ""010000"": 1, ""011010"": 1, ""100010"": 1, ""101100"": 1, ""111100"": 1, ""111110"": 2, ""111111"": 1}"
ising_0.1,2,6,0.09185840576722491,1,42,100,1,129,151,226.2578125,82.65526549999777,0.3124099870362661,000000,0.0,0.4275047867626277,4.064759944468487,-21.375239338131383,27.787811139570803,0.3124099870362661,0.43999999999999995,"{""000000"": 77, ""000001"": 10, ""000010"": 1, ""000011"": 3, ""000111"": 1, ""010000"": 1, ""011010"": 1, ""101100"": 1, ""111100"": 1, ""111110"": 2, ""111111"": 2}"
ising_0.1,2,6,0.09921256574801243,1,42,100,1,129,151,222.81640625,82.82005880000361,0.3124099870362661,000000,0.0,0.10884936464745408,4.818870330912181,-29.686190358396555,25.728031643943684,0.3124099870362661,0.43999999999999995,"{""000000"": 75, ""000001"": 11, ""000010"": 1, ""000011"": 3, ""000111"": 1, ""010000"": 1, ""011010"": 1, ""100010"": 1, ""101100"": 1, ""111100"": 1, ""111110"": 2, ""111111"": 2}"
ising_0.1,2,6,0.11573433903591127,1,42,100,1,129,151,224.2734375,82.51751910000166,0.3124099870362661,000000,0.0,0.22055200317424173,4.151526529687005,-25.44830805856635,22.055200317424173,0.3124099870362661,0.43999999999999995,"{""000000"": 67, ""000001"": 17, ""000010"": 3, ""000011"": 3, ""000100"": 1, ""000111"": 1, ""010000"": 1, ""011010"": 1, ""100010"": 1, ""101100"": 1, ""111100"": 1, ""111110"": 2, ""111111"": 1}"
ising_0.1,2,6,0.125,1,42,100,1,129,151,222.5,80.38065789999382,0.3124099870362661,000000,0.0,0.22776546738526005,3.8465076573851325,-23.561944901923447,20.420352248333657,0.3124099870362661,0.43999999999999995,"{""000000"": 65, ""000001"": 18, ""000010"": 4, ""000011"": 3, ""000100"": 1, ""000111"": 1, ""010000"": 1, ""011010"": 1, ""100010"": 1, ""101100"": 1, ""111100"": 1, ""111110"": 2, ""111111"": 1}"
ising_0.1,2,6,0.13500746736153824,1,42,100,1,129,151,227.390625,79.47732840001117,0.3124099870362661,000000,0.0,0.11634884777065264,3.1105449636160714,-21.815408956997366,11.634884777065263,0.3124099870362661,0.43999999999999995,"{""000000"": 58, ""000001"": 23, ""000010"": 4, ""000011"": 3, ""000100"": 1, ""000111"": 1, ""001010"": 1, ""010000"": 1, ""100010"": 1, ""101100"": 1, ""111100"": 1, ""111110"": 2, ""111111"": 3}"
ising_0.1,2,6,0.14581612994701448,1,42,100,1,129,151,225.66796875,80.6544520999887,0.3124099870362661,000000,0.0,0.14138834844042666,2.8888249147935467,-20.198335491489523,10.772445595461079,0.3124099870362661,0.43999999999999995,"{""000000"": 49, ""000001"": 31, ""000010"": 3, ""000011"": 2, ""000100"": 2, ""000111"": 1, ""001010"": 1, ""010000"": 1, ""100010"": 1, ""101100"": 1, ""111100"": 1, ""111110"": 2, ""111111"": 5}"
ising_0.1,2,6,0.15749013123685912,1,42,100,1,129,151,223.078125,78.45457950000127,0.3124099870362661,000000,0.0,0.16207644320283018,2.726037262575401,-18.70112806186502,9.973934966328011,0.3124099870362661,0.43999999999999995,"{""000000"": 42, ""000001"": 37, ""000010"": 3, ""000011"": 2, ""000100"": 2, ""001010"": 2, ""010000"": 1, ""100010"": 1, ""101100"": 1, ""111100"": 2, ""111110"": 2, ""111111"": 5}"
ising_0.1,2,6,0.18371681153444983,1,42,100,1,129,151,224.765625,78.38361540000187,0.3124099870362661,000001,0.5343809834532846,0.35803525891370064,1.6077334937977914,-10.153238685612406,8.550095735252553,0.22197099641701845,0.43999999999999995,"{""000000"": 29, ""000001"": 52, ""000010"": 4, ""000011"": 2, ""001010"": 2, ""010000"": 1, ""101101"": 1, ""111100"": 1, ""111101"": 1, ""111110"": 2, ""111111"": 5}"
ising_0.1,2,6,0.17009875002179703,1,42,100,1,129,151,226.8203125,80.80278019999969,0.3124099870362661,000001,0.5771633854575685,0.16737738178269487,2.4791437683746635,-17.314901563727055,9.234614167321096,0.2647533984213024,0.43999999999999995,"{""000000"": 34, ""000001"": 45, ""000010"": 4, ""000011"": 2, ""001010"": 2, ""010000"": 1, ""100010"": 1, ""101101"": 1, ""111100"": 1, ""111101"": 1, ""111110"": 2, ""111111"": 6}"
ising_0.1,2,6,0.19842513149602486,1,42,100,1,129,151,231.01953125,80.90713069999765,0.3124099870362661,000001,0.4947698393066093,0.4898221409135432,2.083161513643452,-9.400626946825575,14.843095179198277,0.18235985227034318,0.43999999999999995,"{""000000"": 21, ""000001"": 58, ""000010"": 2, ""000011"": 3, ""001010"": 2, ""010000"": 1, ""011110"": 1, ""101101"": 1, ""111100"": 1, ""111101"": 1, ""111110"": 3, ""111111"": 6}"
ising_0.1,2,6,0.23146867807182253,1,42,100,1,129,151,227.43359375,80.45750400000543,0.3124099870362661,000001,0.4241384676427725,0.11027600158712086,1.6160497020928684,-12.300015561640404,4.241384676427725,0.11172848060650642,0.43999999999999995,"{""000000"": 14, ""000001"": 68, ""000010"": 2, ""000011"": 3, ""001010"": 1, ""100011"": 1, ""101101"": 1, ""111100"": 1, ""111101"": 1, ""111110"": 2, ""111111"": 6}"
ising_0.1,2,6,0.2143109957132682,1,42,100,1,129,151,225.32421875,82.67547149999882,0.3124099870362661,000001,0.4580948826164356,0.16491415774191684,1.8910392059686656,-13.284751595876633,7.32951812186297,0.1456848955801695,0.43999999999999995,"{""000000"": 19, ""000001"": 61, ""000010"": 3, ""000011"": 3, ""001010"": 1, ""010000"": 1, ""100011"": 1, ""101101"": 1, ""111100"": 1, ""111101"": 1, ""111110"": 3, ""111111"": 5}"
ising_0.1,2,6,0.25,1,42,100,1,129,151,223.83984375,80.79284409999673,0.3124099870362661,000001,0.39269908169872414,0.1610066234964769,1.2217099346047076,-11.388273369263,1.1780972450961724,0.08028909466245804,0.43999999999999995,"{""000000"": 13, ""000001"": 73, ""000010"": 1, ""000011"": 3, ""100011"": 1, ""111100"": 1, ""111110"": 2, ""111111"": 6}"
ising_0.1,2,6,0.29163225989402897,1,42,100,1,129,151,224.66015625,82.4743213000038,0.3124099870362661,000001,0.3366389248581587,0.14812112693758983,1.2088737790805868,-9.762528820886603,1.3465556994326349,0.024228937821892615,0.43999999999999995,"{""000000"": 3, ""000001"": 81, ""000010"": 2, ""000011"": 4, ""000100"": 1, ""100011"": 1, ""101111"": 1, ""111100"": 1, ""111110"": 1, ""111111"": 5}"
ising_0.1,2,6,0.314980262473718,1,42,100,1,129,151,230.69140625,80.05665210000006,0.3124099870362661,000001,0.3116854676977506,0.1558427338488753,1.1376832244080957,-9.038878563234768,2.181798273884254,0.000724519338515528,0.43999999999999995,"{""000000"": 3, ""000001"": 80, ""000010"": 2, ""000011"": 4, ""000100"": 1, ""000111"": 1, ""100011"": 1, ""101111"": 1, ""111100"": 1, ""111110"": 1, ""111111"": 5}"
ising_0.1,2,6,0.27001493472307647,1,42,100,1,129,151,225.1171875,84.12648259999696,0.3124099870362661,000001,0.3635901492832895,0.10907704478498684,1.306862160402223,-10.544114329215395,1.0907704478498683,0.051180162247023375,0.43999999999999995,"{""000000"": 8, ""000001"": 77, ""000010"": 1, ""000011"": 4, ""100011"": 1, ""101111"": 1, ""111100"": 2, ""111110"": 1, ""111111"": 5}"
ising_0.1,2,6,0.3401975000435943,1,42,100,1,129,151,226.8984375,80.98740949999774,0.3124099870362661,000001,0.2885816927287841,0.19623555105557317,1.1586038479728542,-8.368869089134739,4.90588877638933,0.023828294307482012,0.43999999999999995,"{""000000"": 4, ""000001"": 76, ""000010"": 3, ""000011"": 5, ""000100"": 1, ""000111"": 1, ""010001"": 1, ""100011"": 1, ""101111"": 1, ""111100"": 1, ""111110"": 1, ""111111"": 5}"
ising_0.1,2,6,0.36743362306889965,1,42,100,1,129,151,224.5,78.8873617999925,0.3124099870362661,000001,0.2671904917266423,0.2725343015611751,1.3734692841331884,-7.748524260072627,8.28290524352591,0.045219495309623825,0.43999999999999995,"{""000000"": 8, ""000001"": 66, ""000010"": 7, ""000011"": 6, ""000111"": 1, ""001010"": 1, ""010001"": 1, ""011111"": 1, ""100011"": 1, ""101111"": 1, ""111100"": 2, ""111110"": 2, ""111111"": 3}"
ising_0.1,2,6,0.39685026299204973,1,42,100,1,129,151,225.00390625,75.01309059999767,0.3124099870362661,000001,0.24738491965330464,0.2622280148325029,1.4921269523406324,-7.174162669945835,7.668932509252444,0.06502506738296146,0.43999999999999995,"{""000000"": 10, ""000001"": 58, ""000010"": 8, ""000011"": 6, ""000111"": 1, ""001010"": 2, ""010001"": 1, ""010111"": 1, ""011111"": 1, ""100011"": 1, ""101101"": 1, ""101111"": 1, ""111100"": 2, ""111110"": 4, ""111111"": 3}"
ising_0.1,2,6,0.4286219914265361,1,42,100,1,129,151,224.5,75.80456889999914,0.3124099870362661,000001,0.22904744130821797,0.27714740398294374,1.2714514120966538,-4.351901384856141,7.100470680554756,0.08336254572804813,0.43999999999999995,"{""000000"": 10, ""000001"": 45, ""000010"": 19, ""000011"": 7, ""000100"": 1, ""000111"": 1, ""001010"": 1, ""010010"": 1, ""010111"": 1, ""011111"": 1, ""101101"": 1, ""101110"": 1, ""101111"": 1, ""111100"": 2, ""111101"": 1, ""111110"": 4, ""111111"": 3}"
ising_0.1,2,6,0.46293735614364534,1,42,100,1,129,151,230.78515625,77.2897934000066,0.3124099870362661,000001,0.21206923382138615,0.29477623501172673,1.0617996679431954,-4.029315442606337,6.57414624846297,0.10034075321487995,0.43999999999999995,"{""000000"": 10, ""000001"": 34, ""000010"": 26, ""000011"": 11, ""000100"": 1, ""000111"": 2, ""001010"": 2, ""010010"": 1, ""011111"": 1, ""101101"": 1, ""101110"": 1, ""110110"": 1, ""111100"": 2, ""111110"": 5, ""111111"": 2}"
ising_0.1,2,6,0.5,1,42,100,1,129,151,226.3984375,77.2834942999907,0.3124099870362661,000010,0.39269908169872414,0.2650718801466388,0.9773248351713494,-3.730641276137879,6.086835766330224,0.08028909466245804,0.43999999999999995,"{""000000"": 10, ""000001"": 22, ""000010"": 38, ""000011"": 9, ""000100"": 1, ""000101"": 1, ""000111"": 2, ""001010"": 1, ""010010"": 1, ""011111"": 1, ""101101"": 1, ""101110"": 1, ""110110"": 1, ""111011"": 1, ""111100"": 1, ""111110"": 7, ""111111"": 2}"
ising_0.1,2,6,0.5400298694461529,1,42,100,1,129,151,228.28125,78.77594910000334,0.3124099870362661,000010,0.3635901492832895,0.2108822865843079,0.8112529656903636,-3.4541064181912495,3.2723113435496054,0.051180162247023375,0.43999999999999995,"{""000000"": 7, ""000001"": 15, ""000010"": 55, ""000011"": 7, ""000100"": 1, ""000111"": 2, ""001110"": 1, ""010010"": 1, ""101101"": 2, ""101110"": 1, ""110110"": 1, ""111110"": 7}"
ising_0.1,2,6,0.5832645197880579,1,42,100,1,129,151,223.92578125,77.17631700000493,0.3124099870362661,000010,0.3366389248581587,0.2541623882679098,0.7468296361472873,-3.0297503237234285,3.0297503237234285,0.024228937821892615,0.43999999999999995,"{""000000"": 5, ""000001"": 14, ""000010"": 59, ""000011"": 4, ""000100"": 1, ""000101"": 1, ""000110"": 1, ""000111"": 2, ""001110"": 2, ""010010"": 1, ""101110"": 3, ""111110"": 7}"
ising_0.1,2,6,0.629960524947436,1,42,100,1,129,151,227.7578125,76.97339890000876,0.3124099870362661,000010,0.3116854676977506,0.296101194312863,0.8614531241332306,-2.805169209279755,4.675282015466259,0.000724519338515528,0.43999999999999995,"{""000000"": 4, ""000001"": 11, ""000010"": 57, ""000011"": 7, ""000100"": 3, ""000110"": 1, ""000111"": 2, ""001101"": 1, ""001110"": 2, ""010010"": 1, ""011110"": 1, ""101110"": 3, ""110101"": 1, ""111110"": 6}"
ising_0.1,2,6,0.6803950000871886,1,42,100,1,129,151,227.5078125,78.73915100000158,0.3124099870362661,000010,0.2885816927287841,0.3549554820564044,0.9399164572790192,-2.7415260809234487,4.328725390931761,0.023828294307482012,0.43999999999999995,"{""000000"": 4, ""000001"": 10, ""000010"": 46, ""000011"": 14, ""000100"": 6, ""000101"": 1, ""000110"": 1, ""001000"": 1, ""001101"": 2, ""001110"": 1, ""010010"": 1, ""010101"": 1, ""011110"": 2, ""101101"": 1, ""101110"": 2, ""110101"": 1, ""111100"": 1, ""111110"": 5}"
ising_0.1,2,6,0.7348672461377993,1,42,100,1,129,151,224.75390625,80.48393770000257,0.3124099870362661,000010,0.2671904917266423,0.38074645071046526,0.8716844846426821,-2.5383096714031015,4.0078573758996345,0.045219495309623825,0.43999999999999995,"{""000000"": 5, ""000001"": 12, ""000010"": 33, ""000011"": 18, ""000100"": 7, ""000101"": 2, ""000110"": 4, ""001000"": 1, ""001010"": 1, ""001101"": 1, ""010010"": 1, ""010101"": 1, ""011011"": 1, ""011101"": 1, ""011110"": 1, ""101101"": 1, ""101110"": 1, ""110101"": 1, ""111100"": 1, ""111110"": 6, ""111111"": 1}"
ising_0.1,2,6,0.7937005259840995,1,42,100,1,129,151,225.77734375,79.41498580000189,0.3124099870362661,000011,0.3092311495666308,0.3834466254626222,0.8213301262815579,-2.350156736706394,3.834466254626222,0.0031788374696353205,0.43999999999999995,"{""000000"": 5, ""000001"": 12, ""000010"": 22, ""000011"": 23, ""000100"": 8, ""000101"": 5, ""000110"": 6, ""001000"": 1, ""001010"": 1, ""001101"": 1, ""010010"": 1, ""010101"": 1, ""011011"": 1, ""011110"": 1, ""011111"": 1, ""101101"": 1, ""101110"": 1, ""110101"": 1, ""111011"": 1, ""111100"": 1, ""111110"": 3, ""111111"": 3}"
ising_0.1,2,6,0.8572439828530722,1,42,100,1,129,151,225.734375,75.12891010000021,0.3124099870362661,000011,0.34357116196232695,0.3252473666576695,0.7564697649106744,-2.1759506924280707,3.435711619623269,0.031161174926060853,0.43999999999999995,"{""000000"": 7, ""000001"": 10, ""000010"": 14, ""000011"": 28, ""000100"": 10, ""000101"": 7, ""000110"": 5, ""001000"": 1, ""001010"": 1, ""001101"": 1, ""010010"": 2, ""010101"": 1, ""011011"": 1, ""011110"": 1, ""101101"": 1, ""101110"": 2, ""110101"": 1, ""111000"": 1, ""111011"": 1, ""111100"": 1, ""111110"": 1, ""111111"": 3}"
ising_0.1,2,6,1.0,1,42,100,1,129,151,225.0390625,77.68809109998983,0.3124099870362661,000100,0.39269908169872414,0.2905973204570559,0.7725149031492207,-3.141592653589793,2.945243112740431,0.08028909466245804,0.43999999999999995,"{""000000"": 4, ""000001"": 3, ""000010"": 6, ""000011"": 20, ""000100"": 23, ""000101"": 9, ""000110"": 9, ""000111"": 1, ""001000"": 2, ""001001"": 1, ""001010"": 2, ""001100"": 1, ""001101"": 1, ""001110"": 1, ""010101"": 1, ""011011"": 1, ""011110"": 1, ""100000"": 1, ""100010"": 1, ""101100"": 1, ""101110"": 1, ""111000"": 1, ""111001"": 1, ""111011"": 1, ""111100"": 2, ""111101"": 2, ""111110"": 2, ""111111"": 1}"
ising_0.1,2,6,0.9258747122872896,1,42,100,1,129,151,225.546875,80.56529199999932,0.3124099870362661,000011,0.3181038507320796,0.26402619610762607,0.8353926782746692,-3.3931077411421824,3.1810385073207956,0.005693863695813484,0.43999999999999995,"{""000000"": 3, ""000001"": 7, ""000010"": 9, ""000011"": 25, ""000100"": 21, ""000101"": 7, ""000110"": 6, ""001000"": 1, ""001001"": 2, ""001010"": 1, ""001101"": 1, ""001110"": 1, ""010101"": 1, ""011011"": 1, ""011110"": 1, ""100000"": 1, ""100011"": 1, ""101110"": 3, ""111000"": 1, ""111001"": 1, ""111011"": 1, ""111100"": 1, ""111101"": 1, ""111110"": 2, ""111111"": 1}"
ising_0.1,2,6,1.0800597388923059,1,42,100,1,129,151,226.546875,75.49097050000273,0.3124099870362661,000100,0.3635901492832895,0.309051626890796,0.8119851101960144,-2.908721194266316,2.726926119624671,0.051180162247023375,0.43999999999999995,"{""000000"": 4, ""000001"": 2, ""000010"": 6, ""000011"": 13, ""000100"": 27, ""000101"": 9, ""000110"": 8, ""000111"": 1, ""001000"": 3, ""001001"": 2, ""001010"": 2, ""001100"": 2, ""001110"": 1, ""010100"": 1, ""011011"": 1, ""011101"": 1, ""011110"": 2, ""100000"": 1, ""100010"": 1, ""101101"": 1, ""101110"": 1, ""101111"": 1, ""111000"": 1, ""111001"": 1, ""111011"": 2, ""111100"": 2, ""111101"": 1, ""111110"": 2, ""111111"": 1}"
ising_0.1,2,6,1.1665290395761159,1,42,100,1,129,151,224.515625,77.00366850000864,0.3124099870362661,000100,0.3366389248581587,0.3458964952917581,0.6010677150355512,-2.6931113988652697,2.4406322052216507,0.024228937821892615,0.43999999999999995,"{""000000"": 5, ""000001"": 3, ""000010"": 4, ""000011"": 11, ""000100"": 30, ""000101"": 8, ""000110"": 9, ""000111"": 1, ""001000"": 4, ""001011"": 1, ""001100"": 7, ""001110"": 1, ""010100"": 1, ""010101"": 1, ""011011"": 1, ""011101"": 1, ""100000"": 1, ""101110"": 1, ""111000"": 1, ""111001"": 1, ""111010"": 1, ""111011"": 1, ""111100"": 3, ""111110"": 1, ""111111"": 2}"
ising_0.1,2,6,1.259921049894872,1,42,100,1,129,151,229.54296875,77.22151930000109,0.3124099870362661,000100,0.3116854676977506,0.3670096382141013,0.5503518764094688,-1.4025846046398776,2.259719640808692,0.000724519338515528,0.43999999999999995,"{""000000"": 5, ""000001"": 4, ""000010"": 3, ""000011"": 9, ""000100"": 26, ""000101"": 10, ""000110"": 11, ""001000"": 5, ""001010"": 1, ""001011"": 1, ""001100"": 6, ""001110"": 1, ""010100"": 1, ""010101"": 1, ""010111"": 1, ""011010"": 1, ""011011"": 1, ""011101"": 1, ""101110"": 1, ""110011"": 1, ""110111"": 1, ""111000"": 1, ""111001"": 1, ""111011"": 1, ""111100"": 4, ""111110"": 1, ""111111"": 1}"
ising_0.1,2,6,1.587401051968199,1,42,100,1,129,151,232.32421875,75.71921159999329,0.3124099870362661,000101,0.3092311495666308,0.2851111199004336,0.5124076540121687,-1.113232138439871,1.917233127313111,0.0031788374696353205,0.43999999999999995,"{""000000"": 1, ""000001"": 3, ""000010"": 7, ""000011"": 6, ""000100"": 5, ""000101"": 10, ""000110"": 10, ""000111"": 9, ""001000"": 4, ""001001"": 4, ""001010"": 5, ""001011"": 4, ""001100"": 3, ""001111"": 1, ""010000"": 1, ""010100"": 1, ""010101"": 1, ""010111"": 1, ""011010"": 1, ""011101"": 1, ""011111"": 1, ""101110"": 1, ""110000"": 1, ""110101"": 1, ""110111"": 3, ""111000"": 3, ""111001"": 2, ""111010"": 1, ""111011"": 1, ""111100"": 4, ""111101"": 1, ""111110"": 3}"
ising_0.1,2,6,1.4697344922755986,1,42,100,1,129,151,225.08203125,79.31938689999515,0.3124099870362661,000101,0.30058930319247257,0.30860501794427186,0.5912211905206037,-1.2023572127698903,2.0707263108814775,0.011820683843793534,0.43999999999999995,"{""000000"": 3, ""000001"": 4, ""000010"": 5, ""000011"": 8, ""000100"": 10, ""000101"": 12, ""000110"": 8, ""000111"": 5, ""001000"": 3, ""001001"": 1, ""001010"": 3, ""001011"": 4, ""001100"": 6, ""010101"": 2, ""010111"": 1, ""011010"": 1, ""011011"": 1, ""011101"": 2, ""011111"": 1, ""101110"": 1, ""110000"": 1, ""110011"": 1, ""110101"": 1, ""110111"": 1, ""111000"": 4, ""111001"": 1, ""111010"": 1, ""111011"": 1, ""111100"": 6, ""111110"": 2}"
ising_0.1,2,6,1.3607900001743771,1,42,100,1,129,151,224.4765625,80.65935750000062,0.3124099870362661,000100,0.2885816927287841,0.3239329500880601,0.5947933842771165,-1.2986176172795283,2.2365081186480764,0.023828294307482012,0.43999999999999995,"{""000000"": 4, ""000001"": 4, ""000010"": 2, ""000011"": 9, ""000100"": 17, ""000101"": 13, ""000110"": 11, ""000111"": 2, ""001000"": 3, ""001010"": 2, ""001011"": 2, ""001100"": 6, ""001110"": 1, ""010100"": 1, ""010101"": 1, ""010111"": 1, ""011010"": 1, ""011011"": 1, ""011101"": 1, ""011111"": 1, ""101110"": 1, ""110010"": 1, ""110011"": 1, ""110101"": 1, ""110111"": 1, ""111000"": 4, ""111001"": 1, ""111011"": 1, ""111100"": 4, ""111110"": 1, ""111111"": 1}"
ising_0.1,2,6,1.8517494245745791,1,42,100,1,129,151,225.4765625,76.60656650000601,0.3124099870362661,001001,0.3181038507320796,0.2576641190929845,0.5585476058112698,-1.6435365621157445,1.3784500198390117,0.005693863695813484,0.43999999999999995,"{""000000"": 2, ""000001"": 1, ""000010"": 6, ""000011"": 6, ""000100"": 3, ""000101"": 6, ""000110"": 5, ""000111"": 8, ""001000"": 5, ""001001"": 8, ""001010"": 5, ""001011"": 3, ""001100"": 3, ""001101"": 3, ""001110"": 1, ""010000"": 1, ""010001"": 1, ""010010"": 1, ""010100"": 1, ""010101"": 4, ""010111"": 3, ""011000"": 1, ""011010"": 1, ""100001"": 1, ""100111"": 1, ""101110"": 1, ""101111"": 2, ""110000"": 1, ""110010"": 1, ""110100"": 1, ""110110"": 1, ""110111"": 2, ""111000"": 2, ""111001"": 1, ""111010"": 2, ""111011"": 1, ""111100"": 2, ""111101"": 1, ""111111"": 2}"
ising_0.1,2,6,1.7144879657061445,1,42,100,1,129,151,225.7734375,80.60902289999649,0.3124099870362661,000110,0.34357116196232695,0.312077138782447,0.4895754602874061,-1.0307134858869809,1.4888083685034168,0.031161174926060853,0.43999999999999995,"{""000000"": 1, ""000001"": 2, ""000010"": 6, ""000011"": 6, ""000100"": 4, ""000101"": 9, ""000110"": 9, ""000111"": 8, ""001000"": 5, ""001001"": 6, ""001010"": 4, ""001011"": 4, ""001100"": 3, ""001101"": 2, ""001110"": 1, ""001111"": 2, ""010000"": 1, ""010001"": 1, ""010010"": 2, ""010100"": 1, ""010101"": 1, ""010111"": 2, ""011000"": 1, ""011010"": 1, ""101110"": 1, ""101111"": 1, ""110000"": 1, ""110010"": 1, ""110101"": 1, ""110111"": 2, ""111000"": 2, ""111001"": 2, ""111010"": 1, ""111100"": 3, ""111101"": 1, ""111110"": 1, ""111111"": 1}"
ising_0.1,2,6,2.0,1,42,100,1,129,151,226.9765625,70.10507059999509,0.3124099870362661,000111,0.2945243112740431,0.22383847656827277,0.590588647467046,-1.423534171157875,1.325359400733194,0.017885675762222997,0.43999999999999995,"{""000000"": 4, ""000010"": 3, ""000011"": 3, ""000100"": 5, ""000101"": 6, ""000110"": 6, ""000111"": 7, ""001000"": 6, ""001001"": 6, ""001010"": 5, ""001011"": 1, ""001100"": 4, ""001101"": 3, ""001110"": 2, ""010001"": 3, ""010100"": 2, ""010101"": 3, ""010111"": 3, ""011000"": 2, ""011010"": 1, ""011011"": 1, ""100011"": 3, ""100110"": 1, ""101110"": 2, ""101111"": 1, ""110000"": 1, ""110001"": 1, ""110010"": 1, ""110100"": 1, ""110110"": 1, ""110111"": 2, ""111000"": 2, ""111010"": 2, ""111011"": 1, ""111100"": 2, ""111110"": 1, ""111111"": 2}"
ising_0.1,2,8,0.0009765625,1,42,100,1,514,552,232.2421875,115.46417739999015,0.3124099870362661,00000000,0.0,0.0,0.0,0.0,0.0,0.3124099870362661,0.43999999999999995,"{""00000000"": 100}"
ising_0.1,2,8,0.0010547458387620175,1,42,100,1,514,552,234.796875,119.19516259999364,0.3124099870362661,00000000,0.0,0.0,0.0,0.0,0.0,0.3124099870362661,0.43999999999999995,"{""00000000"": 100}"
ising_0.1,2,8,0.0011391885152110507,1,42,100,1,514,552,236.23828125,119.25988329999382,0.3124099870362661,00000000,0.0,0.0,0.0,0.0,0.0,0.3124099870362661,0.43999999999999995,"{""00000000"": 100}"
ising_0.1,2,8,0.0013288964845452902,1,42,100,1,514,552,236.765625,115.66803359999903,0.3124099870362661,00000000,0.0,0.0,0.0,0.0,0.0,0.3124099870362661,0.43999999999999995,"{""00000000"": 100}"
ising_0.1,2,8,0.0012303916502879625,1,42,100,1,514,552,238.94140625,118.87231940000493,0.3124099870362661,00000000,0.0,0.0,0.0,0.0,0.0,0.3124099870362661,0.43999999999999995,"{""00000000"": 100}"
ising_0.1,2,8,0.0014352875901128893,1,42,100,1,514,552,236.87890625,117.74377289999393,0.3124099870362661,00000000,0.0,0.0,0.0,0.0,0.0,0.3124099870362661,0.43999999999999995,"{""00000000"": 100}"
ising_0.1,2,8,0.0015501963398126943,1,42,100,1,514,552,240.12890625,118.47008420000202,0.3124099870362661,00000000,0.0,0.0,0.0,0.0,0.0,0.3124099870362661,0.43999999999999995,"{""00000000"": 100}"
ising_0.1,2,8,0.0016743046540099089,1,42,100,1,514,552,235.99609375,118.16402160000871,0.3124099870362661,00000000,0.0,0.0,0.0,0.0,0.0,0.3124099870362661,0.43999999999999995,"{""00000000"": 100}"
ising_0.1,2,8,0.0018083490474361146,1,42,100,1,514,552,233.1875,118.61106650000147,0.3124099870362661,00000000,0.0,0.0,0.0,0.0,0.0,0.3124099870362661,0.43999999999999995,"{""00000000"": 100}"
ising_0.1,2,8,0.001953125,1,42,100,1,514,552,235.01953125,118.30516040000657,0.3124099870362661,00000000,0.0,0.0,0.0,0.0,0.0,0.3124099870362661,0.43999999999999995,"{""00000000"": 100}"
ising_0.1,2,8,0.002109491677524035,1,42,100,1,514,552,232.9375,118.04867730000115,0.3124099870362661,00000000,0.0,0.0,0.0,0.0,0.0,0.3124099870362661,0.43999999999999995,"{""00000000"": 100}"
ising_0.1,2,8,0.002460783300575925,1,42,100,1,514,552,239.390625,113.96358509999118,0.3124099870362661,00000000,0.0,0.0,0.0,0.0,0.0,0.3124099870362661,0.43999999999999995,"{""00000000"": 100}"
ising_0.1,2,8,0.0022783770304221013,1,42,100,1,514,552,238.73828125,119.0090338000009,0.3124099870362661,00000000,0.0,0.0,0.0,0.0,0.0,0.3124099870362661,0.43999999999999995,"{""00000000"": 100}"
ising_0.1,2,8,0.0026577929690905803,1,42,100,1,514,552,237.55078125,114.1217808000074,0.3124099870362661,00000000,0.0,0.0,0.0,0.0,0.0,0.3124099870362661,0.43999999999999995,"{""00000000"": 100}"
ising_0.1,2,8,0.0033486093080198178,1,42,100,1,514,552,239.16015625,113.54041770000185,0.3124099870362661,00000000,0.0,0.0,0.0,0.0,0.0,0.3124099870362661,0.43999999999999995,"{""00000000"": 100}"
ising_0.1,2,8,0.0028705751802257785,1,42,100,1,514,552,238.88671875,119.33286080000107,0.3124099870362661,00000000,0.0,0.0,0.0,0.0,0.0,0.3124099870362661,0.43999999999999995,"{""00000000"": 100}"
ising_0.1,2,8,0.0031003926796253885,1,42,100,1,514,552,240.46484375,119.09469899999385,0.3124099870362661,00000000,0.0,0.0,0.0,0.0,0.0,0.3124099870362661,0.43999999999999995,"{""00000000"": 100}"
ising_0.1,2,8,0.00390625,1,42,100,1,514,552,236.890625,116.17357609998726,0.3124099870362661,00000000,0.0,0.0,0.0,0.0,0.0,0.3124099870362661,0.43999999999999995,"{""00000000"": 100}"
ising_0.1,2,8,0.0036166980948722292,1,42,100,1,514,552,242.69921875,118.68932469999709,0.3124099870362661,00000000,0.0,0.0,0.0,0.0,0.0,0.3124099870362661,0.43999999999999995,"{""00000000"": 100}"
ising_0.1,2,8,0.00421898335504807,1,42,100,1,514,552,235.22265625,115.01049110000895,0.3124099870362661,00000000,0.0,0.0,0.0,0.0,0.0,0.3124099870362661,0.43999999999999995,"{""00000000"": 100}"
ising_0.1,2,8,0.004556754060844206,1,42,100,1,514,552,235.94140625,116.47872800000187,0.3124099870362661,00000000,0.0,0.0,0.0,0.0,0.0,0.3124099870362661,0.43999999999999995,"{""00000000"": 100}"
ising_0.1,2,8,0.0049215666011518475,1,42,100,1,514,552,233.72265625,114.27072660000704,0.3124099870362661,00000000,0.0,0.04986967483164006,0.49869674831640054,0.0,4.986967483164006,0.3124099870362661,0.43999999999999995,"{""00000000"": 99, ""00000001"": 1}"
ising_0.1,2,8,0.005315585938181161,1,42,100,1,514,552,244.63671875,111.90367690000858,0.3124099870362661,00000000,0.0,0.046173070836605455,0.46173070836605457,0.0,4.617307083660545,0.3124099870362661,0.43999999999999995,"{""00000000"": 99, ""00000001"": 1}"
ising_0.1,2,8,0.006200785359250777,1,42,100,1,514,552,241.3515625,112.4009006999986,0.3124099870362661,00000000,0.0,0.039581587144528745,0.3958158714452874,0.0,3.9581587144528743,0.3124099870362661,0.43999999999999995,"{""00000000"": 99, ""00000001"": 1}"
ising_0.1,2,8,0.005741150360451557,1,42,100,1,514,552,235.671875,118.16124440000567,0.3124099870362661,00000000,0.0,0.04275047867626276,0.42750478676262765,0.0,4.275047867626276,0.3124099870362661,0.43999999999999995,"{""00000000"": 99, ""00000001"": 1}"
ising_0.1,2,8,0.006697218616039631,1,42,100,1,514,552,235.97265625,112.25401100001181,0.3124099870362661,00000000,0.0,0.03664759060931485,0.3664759060931485,0.0,3.664759060931485,0.3124099870362661,0.43999999999999995,"{""00000000"": 99, ""00000001"": 1}"
ising_0.1,2,8,0.0072333961897444584,1,42,100,1,514,552,238.0546875,117.14317250000022,0.3124099870362661,00000000,0.0,0.06786215482284357,0.4774282227535317,0.0,3.3931077411421784,0.3124099870362661,0.43999999999999995,"{""00000000"": 98, ""00000001"": 2}"
ising_0.1,2,8,0.00843796671009614,1,42,100,1,514,552,236.60546875,114.54455120000057,0.3124099870362661,00000000,0.0,0.058174423885326315,0.4092724711997018,0.0,2.908721194266316,0.3124099870362661,0.43999999999999995,"{""00000000"": 98, ""00000001"": 2}"
ising_0.1,2,8,0.0078125,1,42,100,1,514,552,239.80859375,117.8021982999926,0.3124099870362661,00000000,0.0,0.06283185307179587,0.44203871837975867,0.0,3.141592653589793,0.3124099870362661,0.43999999999999995,"{""00000000"": 98, ""00000001"": 2}"
ising_0.1,2,8,0.009113508121688405,1,42,100,1,514,552,243.42578125,117.63800510000146,0.3124099870362661,00000000,0.0,0.0807933419659581,0.4617248142955672,0.0,2.6931113988652697,0.3124099870362661,0.43999999999999995,"{""00000000"": 97, ""00000001"": 3}"
ising_0.1,2,8,0.010631171876362321,1,42,100,1,514,552,232.3671875,113.70216939999955,0.3124099870362661,00000000,0.0,0.0,0.6562754519135086,-4.617307083660545,2.3086535418302727,0.3124099870362661,0.43999999999999995,"{""00000000"": 95, ""00000001"": 3, ""11111110"": 1, ""11111111"": 1}"
ising_0.1,2,8,0.009843133202303695,1,42,100,1,514,552,235.82421875,117.74461639999936,0.3124099870362661,00000000,0.0,0.04986967483164006,0.49869674831640054,-2.493483741582003,2.493483741582003,0.3124099870362661,0.43999999999999995,"{""00000000"": 96, ""00000001"": 3, ""11111111"": 1}"
ising_0.1,2,8,0.011482300720903114,1,42,100,1,514,552,233.4609375,113.72395450000477,0.3124099870362661,00000000,0.0,0.0,0.6076288452216313,-4.275047867626276,2.137523933813138,0.3124099870362661,0.43999999999999995,"{""00000000"": 95, ""00000001"": 3, ""11111110"": 1, ""11111111"": 1}"
ising_0.1,2,8,0.012401570718501554,1,42,100,1,514,552,245.3046875,111.59696499998972,0.3124099870362661,00000000,0.0,0.039581587144528745,0.6878776540141547,-3.9581587144528743,3.9581587144528743,0.3124099870362661,0.43999999999999995,"{""00000000"": 94, ""00000001"": 3, ""00000010"": 1, ""11111110"": 1, ""11111111"": 1}"
ising_0.1,2,8,0.014466792379488917,1,42,100,1,514,552,234.40625,111.86002589999407,0.3124099870362661,00000000,0.0,0.05089661611713267,0.816136124941552,-3.3931077411421784,5.089661611713267,0.3124099870362661,0.43999999999999995,"{""00000000"": 91, ""00000001"": 3, ""00000010"": 1, ""00000011"": 1, ""11111110"": 1, ""11111111"": 3}"
ising_0.1,2,8,0.013394437232079262,1,42,100,1,514,552,241.828125,117.43895290000364,0.3124099870362661,00000000,0.0,0.03664759060931485,0.6368885249992116,-3.664759060931485,3.664759060931485,0.3124099870362661,0.43999999999999995,"{""00000000"": 94, ""00000001"": 3, ""00000010"": 1, ""11111110"": 1, ""11111111"": 1}"
ising_0.1,2,8,0.015625,1,42,100,1,514,552,236.15234375,111.17006020000554,0.3124099870362661,00000000,0.0,0.09424777960769379,0.8880154403779614,-3.141592653589793,4.71238898038469,0.3124099870362661,0.43999999999999995,"{""00000000"": 90, ""00000001"": 3, ""00000010"": 1, ""00000011"": 2, ""11111110"": 1, ""11111111"": 3}"
ising_0.1,2,8,0.018227016243376824,1,42,100,1,514,552,236.49609375,113.70544870001322,0.3124099870362661,00000000,0.0,0.1481211269375897,4.214495320148039,-26.93111398865268,30.970781086950577,0.3124099870362661,0.43999999999999995,"{""00000000"": 86, ""00000001"": 3, ""00000010"": 1, ""00000011"": 3, ""00010111"": 1, ""11101100"": 1, ""11111110"": 1, ""11111111"": 4}"
ising_0.1,2,8,0.01687593342019228,1,42,100,1,514,552,238.5703125,116.49985309998738,0.3124099870362661,00000000,0.0,0.1599796656846473,4.551906715041939,-29.087211942663156,33.450293734062626,0.3124099870362661,0.43999999999999995,"{""00000000"": 86, ""00000001"": 3, ""00000010"": 1, ""00000011"": 3, ""00010111"": 1, ""11101100"": 1, ""11111110"": 1, ""11111111"": 4}"
ising_0.1,2,8,0.01968626640460739,1,42,100,1,514,552,239.5625,116.928316000005,0.3124099870362661,00000000,0.0,-0.5859686792717707,5.414029761892929,-47.37619109005805,3.7402256123730044,0.3124099870362661,0.43999999999999995,"{""00000000"": 83, ""00000001"": 6, ""00000010"": 1, ""00000011"": 3, ""11011010"": 1, ""11101100"": 1, ""11111110"": 1, ""11111111"": 4}"
ising_0.1,2,8,0.022964601441806228,1,42,100,1,514,552,235.0859375,113.58460919999925,0.3124099870362661,00000000,0.0,-0.5236933637842188,4.666037153704361,-40.612954742449624,3.2062859007197075,0.3124099870362661,0.43999999999999995,"{""00000000"": 79, ""00000001"": 9, ""00000010"": 1, ""00000011"": 3, ""11011010"": 1, ""11101100"": 1, ""11111100"": 1, ""11111110"": 2, ""11111111"": 3}"
ising_0.1,2,8,0.021262343752724643,1,42,100,1,514,552,243.96875,117.49758669998846,0.3124099870362661,00000000,0.0,-0.5887066531667196,5.034254620677819,-43.86441729477518,3.462980312745409,0.3124099870362661,0.43999999999999995,"{""00000000"": 81, ""00000001"": 7, ""00000010"": 1, ""00000011"": 3, ""11011010"": 1, ""11101100"": 1, ""11111100"": 1, ""11111110"": 2, ""11111111"": 3}"
ising_0.1,2,8,0.024803141437003108,1,42,100,1,514,552,236.8125,118.0573873000103,0.3124099870362661,00000000,0.0,-0.6629915846708564,5.2776480286470955,-37.6025077873023,6.92677775029253,0.3124099870362661,0.43999999999999995,"{""00000000"": 76, ""00000001"": 12, ""00000010"": 1, ""00000011"": 3, ""00000111"": 1, ""11011010"": 1, ""11100010"": 1, ""11101100"": 1, ""11111100"": 1, ""11111110"": 2, ""11111111"": 1}"
ising_0.1,2,8,0.026788874464158525,1,42,100,1,514,552,236.63671875,117.60212599999795,0.3124099870362661,00000000,0.0,-0.5863614497490376,4.8941822697502895,-34.8152110788491,6.413328356630099,0.3124099870362661,0.43999999999999995,"{""00000000"": 74, ""00000001"": 13, ""00000010"": 2, ""00000011"": 3, ""00000111"": 1, ""11011010"": 1, ""11100010"": 1, ""11101100"": 1, ""11111100"": 1, ""11111110"": 2, ""11111111"": 1}"
ising_0.1,2,8,0.028933584758977816,1,42,100,1,514,552,242.21875,112.06487260000722,0.3124099870362661,00000000,0.0,-0.4920006224656161,4.543669724463413,-32.23452354085071,5.937938546998816,0.3124099870362661,0.43999999999999995,"{""00000000"": 69, ""00000001"": 17, ""00000010"": 3, ""00000011"": 3, ""00000111"": 1, ""11011010"": 1, ""11100010"": 1, ""11101100"": 1, ""11111100"": 1, ""11111110"": 2, ""11111111"": 1}"
ising_0.1,2,8,0.03125,1,42,100,1,514,552,235.18359375,111.751213800002,0.3124099870362661,00000000,0.0,-0.32201324699295375,4.404989088504216,-29.845130209103033,12.566370614359172,0.3124099870362661,0.43999999999999995,"{""00000000"": 67, ""00000001"": 18, ""00000010"": 3, ""00000011"": 3, ""00000111"": 1, ""00010000"": 1, ""11011010"": 1, ""11100010"": 1, ""11101100"": 1, ""11111100"": 1, ""11111110"": 2, ""11111111"": 1}"
ising_0.1,2,8,0.03375186684038456,1,42,100,1,514,552,245.31640625,112.25485029999982,0.3124099870362661,00000000,0.0,0.41449277018295,3.889647388685632,-21.815408956997366,22.542589255563946,0.3124099870362661,0.43999999999999995,"{""00000000"": 58, ""00000001"": 24, ""00000010"": 4, ""00000011"": 2, ""00000100"": 1, ""00000111"": 1, ""00001010"": 2, ""00010000"": 1, ""00011111"": 1, ""11100010"": 1, ""11101100"": 1, ""11111100"": 1, ""11111110"": 2, ""11111111"": 1}"
ising_0.1,2,8,0.03645403248675365,1,42,100,1,514,552,237.69140625,111.95411299999978,0.3124099870362661,00000000,0.0,0.2962422538751795,3.5190988230204914,-20.198335491489505,20.871613341205826,0.3124099870362661,0.43999999999999995,"{""00000000"": 49, ""00000001"": 33, ""00000010"": 3, ""00000011"": 2, ""00000100"": 1, ""00001010"": 1, ""00010000"": 1, ""00011111"": 1, ""11100010"": 1, ""11101100"": 1, ""11111100"": 1, ""11111110"": 2, ""11111111"": 4}"
ising_0.1,2,8,0.03937253280921478,1,42,100,1,514,552,234.96875,114.11136840000108,0.3124099870362661,00000000,0.0,0.38648997994521045,3.3184763943787123,-18.70112806186502,19.32449899726052,0.3124099870362661,0.43999999999999995,"{""00000000"": 43, ""00000001"": 37, ""00000010"": 3, ""00000011"": 2, ""00000100"": 2, ""00001010"": 2, ""00010000"": 1, ""00011111"": 1, ""11100010"": 1, ""11101100"": 1, ""11111100"": 1, ""11111110"": 2, ""11111111"": 4}"
ising_0.1,2,8,0.04252468750544926,1,42,100,1,514,552,237.87109375,117.28300670000317,0.3124099870362661,00000001,0.5771633854575685,0.3982427359657223,3.0360443258521155,-17.314901563727055,17.892064949184626,0.2647533984213024,0.43999999999999995,"{""00000000"": 34, ""00000001"": 47, ""00000010"": 4, ""00000011"": 1, ""00000100"": 1, ""00001010"": 2, ""00010000"": 1, ""00011111"": 1, ""11100010"": 1, ""11101101"": 1, ""11111101"": 1, ""11111110"": 2, ""11111111"": 4}"
ising_0.1,2,8,0.049606282874006216,1,42,100,1,514,552,236.0234375,114.29806450000615,0.3124099870362661,00000001,0.4947698393066093,0.1434832533989167,2.2185873341833844,-16.822174536424715,7.9163174289057485,0.18235985227034318,0.43999999999999995,"{""00000000"": 21, ""00000001"": 62, ""00000010"": 2, ""00000011"": 2, ""00001010"": 1, ""00010000"": 1, ""11011110"": 1, ""11101101"": 1, ""11111100"": 1, ""11111101"": 1, ""11111110"": 2, ""11111111"": 5}"
ising_0.1,2,8,0.045929202883612456,1,42,100,1,514,552,243.0,117.54178329999559,0.3124099870362661,00000001,0.5343809834532846,0.5130057441151532,2.2823015850451966,-10.153238685612406,16.56581048705182,0.22197099641701845,0.43999999999999995,"{""00000000"": 27, ""00000001"": 54, ""00000010"": 4, ""00000011"": 1, ""00001010"": 2, ""00010000"": 1, ""00011111"": 1, ""11101101"": 1, ""11111100"": 1, ""11111101"": 1, ""11111110"": 3, ""11111111"": 4}"
ising_0.1,2,8,0.05786716951795563,1,42,100,1,514,552,237.20703125,112.68491670000367,0.3124099870362661,00000001,0.4241384676427725,0.24175892655638034,0.9892064783867526,-8.058630885212677,4.241384676427725,0.11172848060650642,0.43999999999999995,"{""00000000"": 15, ""00000001"": 74, ""00000010"": 2, ""00001010"": 1, ""11101101"": 1, ""11111100"": 1, ""11111110"": 2, ""11111111"": 4}"
ising_0.1,2,8,0.05357774892831705,1,42,100,1,514,552,246.0390625,117.32502390000445,0.3124099870362661,00000001,0.4580948826164356,0.22446649248205347,1.1001504839926783,-8.703802769712276,4.580948826164357,0.1456848955801695,0.43999999999999995,"{""00000000"": 18, ""00000001"": 66, ""00000010"": 2, ""00000011"": 2, ""00001010"": 1, ""11101101"": 1, ""11111100"": 1, ""11111101"": 1, ""11111110"": 3, ""11111111"": 5}"
ising_0.1,2,8,0.0625,1,42,100,1,514,552,240.94140625,117.24665919999825,0.3124099870362661,00000001,0.39269908169872414,0.3534291735288517,0.4482673869595836,-1.5707963267948966,3.9269908169872414,0.08028909466245804,0.43999999999999995,"{""00000000"": 10, ""00000001"": 83, ""00000010"": 2, ""00001010"": 1, ""11111100"": 1, ""11111111"": 3}"
ising_0.1,2,8,0.06750373368076912,1,42,100,1,514,552,240.87890625,112.62749700000859,0.3124099870362661,00000001,0.3635901492832895,0.3635901492832895,0.29687011374880734,-0.3635901492832895,2.908721194266316,0.051180162247023375,0.43999999999999995,"{""00000000"": 3, ""00000001"": 91, ""00000010"": 2, ""00001000"": 1, ""11111111"": 3}"
ising_0.1,2,8,0.07290806497350724,1,42,100,1,514,552,238.58984375,113.18315469998925,0.3124099870362661,00000001,0.3366389248581587,0.3602036495982298,0.25879851670929577,-0.3366389248581587,2.6931113988652697,0.024228937821892615,0.43999999999999995,"{""00000000"": 1, ""00000001"": 95, ""00000010"": 1, ""00000011"": 1, ""00001000"": 1, ""11111111"": 1}"
ising_0.1,2,8,0.07874506561842956,1,42,100,1,514,552,240.48046875,113.01572399999714,0.3124099870362661,00000001,0.31168546769775035,0.2867506302819303,0.16973717983226402,-1.2467418707910014,0.31168546769775035,0.00072451933851575,0.43999999999999995,"{""00000000"": 1, ""00000001"": 97, ""11111100"": 1, ""11111111"": 1}"
ising_0.1,2,8,0.08504937501089851,1,42,100,1,514,552,235.8046875,112.77552809999906,0.3124099870362661,00000001,0.28858169272878426,0.2770384250196329,0.20060731477075106,-1.154326770915137,1.154326770915137,0.023828294307481845,0.43999999999999995,"{""00000000"": 1, ""00000001"": 93, ""00000010"": 1, ""00000011"": 1, ""00000100"": 1, ""11111100"": 1, ""11111111"": 2}"
ising_0.1,2,8,0.09185840576722491,1,42,100,1,514,552,237.6484375,114.74429680001049,0.3124099870362661,00000001,0.2671904917266423,0.1763457245395839,0.527891219829978,-4.542238359352919,0.8015714751799269,0.045219495309623825,0.43999999999999995,"{""00000000"": 5, ""00000001"": 85, ""00000010"": 3, ""00000011"": 1, ""11101111"": 1, ""11111100"": 2, ""11111111"": 3}"
ising_0.1,2,8,0.1071554978566341,1,42,100,1,514,552,240.1328125,114.50437589999638,0.3124099870362661,00000001,0.2290474413082178,0.27485692956986135,1.2224536497088114,-6.642375797938317,7.100470680554752,0.0833625457280483,0.43999999999999995,"{""00000000"": 7, ""00000001"": 55, ""00000010"": 19, ""00000011"": 4, ""00000100"": 1, ""00000101"": 1, ""00001010"": 1, ""00001011"": 1, ""00010010"": 1, ""00011111"": 1, ""11100011"": 1, ""11101101"": 1, ""11111100"": 2, ""11111101"": 1, ""11111110"": 1, ""11111111"": 3}"
ising_0.1,2,8,0.09921256574801243,1,42,100,1,514,552,237.75390625,117.8379266999982,0.3124099870362661,00000001,0.24738491965330464,0.17316944375731325,0.6044346669699833,-4.700313473412788,2.4738491965330462,0.06502506738296146,0.43999999999999995,"{""00000000"": 8, ""00000001"": 71, ""00000010"": 8, ""00000011"": 3, ""00001010"": 1, ""11101101"": 1, ""11111100"": 2, ""11111101"": 1, ""11111110"": 1, ""11111111"": 4}"
ising_0.1,2,8,0.125,1,42,100,1,514,552,233.09765625,113.0845818999951,0.3124099870362661,00000010,0.39269908169872414,0.22776546738526002,1.0138371237038357,-8.050331174823844,3.5342917352885173,0.08028909466245804,0.43999999999999995,"{""00000000"": 9, ""00000001"": 20, ""00000010"": 57, ""00000011"": 5, ""00000110"": 1, ""00001010"": 1, ""00010010"": 1, ""11010111"": 1, ""11101110"": 1, ""11111110"": 4}"
ising_0.1,2,8,0.11573433903591127,1,42,100,1,514,552,238.08203125,118.2921645000024,0.3124099870362661,00000001,0.21206923382138626,0.12724154029283177,1.4781979927818574,-8.694838586676836,6.5741462484629745,0.10034075321487984,0.43999999999999995,"{""00000000"": 7, ""00000001"": 40, ""00000010"": 34, ""00000011"": 2, ""00000100"": 1, ""00000110"": 1, ""00001011"": 1, ""00010010"": 1, ""00011111"": 1, ""11010111"": 1, ""11100011"": 1, ""11101101"": 1, ""11110000"": 1, ""11111100"": 2, ""11111101"": 1, ""11111110"": 3, ""11111111"": 2}"
ising_0.1,2,8,0.13500746736153824,1,42,100,1,514,552,246.328125,118.12061910000921,0.3124099870362661,00000010,0.3635901492832895,0.20906433583789144,0.8805737801449094,-7.453598060307433,1.2725655224915131,0.051180162247023375,0.43999999999999995,"{""00000000"": 8, ""00000001"": 7, ""00000010"": 71, ""00000011"": 5, ""00000100"": 1, ""00000110"": 1, ""00000111"": 1, ""11010111"": 1, ""11101110"": 1, ""11111110"": 3, ""11111111"": 1}"
ising_0.1,2,8,0.14581612994701448,1,42,100,1,514,552,237.22265625,118.25698340000235,0.3124099870362661,00000010,0.3366389248581587,0.2928758646265981,0.37264477412608615,-3.0297503237234285,1.1782362370035555,0.024228937821892615,0.43999999999999995,"{""00000000"": 3, ""00000001"": 4, ""00000010"": 85, ""00000011"": 3, ""00000110"": 1, ""00000111"": 1, ""11101110"": 1, ""11111110"": 2}"
ising_0.1,2,8,0.15749013123685912,1,42,100,1,514,552,236.3203125,111.92323780000152,0.3124099870362661,00000010,0.31168546769775035,0.2649326475430878,0.33336351128774844,-2.8051692092797533,0.9350564030932511,0.00072451933851575,0.43999999999999995,"{""00000000"": 2, ""00000001"": 4, ""00000010"": 88, ""00000011"": 2, ""00000110"": 1, ""11101110"": 1, ""11111110"": 2}"
ising_0.1,2,8,0.19842513149602486,1,42,100,1,514,552,236.78125,111.63078600000881,0.3124099870362661,00000011,0.37107737947995695,0.3178896217544965,0.5464953914290821,-2.226464276879742,2.5975416563596987,0.05866739244369085,0.43999999999999995,"{""00000000"": 5, ""00000001"": 5, ""00000010"": 30, ""00000011"": 32, ""00000100"": 6, ""00000101"": 4, ""00000110"": 4, ""00001000"": 1, ""00001010"": 1, ""00001011"": 1, ""00001101"": 1, ""00010010"": 1, ""00010101"": 1, ""11101110"": 1, ""11110100"": 1, ""11110101"": 1, ""11111100"": 1, ""11111110"": 4}"
ising_0.1,2,8,0.17009875002179703,1,42,100,1,514,552,237.8359375,117.70444830000633,0.3124099870362661,00000010,0.28858169272878426,0.26838097423776935,0.3262222712590732,-2.5972352345590584,1.154326770915137,0.023828294307481845,0.43999999999999995,"{""00000000"": 2, ""00000001"": 3, ""00000010"": 80, ""00000011"": 9, ""00000100"": 1, ""00000110"": 1, ""00001000"": 1, ""11101110"": 1, ""11111110"": 2}"
ising_0.1,2,8,0.18371681153444983,1,42,100,1,514,552,240.3203125,118.18106960000296,0.3124099870362661,00000010,0.2671904917266423,0.4114733572590291,1.288371081791669,-2.4047144255397805,12.55795311115219,0.045219495309623825,0.43999999999999995,"{""00000000"": 3, ""00000001"": 4, ""00000010"": 61, ""00000011"": 14, ""00000100"": 6, ""00000101"": 2, ""00000110"": 2, ""00001000"": 1, ""00010010"": 1, ""01011110"": 1, ""11101110"": 1, ""11111110"": 4}"
ising_0.1,2,8,0.2143109957132682,1,42,100,1,514,552,235.60546875,114.19194689999858,0.3124099870362661,00000011,0.34357116196232673,0.30921404576609407,0.3791339894386571,-1.9469032511198516,1.488808368503416,0.03116117492606063,0.43999999999999995,"{""00000000"": 3, ""00000001"": 4, ""00000010"": 9, ""00000011"": 59, ""00000100"": 7, ""00000101"": 7, ""00000110"": 1, ""00001000"": 1, ""00001010"": 1, ""00001011"": 1, ""00001101"": 1, ""11101111"": 1, ""11110100"": 1, ""11111100"": 1, ""11111101"": 1, ""11111110"": 2}"
ising_0.1,2,8,0.23146867807182253,1,42,100,1,514,552,235.16015625,114.08907069999259,0.3124099870362661,00000011,0.3181038507320794,0.277810696306016,0.3914949579508632,-1.9086231043924764,1.3784500198390108,0.005693863695813317,0.43999999999999995,"{""00000000"": 2, ""00000001"": 2, ""00000010"": 2, ""00000011"": 69, ""00000100"": 9, ""00000101"": 8, ""00001101"": 2, ""11101110"": 1, ""11101111"": 1, ""11110111"": 1, ""11111100"": 1, ""11111101"": 1, ""11111110"": 1}"
ising_0.1,2,8,0.27001493472307647,1,42,100,1,514,552,238.4453125,113.28608400000667,0.3124099870362661,00000011,0.3181413806228783,0.2881451933070069,0.5271859282242591,-3.090516268907961,1.8179507464164473,0.005731393586612177,0.43999999999999995,"{""00000000"": 3, ""00000001"": 2, ""00000010"": 2, ""00000011"": 38, ""00000100"": 31, ""00000101"": 10, ""00000110"": 2, ""00000111"": 1, ""00001010"": 2, ""00001011"": 1, ""00001100"": 1, ""00001101"": 1, ""00010100"": 1, ""11011110"": 1, ""11100010"": 1, ""11111100"": 1, ""11111101"": 1, ""11111111"": 1}"
ising_0.1,2,8,0.25,1,42,100,1,514,552,239.21484375,116.59419679999701,0.3124099870362661,00000011,0.2945243112740431,0.24445517835745578,0.3572580196877819,-1.7671458676442586,1.2762720155208536,0.017885675762222997,0.43999999999999995,"{""00000000"": 2, ""00000001"": 2, ""00000010"": 3, ""00000011"": 59, ""00000100"": 16, ""00000101"": 9, ""00001101"": 1, ""11101110"": 1, ""11101111"": 1, ""11110111"": 1, ""11111100"": 1, ""11111101"": 2, ""11111110"": 2}"
ising_0.1,2,8,0.29163225989402897,1,42,100,1,514,552,240.18359375,117.37220530000923,0.3124099870362661,00000100,0.3366389248581587,0.2937174619387435,0.4858220721474657,-2.8614308612943495,1.6831946242907936,0.024228937821892615,0.43999999999999995,"{""00000000"": 2, ""00000001"": 2, ""00000010"": 1, ""00000011"": 19, ""00000100"": 52, ""00000101"": 9, ""00000110"": 4, ""00000111"": 1, ""00001010"": 2, ""00001011"": 1, ""00001100"": 2, ""00010100"": 1, ""11011110"": 1, ""11100010"": 1, ""11111100"": 1, ""11111101"": 1}"
ising_0.1,2,8,0.314980262473718,1,42,100,1,514,552,242.84765625,117.33543479999935,0.3124099870362661,00000100,0.3116854676977506,0.2844129892741974,0.4778272366287371,-2.883090576204193,1.8701128061865033,0.000724519338515528,0.43999999999999995,"{""00000000"": 3, ""00000001"": 3, ""00000010"": 2, ""00000011"": 9, ""00000100"": 60, ""00000101"": 6, ""00000110"": 5, ""00000111"": 3, ""00001001"": 1, ""00001010"": 1, ""00001100"": 2, ""00001110"": 1, ""00011000"": 1, ""11011011"": 1, ""11100010"": 1, ""11111100"": 1}"
ising_0.1,2,8,0.3401975000435943,1,42,100,1,514,552,239.46484375,117.99491930000659,0.3124099870362661,00000100,0.2885816927287841,0.3311474924062797,0.4104406041846549,-2.669380657741253,1.7314901563727045,0.023828294307482012,0.43999999999999995,"{""00000000"": 3, ""00000001"": 2, ""00000010"": 2, ""00000011"": 9, ""00000100"": 38, ""00000101"": 19, ""00000110"": 9, ""00000111"": 4, ""00001010"": 1, ""00001011"": 1, ""00001100"": 2, ""00001101"": 2, ""00001110"": 2, ""00010100"": 1, ""00011000"": 1, ""11011011"": 1, ""11111100"": 2, ""11111111"": 1}"
ising_0.1,2,8,0.36743362306889965,1,42,100,1,514,552,239.3515625,112.4079012000002,0.3124099870362661,00000101,0.33398811465830286,0.31060894663222166,0.5539583394304957,-2.4715120484714412,3.941059752967974,0.021578127622036758,0.43999999999999995,"{""00000001"": 3, ""00000010"": 2, ""00000011"": 11, ""00000100"": 19, ""00000101"": 37, ""00000110"": 9, ""00000111"": 5, ""00001000"": 2, ""00001010"": 1, ""00001011"": 1, ""00001101"": 2, ""00001110"": 1, ""00010110"": 1, ""00111011"": 1, ""11011011"": 1, ""11100111"": 1, ""11110010"": 1, ""11111100"": 1, ""11111101"": 1}"
ising_0.1,2,8,0.39685026299204973,1,42,100,1,514,552,239.78515625,111.75272200000472,0.3124099870362661,00000101,0.3092311495666308,0.39519740914615414,0.7310822211940039,-1.546155747833154,5.81354561185266,0.0031788374696353205,0.43999999999999995,"{""00000001"": 2, ""00000010"": 2, ""00000011"": 11, ""00000100"": 10, ""00000101"": 37, ""00000110"": 14, ""00000111"": 4, ""00001000"": 3, ""00001011"": 3, ""00001101"": 2, ""00001110"": 1, ""00010110"": 2, ""00011011"": 1, ""00111011"": 1, ""01011110"": 1, ""11100111"": 1, ""11110010"": 1, ""11111001"": 1, ""11111011"": 1, ""11111100"": 1, ""11111101"": 1}"
ising_0.1,2,8,0.46293735614364534,1,42,100,1,514,552,238.77734375,112.54157390000182,0.3124099870362661,00000110,0.3181038507320792,0.37695306311751386,0.6221233791374403,-1.1663807860176236,4.983626994802575,0.005693863695813095,0.43999999999999995,"{""00000000"": 1, ""00000001"": 1, ""00000010"": 6, ""00000011"": 1, ""00000100"": 3, ""00000101"": 10, ""00000110"": 33, ""00000111"": 13, ""00001000"": 9, ""00001001"": 1, ""00001010"": 3, ""00001011"": 3, ""00001100"": 1, ""00001110"": 1, ""00010000"": 1, ""00010110"": 2, ""00011001"": 1, ""00111010"": 1, ""01011110"": 1, ""11101010"": 1, ""11110010"": 1, ""11111010"": 3, ""11111100"": 2, ""11111111"": 1}"
ising_0.1,2,8,0.4286219914265361,1,42,100,1,514,552,238.65625,117.33147319999989,0.3124099870362661,00000110,0.34357116196232695,0.42774609664309704,0.6483271935704479,-0.8016660445787629,5.382614870743122,0.031161174926060853,0.43999999999999995,"{""00000000"": 1, ""00000001"": 2, ""00000010"": 1, ""00000011"": 8, ""00000100"": 5, ""00000101"": 22, ""00000110"": 26, ""00000111"": 12, ""00001000"": 6, ""00001001"": 1, ""00001010"": 2, ""00001011"": 1, ""00001100"": 1, ""00001101"": 2, ""00010110"": 2, ""00011001"": 1, ""00011011"": 1, ""00111010"": 1, ""01011110"": 1, ""11110010"": 1, ""11111010"": 1, ""11111100"": 1, ""11111111"": 1}"
ising_0.1,2,8,0.5,1,42,100,1,514,552,232.671875,114.04731849998643,0.3124099870362661,00000110,0.2945243112740431,0.3887720908817369,0.6413386750419661,-1.0799224746714913,4.663301595172349,0.017885675762222997,0.43999999999999995,"{""00000000"": 1, ""00000001"": 2, ""00000010"": 7, ""00000011"": 3, ""00000100"": 2, ""00000101"": 8, ""00000110"": 25, ""00000111"": 15, ""00001000"": 11, ""00001001"": 3, ""00001010"": 3, ""00001011"": 2, ""00001101"": 1, ""00001111"": 2, ""00010001"": 1, ""00010101"": 1, ""00010110"": 2, ""00011011"": 1, ""00111001"": 1, ""00111010"": 1, ""01011111"": 1, ""11101010"": 2, ""11111001"": 1, ""11111011"": 1, ""11111100"": 2, ""11111111"": 1}"
ising_0.1,2,8,0.5400298694461529,1,42,100,1,514,552,237.453125,114.37297189999663,0.3124099870362661,00000111,0.3181413806228783,0.41631072092936644,0.7495803364157344,-0.9998729105290459,5.499301007909754,0.005731393586612177,0.43999999999999995,"{""00000000"": 1, ""00000001"": 3, ""00000010"": 3, ""00000011"": 3, ""00000100"": 3, ""00000101"": 7, ""00000110"": 14, ""00000111"": 19, ""00001000"": 14, ""00001001"": 8, ""00001010"": 1, ""00001011"": 3, ""00001100"": 1, ""00001101"": 1, ""00001111"": 2, ""00010101"": 1, ""00010110"": 2, ""00010111"": 2, ""00011011"": 1, ""00111001"": 1, ""01011111"": 1, ""01111001"": 1, ""11101010"": 1, ""11110110"": 1, ""11111001"": 2, ""11111010"": 1, ""11111100"": 1, ""11111110"": 1, ""11111111"": 1}"
ising_0.1,2,8,0.5832645197880579,1,42,100,1,514,552,240.8203125,113.05874049999693,0.3124099870362661,00001000,0.3155989920545238,0.37829799180935586,0.8141483298427558,-2.987670458116159,4.712944948014222,0.0031890050182576957,0.43999999999999995,"{""00000000"": 1, ""00000001"": 4, ""00000010"": 1, ""00000011"": 4, ""00000100"": 3, ""00000101"": 4, ""00000110"": 8, ""00000111"": 16, ""00001000"": 17, ""00001001"": 9, ""00001010"": 2, ""00001011"": 4, ""00001100"": 1, ""00001101"": 3, ""00001110"": 2, ""00010000"": 3, ""00010001"": 1, ""00010101"": 1, ""00010111"": 1, ""00011000"": 1, ""00011001"": 1, ""00011011"": 1, ""01011010"": 1, ""01011111"": 1, ""01110000"": 1, ""10111001"": 1, ""11100000"": 1, ""11101010"": 1, ""11111001"": 2, ""11111010"": 1, ""11111100"": 1, ""11111110"": 2}"
ising_0.1,2,8,0.629960524947436,1,42,100,1,514,552,237.6015625,117.68805830000201,0.3124099870362661,00001000,0.3116854676977506,0.35532143317543563,0.5461316567077925,-1.2467418707910023,4.714242698928477,0.000724519338515528,0.43999999999999995,"{""00000000"": 1, ""00000001"": 2, ""00000011"": 4, ""00000100"": 3, ""00000101"": 3, ""00000110"": 7, ""00000111"": 11, ""00001000"": 18, ""00001001"": 10, ""00001010"": 6, ""00001011"": 7, ""00001100"": 4, ""00001101"": 3, ""00001111"": 1, ""00010000"": 3, ""00010001"": 2, ""00010101"": 2, ""00011001"": 1, ""00011011"": 1, ""00100000"": 1, ""00100010"": 1, ""01111001"": 1, ""11100000"": 1, ""11101010"": 1, ""11110111"": 1, ""11111001"": 1, ""11111010"": 1, ""11111100"": 1, ""11111110"": 2}"
ising_0.1,2,8,0.6803950000871886,1,42,100,1,514,552,242.80078125,117.24062930000946,0.3124099870362661,00001000,0.2885816927287841,0.2683809742377692,0.5429293230215507,-2.8136715041056446,1.9839991375103907,0.023828294307482012,0.43999999999999995,"{""00000000"": 1, ""00000001"": 2, ""00000010"": 1, ""00000011"": 2, ""00000100"": 3, ""00000101"": 2, ""00000110"": 7, ""00000111"": 9, ""00001000"": 21, ""00001001"": 8, ""00001010"": 6, ""00001011"": 7, ""00001100"": 4, ""00001101"": 2, ""00001111"": 1, ""00010000"": 2, ""00010001"": 3, ""00010101"": 2, ""00010110"": 1, ""00011001"": 1, ""00011011"": 1, ""00011110"": 1, ""00100000"": 1, ""00110111"": 2, ""10110010"": 1, ""11010110"": 1, ""11010111"": 1, ""11101000"": 1, ""11110101"": 1, ""11110110"": 1, ""11110111"": 1, ""11111001"": 1, ""11111010"": 1, ""11111110"": 1}"
ising_0.1,2,8,0.7348672461377993,1,42,100,1,514,552,244.5234375,117.44695679999131,0.3124099870362661,00001000,0.30058930319247257,0.343005793754077,0.6271538527854696,-2.605107294334762,3.8742621300363136,0.011820683843793534,0.43999999999999995,"{""00000000"": 1, ""00000001"": 2, ""00000010"": 3, ""00000100"": 2, ""00000101"": 2, ""00000110"": 6, ""00000111"": 7, ""00001000"": 13, ""00001001"": 5, ""00001010"": 12, ""00001011"": 8, ""00001100"": 7, ""00001101"": 1, ""00001110"": 2, ""00010000"": 1, ""00010001"": 2, ""00010010"": 1, ""00010011"": 1, ""00010101"": 3, ""00010110"": 1, ""00011000"": 1, ""00011001"": 1, ""00011011"": 1, ""00011110"": 1, ""00100000"": 1, ""00100100"": 1, ""00110110"": 1, ""00110111"": 1, ""00111001"": 1, ""01110100"": 1, ""10110010"": 1, ""11010111"": 1, ""11101010"": 1, ""11110101"": 1, ""11110110"": 1, ""11110111"": 1, ""11111000"": 1, ""11111001"": 1, ""11111010"": 1, ""11111110"": 1}"
ising_0.1,2,8,0.7937005259840995,1,42,100,1,514,552,238.70703125,117.03940490000241,0.3124099870362661,00001010,0.3092311495666308,0.3113957676135972,0.7736743037849593,-2.5356954264463725,3.648927564886243,0.0031788374696353205,0.43999999999999995,"{""00000001"": 1, ""00000010"": 2, ""00000011"": 1, ""00000100"": 5, ""00000101"": 2, ""00000110"": 3, ""00000111"": 6, ""00001000"": 6, ""00001001"": 2, ""00001010"": 14, ""00001011"": 6, ""00001100"": 6, ""00001101"": 2, ""00001110"": 2, ""00001111"": 2, ""00010000"": 1, ""00010001"": 2, ""00010010"": 4, ""00010100"": 2, ""00010101"": 3, ""00010110"": 1, ""00011000"": 1, ""00011001"": 1, ""00011010"": 1, ""00011110"": 1, ""00100001"": 2, ""00100010"": 1, ""00100100"": 1, ""00110110"": 1, ""00110111"": 1, ""00111001"": 1, ""01100100"": 1, ""01110110"": 1, ""10101110"": 1, ""10110011"": 1, ""10111001"": 1, ""11010111"": 1, ""11011111"": 1, ""11101011"": 1, ""11110010"": 2, ""11110110"": 1, ""11111000"": 2, ""11111001"": 1, ""11111101"": 1, ""11111110"": 1}"
ising_0.1,2,8,0.8572439828530722,1,42,100,1,514,552,240.08203125,111.96367719999398,0.3124099870362661,00001100,0.31494023179879965,0.33211878989691607,0.6826449860354854,-2.3477362734092337,3.378449759296215,0.002530244762533551,0.43999999999999995,"{""00000000"": 1, ""00000001"": 1, ""00000010"": 1, ""00000011"": 1, ""00000100"": 5, ""00000101"": 1, ""00000110"": 1, ""00000111"": 6, ""00001000"": 5, ""00001001"": 1, ""00001010"": 10, ""00001011"": 5, ""00001100"": 11, ""00001101"": 5, ""00001110"": 1, ""00010000"": 2, ""00010001"": 1, ""00010010"": 4, ""00010011"": 3, ""00010100"": 3, ""00010101"": 2, ""00011000"": 2, ""00011011"": 2, ""00011100"": 1, ""00100001"": 2, ""00100100"": 1, ""00110011"": 1, ""00110111"": 1, ""00111001"": 1, ""01000001"": 1, ""01110110"": 2, ""10101110"": 1, ""11010111"": 1, ""11011111"": 1, ""11101011"": 1, ""11101111"": 1, ""11110010"": 3, ""11110011"": 1, ""11110100"": 1, ""11110101"": 1, ""11110110"": 2, ""11111000"": 2, ""11111110"": 1}"
ising_0.1,2,8,0.9258747122872896,1,42,100,1,514,552,243.80859375,111.66191029999754,0.3124099870362661,00001100,0.3181038507320796,0.3302978316768093,0.6610747488371697,-2.1737096466692103,3.1280211988654494,0.005693863695813484,0.43999999999999995,"{""00000000"": 1, ""00000001"": 2, ""00000100"": 4, ""00000101"": 1, ""00000110"": 4, ""00000111"": 1, ""00001000"": 4, ""00001001"": 3, ""00001010"": 4, ""00001011"": 8, ""00001100"": 9, ""00001101"": 5, ""00001110"": 6, ""00001111"": 3, ""00010000"": 4, ""00010001"": 1, ""00010010"": 4, ""00010011"": 3, ""00010101"": 3, ""00010110"": 1, ""00010111"": 1, ""00011000"": 1, ""00011011"": 1, ""00011100"": 1, ""00011110"": 1, ""00100000"": 1, ""00100001"": 1, ""00100010"": 1, ""00100111"": 1, ""00110111"": 1, ""00111101"": 1, ""01100110"": 1, ""01110110"": 2, ""10101110"": 1, ""11010111"": 1, ""11011111"": 1, ""11100011"": 1, ""11101010"": 1, ""11110010"": 4, ""11110011"": 1, ""11110101"": 2, ""11111000"": 2, ""11111110"": 1}"
ising_0.1,2,8,1.0,1,42,100,1,514,552,236.83203125,112.29472620000888,0.3124099870362661,00001110,0.3190680038802134,0.3040963513904495,0.6978450422332686,-2.6261751088602177,2.8961557275280905,0.00665801684394729,0.43999999999999995,"{""00000000"": 1, ""00000001"": 1, ""00000011"": 2, ""00000100"": 1, ""00000101"": 1, ""00000110"": 1, ""00000111"": 3, ""00001000"": 4, ""00001001"": 1, ""00001010"": 3, ""00001011"": 7, ""00001100"": 6, ""00001101"": 4, ""00001110"": 7, ""00001111"": 6, ""00010000"": 3, ""00010001"": 3, ""00010010"": 3, ""00010011"": 4, ""00010100"": 1, ""00010101"": 3, ""00010110"": 1, ""00010111"": 1, ""00011000"": 2, ""00011010"": 1, ""00011011"": 1, ""00011100"": 1, ""00011110"": 1, ""00100000"": 1, ""00100001"": 1, ""00100101"": 1, ""00101011"": 1, ""00111101"": 1, ""01100000"": 1, ""01100110"": 1, ""01110100"": 1, ""01110110"": 1, ""10010101"": 1, ""10101101"": 1, ""11011111"": 1, ""11101010"": 1, ""11101101"": 1, ""11110000"": 1, ""11110001"": 3, ""11110010"": 2, ""11110011"": 3, ""11110110"": 1, ""11111000"": 1, ""11111001"": 1, ""11111111"": 1}"
ising_0.1,2,8,1.0800597388923059,1,42,100,1,514,552,242.76171875,117.67652100000123,0.3124099870362661,00001110,0.34086576495308385,0.31155130916711865,0.6175985255305045,-2.1588165113695315,2.6360285823038487,0.028455777916817748,0.43999999999999995,"{""00000000"": 1, ""00000101"": 1, ""00000111"": 2, ""00001001"": 4, ""00001010"": 4, ""00001011"": 4, ""00001100"": 3, ""00001101"": 1, ""00001110"": 11, ""00001111"": 5, ""00010000"": 6, ""00010001"": 8, ""00010010"": 5, ""00010011"": 3, ""00010100"": 3, ""00010101"": 2, ""00011000"": 4, ""00011001"": 1, ""00011010"": 1, ""00011011"": 1, ""00011100"": 1, ""00011110"": 2, ""00100101"": 1, ""00101001"": 1, ""00101011"": 2, ""00101111"": 1, ""00110010"": 2, ""01100001"": 1, ""01110000"": 1, ""01110100"": 1, ""10100001"": 1, ""10110000"": 1, ""11001111"": 1, ""11010111"": 1, ""11101101"": 2, ""11101111"": 1, ""11110001"": 2, ""11110010"": 2, ""11110011"": 1, ""11110111"": 1, ""11111000"": 2, ""11111001"": 1, ""11111110"": 1}"
ising_0.1,2,8,1.1665290395761159,1,42,100,1,514,552,235.34375,113.94453779999458,0.3124099870362661,00001110,0.30507902565270634,0.2989774451396522,0.6545769433950265,-1.7463144227016987,2.5668718020434604,0.007330961383559764,0.43999999999999995,"{""00000000"": 1, ""00000001"": 1, ""00000011"": 1, ""00000100"": 1, ""00000101"": 1, ""00000110"": 2, ""00000111"": 2, ""00001000"": 2, ""00001001"": 2, ""00001010"": 2, ""00001011"": 4, ""00001100"": 1, ""00001101"": 2, ""00001110"": 10, ""00001111"": 4, ""00010000"": 3, ""00010001"": 8, ""00010010"": 5, ""00010011"": 3, ""00010100"": 3, ""00010111"": 2, ""00011000"": 4, ""00011001"": 2, ""00011011"": 1, ""00011100"": 1, ""00011110"": 1, ""00011111"": 2, ""00100001"": 1, ""00100101"": 1, ""00101001"": 1, ""00101011"": 1, ""00110000"": 1, ""00110001"": 1, ""01100000"": 1, ""01100111"": 1, ""01110000"": 1, ""01110111"": 1, ""01111010"": 1, ""10101101"": 1, ""10110000"": 1, ""11001111"": 1, ""11010001"": 1, ""11010111"": 1, ""11011010"": 1, ""11100110"": 1, ""11101101"": 1, ""11101111"": 2, ""11110001"": 1, ""11110010"": 2, ""11111000"": 2, ""11111001"": 1, ""11111110"": 2}"
ising_0.1,2,8,1.259921049894872,1,42,100,1,514,552,241.8359375,113.78471029999491,0.3124099870362661,00001110,0.29220512596664117,0.2842181858568863,0.6674860354382158,-1.9285538313798318,2.259719640808692,0.020204861069624935,0.43999999999999995,"{""00000000"": 3, ""00000010"": 1, ""00000011"": 2, ""00000101"": 1, ""00000110"": 3, ""00000111"": 2, ""00001000"": 2, ""00001001"": 1, ""00001010"": 3, ""00001011"": 2, ""00001100"": 1, ""00001101"": 1, ""00001110"": 6, ""00001111"": 5, ""00010000"": 3, ""00010001"": 5, ""00010010"": 4, ""00010011"": 4, ""00010100"": 4, ""00010101"": 1, ""00010110"": 1, ""00010111"": 1, ""00011000"": 3, ""00011001"": 2, ""00011011"": 1, ""00011110"": 2, ""00011111"": 1, ""00100000"": 1, ""00100101"": 2, ""00100111"": 2, ""00101001"": 1, ""00101010"": 1, ""00110011"": 2, ""00110110"": 1, ""00111100"": 1, ""01010111"": 1, ""01011010"": 1, ""01100100"": 1, ""01100111"": 1, ""01110000"": 1, ""01110100"": 1, ""10011101"": 1, ""10101101"": 1, ""10110000"": 1, ""11000100"": 1, ""11001111"": 1, ""11010001"": 1, ""11100011"": 2, ""11100110"": 1, ""11101100"": 1, ""11101110"": 1, ""11101111"": 1, ""11110010"": 1, ""11110101"": 2, ""11111000"": 1, ""11111110"": 2}"
ising_0.1,2,8,1.3607900001743771,1,42,100,1,514,552,239.8125,112.47085889999289,0.3124099870362661,00010100,0.3426907601154311,0.2754151529980333,0.6482444542493823,-2.2545444744436254,2.0381082048970374,0.03028077307916499,0.43999999999999995,"{""00000000"": 2, ""00000011"": 3, ""00000101"": 1, ""00000110"": 1, ""00000111"": 1, ""00001000"": 1, ""00001010"": 3, ""00001011"": 1, ""00001100"": 2, ""00001101"": 1, ""00001110"": 3, ""00001111"": 1, ""00010000"": 2, ""00010001"": 3, ""00010010"": 4, ""00010011"": 3, ""00010100"": 8, ""00010101"": 3, ""00010110"": 3, ""00010111"": 3, ""00011000"": 5, ""00011001"": 2, ""00011010"": 1, ""00011011"": 1, ""00011100"": 1, ""00011110"": 2, ""00100011"": 1, ""00100100"": 1, ""00100101"": 1, ""00100110"": 1, ""00100111"": 1, ""00101011"": 1, ""00101100"": 2, ""00101111"": 1, ""00110010"": 2, ""00110100"": 1, ""00110110"": 1, ""01010111"": 1, ""01011010"": 1, ""01100000"": 1, ""01100011"": 1, ""01100110"": 1, ""01110001"": 1, ""10000011"": 1, ""10011101"": 1, ""10101100"": 1, ""10110000"": 1, ""11001111"": 1, ""11100000"": 1, ""11100010"": 1, ""11100100"": 1, ""11101000"": 1, ""11101001"": 1, ""11101100"": 1, ""11101110"": 1, ""11101111"": 1, ""11110100"": 1, ""11110101"": 2, ""11110111"": 1, ""11111011"": 1, ""11111110"": 1, ""11111111"": 1}"
ising_0.1,2,8,1.4697344922755986,1,42,100,1,514,552,241.5234375,117.13805150000553,0.3124099870362661,00010100,0.33398811465830286,0.28873272512210285,0.6386980300190502,-2.087425716614393,1.870333442086496,0.021578127622036758,0.43999999999999995,"{""00000000"": 1, ""00000011"": 2, ""00000100"": 1, ""00000101"": 2, ""00001000"": 1, ""00001010"": 2, ""00001100"": 1, ""00001101"": 2, ""00001110"": 3, ""00001111"": 1, ""00010000"": 3, ""00010001"": 1, ""00010010"": 4, ""00010011"": 2, ""00010100"": 8, ""00010101"": 4, ""00010110"": 3, ""00010111"": 2, ""00011000"": 5, ""00011001"": 2, ""00011010"": 1, ""00011011"": 1, ""00011100"": 3, ""00011110"": 2, ""00100001"": 1, ""00100010"": 1, ""00100011"": 2, ""00100100"": 2, ""00100110"": 2, ""00101000"": 1, ""00101010"": 1, ""00101111"": 1, ""00110000"": 2, ""00110010"": 2, ""00110011"": 1, ""00110110"": 1, ""01000011"": 1, ""01000100"": 1, ""01010010"": 1, ""01011010"": 1, ""01100000"": 1, ""01100110"": 1, ""01101110"": 1, ""01110000"": 1, ""10000011"": 1, ""10011101"": 1, ""10100010"": 1, ""10101110"": 1, ""11001110"": 1, ""11001111"": 2, ""11010111"": 1, ""11011101"": 1, ""11100010"": 1, ""11101000"": 1, ""11101100"": 1, ""11101101"": 1, ""11110100"": 1, ""11110111"": 1, ""11111000"": 1, ""11111010"": 1, ""11111110"": 1}"
ising_0.1,2,8,1.587401051968199,1,42,100,1,514,552,239.52734375,117.50641580000229,0.3124099870362661,00011011,0.34015426452329384,0.24027260321327212,0.6437287992051375,-1.9326946847914424,1.839925339921453,0.027744277487027735,0.43999999999999995,"{""00000011"": 1, ""00000100"": 3, ""00000101"": 1, ""00001000"": 1, ""00001001"": 2, ""00001010"": 1, ""00001011"": 1, ""00001100"": 1, ""00001110"": 2, ""00001111"": 1, ""00010010"": 2, ""00010011"": 3, ""00010100"": 3, ""00010101"": 2, ""00010110"": 5, ""00010111"": 3, ""00011000"": 4, ""00011001"": 5, ""00011010"": 1, ""00011011"": 5, ""00011100"": 2, ""00011101"": 1, ""00011111"": 2, ""00100001"": 2, ""00100011"": 2, ""00100100"": 1, ""00100101"": 1, ""00100110"": 2, ""00101010"": 1, ""00101100"": 1, ""00101101"": 1, ""00110001"": 1, ""00110010"": 2, ""00110011"": 1, ""00110110"": 1, ""00111000"": 1, ""01000010"": 1, ""01010100"": 1, ""01010101"": 1, ""01011010"": 1, ""01100001"": 1, ""01100100"": 1, ""01101110"": 1, ""01110111"": 1, ""10000011"": 1, ""10000101"": 1, ""10100010"": 1, ""10101110"": 1, ""10111001"": 1, ""11000111"": 1, ""11001110"": 1, ""11010000"": 1, ""11010010"": 1, ""11010111"": 2, ""11100011"": 1, ""11100100"": 1, ""11101100"": 2, ""11101101"": 1, ""11110011"": 1, ""11110100"": 1, ""11110110"": 1, ""11111000"": 1, ""11111010"": 1, ""11111101"": 1, ""11111110"": 1}"
ising_0.1,2,8,1.7144879657061445,1,42,100,1,514,552,242.9609375,117.02589720000105,0.3124099870362661,00011000,0.28630930163527246,0.2051406146216727,0.5621001018938128,-1.7608022050569256,1.5747011589939985,0.02610068540099364,0.43999999999999995,"{""00000010"": 1, ""00000011"": 2, ""00000100"": 2, ""00000101"": 2, ""00000110"": 1, ""00000111"": 1, ""00001000"": 1, ""00001001"": 1, ""00001010"": 3, ""00001011"": 3, ""00001100"": 1, ""00001101"": 2, ""00001110"": 2, ""00001111"": 2, ""00010011"": 2, ""00010100"": 3, ""00010101"": 1, ""00010110"": 3, ""00011000"": 5, ""00011001"": 2, ""00011011"": 2, ""00011100"": 1, ""00011101"": 1, ""00011110"": 1, ""00011111"": 1, ""00100001"": 2, ""00100010"": 1, ""00100011"": 2, ""00100100"": 1, ""00100101"": 2, ""00100111"": 3, ""00101000"": 1, ""00101001"": 1, ""00101010"": 2, ""00101100"": 1, ""00101101"": 1, ""00101111"": 1, ""00110000"": 1, ""00110001"": 1, ""00110010"": 2, ""00110100"": 1, ""00111010"": 1, ""00111111"": 1, ""01000010"": 1, ""01000011"": 1, ""01010101"": 1, ""01100100"": 1, ""01101000"": 1, ""01101110"": 1, ""10000101"": 1, ""10100010"": 1, ""10101000"": 1, ""10101010"": 1, ""10111000"": 1, ""11000010"": 1, ""11000111"": 2, ""11010010"": 1, ""11011011"": 1, ""11100000"": 1, ""11100100"": 1, ""11101100"": 3, ""11101111"": 1, ""11110011"": 1, ""11110101"": 1, ""11110111"": 1, ""11111001"": 1, ""11111011"": 1, ""11111101"": 1, ""11111110"": 1}"
ising_0.1,2,8,1.8517494245745791,1,42,100,1,514,552,243.87890625,116.31511130000581,0.3124099870362661,00011000,0.28496803294748796,0.20173085867259383,0.5057479065640219,-1.656790889229581,1.3917043469528483,0.027441954088778142,0.43999999999999995,"{""00000001"": 1, ""00000011"": 4, ""00000100"": 3, ""00001001"": 1, ""00001010"": 2, ""00001011"": 2, ""00001100"": 2, ""00001101"": 2, ""00001110"": 1, ""00001111"": 1, ""00010001"": 1, ""00010011"": 1, ""00010100"": 2, ""00010101"": 2, ""00010110"": 3, ""00011000"": 5, ""00011001"": 2, ""00011011"": 1, ""00011100"": 2, ""00011110"": 2, ""00011111"": 1, ""00100000"": 2, ""00100001"": 3, ""00100010"": 2, ""00100011"": 3, ""00100101"": 3, ""00100110"": 1, ""00100111"": 1, ""00101010"": 2, ""00101100"": 1, ""00101101"": 1, ""00110000"": 1, ""00110100"": 2, ""00110111"": 2, ""00111010"": 1, ""00111110"": 1, ""00111111"": 1, ""01000010"": 2, ""01000101"": 1, ""01001010"": 1, ""01010001"": 1, ""01100100"": 1, ""01101001"": 1, ""10000011"": 1, ""10000101"": 1, ""10101010"": 1, ""10111001"": 1, ""11010111"": 1, ""11011010"": 1, ""11011110"": 1, ""11011111"": 1, ""11100000"": 1, ""11100010"": 1, ""11100100"": 1, ""11100101"": 1, ""11101000"": 1, ""11101100"": 3, ""11101101"": 1, ""11101111"": 1, ""11110000"": 1, ""11110010"": 2, ""11110110"": 1, ""11110111"": 1, ""11111000"": 1, ""11111011"": 1}"
ising_0.1,2,8,2.0,1,42,100,1,514,552,241.42578125,111.35969299999124,0.3124099870362661,00100011,0.2945243112740431,0.2383192552059132,0.544755107129194,-1.533980787885641,1.4726215563702154,0.017885675762222997,0.43999999999999995,"{""00000001"": 2, ""00000011"": 2, ""00000100"": 3, ""00001001"": 2, ""00001010"": 1, ""00001100"": 1, ""00001101"": 1, ""00001111"": 3, ""00010010"": 3, ""00010100"": 3, ""00010101"": 1, ""00010110"": 2, ""00011000"": 4, ""00011001"": 2, ""00011011"": 1, ""00011100"": 1, ""00011101"": 1, ""00011110"": 3, ""00011111"": 1, ""00100000"": 2, ""00100001"": 2, ""00100011"": 4, ""00100101"": 1, ""00100110"": 2, ""00101010"": 1, ""00101100"": 1, ""00101101"": 2, ""00101110"": 1, ""00101111"": 1, ""00110000"": 1, ""00110011"": 1, ""00110100"": 1, ""00110111"": 1, ""00111000"": 1, ""00111001"": 2, ""00111010"": 1, ""00111110"": 1, ""01000010"": 2, ""01000011"": 1, ""01000100"": 1, ""01001101"": 1, ""01010000"": 1, ""01010101"": 1, ""01010110"": 1, ""01100000"": 1, ""01100100"": 1, ""01100101"": 1, ""01101110"": 1, ""01111000"": 1, ""10000011"": 1, ""10001011"": 1, ""10011101"": 1, ""10111001"": 1, ""11000100"": 1, ""11001101"": 1, ""11001111"": 1, ""11010111"": 1, ""11011011"": 2, ""11011100"": 1, ""11100000"": 1, ""11100010"": 2, ""11100101"": 1, ""11100111"": 1, ""11101000"": 1, ""11101011"": 1, ""11101100"": 2, ""11110010"": 1, ""11111011"": 1, ""11111101"": 1, ""11111110"": 1}"
ising_0.1,2,10,0.0009765625,1,42,100,1,2166,2223,282.12890625,294.95327779999934,0.3124099870362661,0000000000,0.0,0.0,0.0,0.0,0.0,0.3124099870362661,0.43999999999999995,"{""0000000000"": 100}"
ising_0.1,2,10,0.0010547458387620175,1,42,100,1,2166,2223,281.1796875,297.4294616999978,0.3124099870362661,0000000000,0.0,0.0,0.0,0.0,0.0,0.3124099870362661,0.43999999999999995,"{""0000000000"": 100}"
ising_0.1,2,10,0.0011391885152110507,1,42,100,1,2166,2223,280.70703125,294.974157699995,0.3124099870362661,0000000000,0.0,0.0,0.0,0.0,0.0,0.3124099870362661,0.43999999999999995,"{""0000000000"": 100}"
ising_0.1,2,10,0.0012303916502879625,1,42,100,1,2166,2223,282.46875,295.33224379998865,0.3124099870362661,0000000000,0.0,0.04986967483164003,0.4986967483164003,0.0,4.986967483164003,0.3124099870362661,0.43999999999999995,"{""0000000000"": 99, ""0000000001"": 1}"
ising_0.1,2,10,0.0013288964845452902,1,42,100,1,2166,2223,285.1015625,296.0033243000071,0.3124099870362661,0000000000,0.0,0.046173070836605455,0.46173070836605457,0.0,4.617307083660545,0.3124099870362661,0.43999999999999995,"{""0000000000"": 99, ""0000000001"": 1}"
ising_0.1,2,10,0.0014352875901128893,1,42,100,1,2166,2223,281.25,297.98418749999837,0.3124099870362661,0000000000,0.0,0.04275047867626276,0.42750478676262765,0.0,4.275047867626276,0.3124099870362661,0.43999999999999995,"{""0000000000"": 99, ""0000000001"": 1}"
ising_0.1,2,10,0.0015501963398126943,1,42,100,1,2166,2223,284.06640625,295.8273872999998,0.3124099870362661,0000000000,0.0,0.039581587144528745,0.3958158714452874,0.0,3.9581587144528743,0.3124099870362661,0.43999999999999995,"{""0000000000"": 99, ""0000000001"": 1}"
ising_0.1,2,10,0.0016743046540099089,1,42,100,1,2166,2223,282.9453125,297.02000830000907,0.3124099870362661,0000000000,0.0,0.03664759060931483,0.3664759060931483,0.0,3.6647590609314826,0.3124099870362661,0.43999999999999995,"{""0000000000"": 99, ""0000000001"": 1}"
ising_0.1,2,10,0.0018083490474361146,1,42,100,1,2166,2223,283.0078125,296.6022013000038,0.3124099870362661,0000000000,0.0,0.06786215482284357,0.4774282227535317,0.0,3.3931077411421784,0.3124099870362661,0.43999999999999995,"{""0000000000"": 98, ""0000000001"": 2}"
ising_0.1,2,10,0.001953125,1,42,100,1,2166,2223,284.33203125,294.5168590999965,0.3124099870362661,0000000000,0.0,0.06283185307179587,0.44203871837975867,0.0,3.141592653589793,0.3124099870362661,0.43999999999999995,"{""0000000000"": 98, ""0000000001"": 2}"
ising_0.1,2,10,0.002109491677524035,1,42,100,1,2166,2223,279.515625,294.9770833999937,0.3124099870362661,0000000000,0.0,0.058174423885326315,0.4092724711997018,0.0,2.908721194266316,0.3124099870362661,0.43999999999999995,"{""0000000000"": 98, ""0000000001"": 2}"
ising_0.1,2,10,0.0022783770304221013,1,42,100,1,2166,2223,286.828125,291.34704039999633,0.3124099870362661,0000000000,0.0,0.0807933419659581,0.4617248142955672,0.0,2.6931113988652697,0.3124099870362661,0.43999999999999995,"{""0000000000"": 97, ""0000000001"": 3}"
ising_0.1,2,10,0.002460783300575925,1,42,100,1,2166,2223,285.90234375,292.5910123999929,0.3124099870362661,0000000000,0.0,0.0,0.7088166932351341,-4.986967483164003,2.4934837415820015,0.3124099870362661,0.43999999999999995,"{""0000000000"": 95, ""0000000001"": 3, ""1111111110"": 1, ""1111111111"": 1}"
ising_0.1,2,10,0.0026577929690905803,1,42,100,1,2166,2223,285.03125,294.57477690000087,0.3124099870362661,0000000000,0.0,0.0,0.6562754519135086,-4.617307083660545,2.3086535418302727,0.3124099870362661,0.43999999999999995,"{""0000000000"": 95, ""0000000001"": 3, ""1111111110"": 1, ""1111111111"": 1}"
ising_0.1,2,10,0.0028705751802257785,1,42,100,1,2166,2223,283.89453125,293.130948799997,0.3124099870362661,0000000000,0.0,0.0,0.6076288452216313,-4.275047867626276,2.137523933813138,0.3124099870362661,0.43999999999999995,"{""0000000000"": 95, ""0000000001"": 3, ""1111111110"": 1, ""1111111111"": 1}"
ising_0.1,2,10,0.0031003926796253885,1,42,100,1,2166,2223,286.6015625,294.3056465000118,0.3124099870362661,0000000000,0.0,0.039581587144528745,0.6878776540141547,-3.9581587144528743,3.9581587144528743,0.3124099870362661,0.43999999999999995,"{""0000000000"": 94, ""0000000001"": 3, ""0000000010"": 1, ""1111111110"": 1, ""1111111111"": 1}"
ising_0.1,2,10,0.0033486093080198178,1,42,100,1,2166,2223,285.12109375,295.65823549999914,0.3124099870362661,0000000000,0.0,0.03664759060931483,0.6368885249992112,-3.6647590609314826,3.6647590609314826,0.3124099870362661,0.43999999999999995,"{""0000000000"": 94, ""0000000001"": 3, ""0000000010"": 1, ""1111111110"": 1, ""1111111111"": 1}"
ising_0.1,2,10,0.0036166980948722292,1,42,100,1,2166,2223,289.046875,294.0364348999865,0.3124099870362661,0000000000,0.0,0.05089661611713267,0.816136124941552,-3.3931077411421784,5.089661611713267,0.3124099870362661,0.43999999999999995,"{""0000000000"": 91, ""0000000001"": 3, ""0000000010"": 1, ""0000000011"": 1, ""1111111110"": 1, ""1111111111"": 3}"
ising_0.1,2,10,0.00390625,1,42,100,1,2166,2223,283.07421875,295.3854425000027,0.3124099870362661,0000000000,0.0,0.09424777960769379,0.8880154403779614,-3.141592653589793,4.71238898038469,0.3124099870362661,0.43999999999999995,"{""0000000000"": 90, ""0000000001"": 3, ""0000000010"": 1, ""0000000011"": 2, ""1111111110"": 1, ""1111111111"": 3}"
ising_0.1,2,10,0.00421898335504807,1,42,100,1,2166,2223,285.92578125,294.95785809999506,0.3124099870362661,0000000000,0.0,0.1599796656846473,4.551906715041939,-29.087211942663156,33.450293734062626,0.3124099870362661,0.43999999999999995,"{""0000000000"": 86, ""0000000001"": 3, ""0000000010"": 1, ""0000000011"": 3, ""0000010111"": 1, ""1111101100"": 1, ""1111111110"": 1, ""1111111111"": 4}"
ising_0.1,2,10,0.004556754060844206,1,42,100,1,2166,2223,284.46484375,295.0041068999999,0.3124099870362661,0000000000,0.0,0.1481211269375897,4.214495320148039,-26.93111398865268,30.970781086950577,0.3124099870362661,0.43999999999999995,"{""0000000000"": 86, ""0000000001"": 3, ""0000000010"": 1, ""0000000011"": 3, ""0000010111"": 1, ""1111101100"": 1, ""1111111110"": 1, ""1111111111"": 4}"
ising_0.1,2,10,0.0049215666011518475,1,42,100,1,2166,2223,287.4453125,294.53463320000446,0.3124099870362661,0000000000,0.0,-0.1122067683711901,2.6408475820757973,-24.934837415820027,3.7402256123730044,0.3124099870362661,0.43999999999999995,"{""0000000000"": 84, ""0000000001"": 6, ""0000000010"": 1, ""0000000011"": 3, ""1111101100"": 1, ""1111111110"": 1, ""1111111111"": 4}"
ising_0.1,2,10,0.005315585938181161,1,42,100,1,2166,2223,289.3359375,293.6438594000065,0.3124099870362661,0000000000,0.0,-0.5887066531667196,5.034254620677819,-43.86441729477518,3.462980312745409,0.3124099870362661,0.43999999999999995,"{""0000000000"": 81, ""0000000001"": 7, ""0000000010"": 1, ""0000000011"": 3, ""1111011010"": 1, ""1111101100"": 1, ""1111111100"": 1, ""1111111110"": 2, ""1111111111"": 3}"
ising_0.1,2,10,0.005741150360451557,1,42,100,1,2166,2223,282.93359375,296.215217799996,0.3124099870362661,0000000000,0.0,-0.5236933637842188,4.666037153704361,-40.612954742449624,3.2062859007197075,0.3124099870362661,0.43999999999999995,"{""0000000000"": 79, ""0000000001"": 9, ""0000000010"": 1, ""0000000011"": 3, ""1111011010"": 1, ""1111101100"": 1, ""1111111100"": 1, ""1111111110"": 2, ""1111111111"": 3}"
ising_0.1,2,10,0.006200785359250777,1,42,100,1,2166,2223,284.5625,295.2509391000058,0.3124099870362661,0000000000,0.0,-0.6629915846708564,5.2776480286470955,-37.6025077873023,6.92677775029253,0.3124099870362661,0.43999999999999995,"{""0000000000"": 76, ""0000000001"": 12, ""0000000010"": 1, ""0000000011"": 3, ""0000000111"": 1, ""1111011010"": 1, ""1111100010"": 1, ""1111101100"": 1, ""1111111100"": 1, ""1111111110"": 2, ""1111111111"": 1}"
ising_0.1,2,10,0.006697218616039631,1,42,100,1,2166,2223,283.35546875,294.4064672000095,0.3124099870362661,0000000000,0.0,-0.5863614497490376,4.8941822697502895,-34.8152110788491,6.413328356630099,0.3124099870362661,0.43999999999999995,"{""0000000000"": 74, ""0000000001"": 13, ""0000000010"": 2, ""0000000011"": 3, ""0000000111"": 1, ""1111011010"": 1, ""1111100010"": 1, ""1111101100"": 1, ""1111111100"": 1, ""1111111110"": 2, ""1111111111"": 1}"
ising_0.1,2,10,0.0072333961897444584,1,42,100,1,2166,2223,282.21875,294.75387559999945,0.3124099870362661,0000000000,0.0,-0.5089661611713268,4.538579888281139,-32.234523540850695,5.937938546998812,0.3124099870362661,0.43999999999999995,"{""0000000000"": 70, ""0000000001"": 17, ""0000000010"": 2, ""0000000011"": 3, ""0000000111"": 1, ""1111011010"": 1, ""1111100010"": 1, ""1111101100"": 1, ""1111111100"": 1, ""1111111110"": 2, ""1111111111"": 1}"
ising_0.1,2,10,0.0078125,1,42,100,1,2166,2223,285.31640625,295.61311760000535,0.3124099870362661,0000000000,0.0,-0.32201324699295375,4.404989088504216,-29.845130209103033,12.566370614359172,0.3124099870362661,0.43999999999999995,"{""0000000000"": 67, ""0000000001"": 18, ""0000000010"": 3, ""0000000011"": 3, ""0000000111"": 1, ""0000010000"": 1, ""1111011010"": 1, ""1111100010"": 1, ""1111101100"": 1, ""1111111100"": 1, ""1111111110"": 2, ""1111111111"": 1}"
ising_0.1,2,10,0.00843796671009614,1,42,100,1,2166,2223,287.265625,293.9533314,0.3124099870362661,0000000000,0.0,-0.014543605971331537,4.649889291398489,-27.632851345529996,21.815408956997366,0.3124099870362661,0.43999999999999995,"{""0000000000"": 59, ""0000000001"": 24, ""0000000010"": 4, ""0000000011"": 2, ""0000000100"": 1, ""0000000111"": 1, ""0000010000"": 1, ""0000011110"": 1, ""1111011010"": 1, ""1111100010"": 1, ""1111101100"": 1, ""1111111100"": 1, ""1111111110"": 2, ""1111111111"": 1}"
ising_0.1,2,10,0.009113508121688405,1,42,100,1,2166,2223,285.609375,294.5567156000034,0.3124099870362661,0000000000,0.0,0.07406056346879492,2.8402318926870147,-20.198335491489523,10.772445595461079,0.3124099870362661,0.43999999999999995,"{""0000000000"": 50, ""0000000001"": 32, ""0000000010"": 3, ""0000000011"": 2, ""0000000100"": 1, ""0000001010"": 1, ""0000010000"": 1, ""1111100010"": 1, ""1111101100"": 1, ""1111111100"": 1, ""1111111110"": 2, ""1111111111"": 5}"
ising_0.1,2,10,0.009843133202303695,1,42,100,1,2166,2223,286.62109375,295.9549645999941,0.3124099870362661,0000000000,0.0,0.14337531514096516,2.717723680929685,-18.70112806186502,9.973934966328011,0.3124099870362661,0.43999999999999995,"{""0000000000"": 43, ""0000000001"": 36, ""0000000010"": 4, ""0000000011"": 2, ""0000000100"": 1, ""0000001010"": 2, ""0000010000"": 1, ""1111100010"": 1, ""1111101100"": 1, ""1111111100"": 2, ""1111111110"": 2, ""1111111111"": 5}"
ising_0.1,2,10,0.010631171876362321,1,42,100,1,2166,2223,287.18359375,294.021531099992,0.3124099870362661,0000000001,0.5771633854575682,0.1327475786552407,2.4853251334426645,-17.314901563727044,9.23461416732109,0.2647533984213021,0.43999999999999995,"{""0000000000"": 35, ""0000000001"": 45, ""0000000010"": 4, ""0000000011"": 1, ""0000001010"": 2, ""0000010000"": 1, ""1111100010"": 1, ""1111101101"": 1, ""1111111100"": 2, ""1111111101"": 1, ""1111111110"": 2, ""1111111111"": 5}"
ising_0.1,2,10,0.011482300720903114,1,42,100,1,2166,2223,284.58203125,294.1286861000117,0.3124099870362661,0000000001,0.5343809834532846,0.3633790687482335,1.6002254903436668,-10.153238685612406,8.550095735252553,0.22197099641701845,0.43999999999999995,"{""0000000000"": 28, ""0000000001"": 55, ""0000000010"": 4, ""0000000011"": 1, ""0000001010"": 2, ""0000010000"": 1, ""1111101101"": 1, ""1111111100"": 1, ""1111111101"": 1, ""1111111110"": 2, ""1111111111"": 4}"
ising_0.1,2,10,0.012401570718501554,1,42,100,1,2166,2223,285.62109375,294.0016542000085,0.3124099870362661,0000000001,0.4947698393066093,0.1533786501850489,2.2179185108306276,-16.822174536424715,7.9163174289057485,0.18235985227034318,0.43999999999999995,"{""0000000000"": 21, ""0000000001"": 63, ""0000000010"": 2, ""0000000011"": 2, ""0000001010"": 1, ""0000010000"": 1, ""1111011110"": 1, ""1111101101"": 1, ""1111111100"": 1, ""1111111101"": 1, ""1111111110"": 2, ""1111111111"": 4}"
ising_0.1,2,10,0.013394437232079262,1,42,100,1,2166,2223,286.34375,295.89544040001056,0.3124099870362661,0000000001,0.4580948826164356,0.1465903624372594,1.8779463560945469,-13.284751595876633,7.32951812186297,0.1456848955801695,0.43999999999999995,"{""0000000000"": 18, ""0000000001"": 67, ""0000000010"": 2, ""0000001010"": 1, ""0000010000"": 1, ""1111100011"": 1, ""1111101101"": 1, ""1111111100"": 1, ""1111111101"": 1, ""1111111110"": 3, ""1111111111"": 4}"
ising_0.1,2,10,0.014466792379488917,1,42,100,1,2166,2223,286.234375,293.9338483999891,0.3124099870362661,0000000001,0.4241384676427723,0.27144861929137426,0.982321576245228,-8.058630885212674,4.241384676427723,0.1117284806065062,0.43999999999999995,"{""0000000000"": 14, ""0000000001"": 76, ""0000000010"": 3, ""0000001010"": 1, ""1111101101"": 1, ""1111111100"": 1, ""1111111110"": 1, ""1111111111"": 3}"
ising_0.1,2,10,0.015625,1,42,100,1,2166,2223,283.64453125,295.5567849000072,0.3124099870362661,0000000001,0.39269908169872414,0.36521014597981344,0.4403970538298803,-1.5707963267948966,3.9269908169872414,0.08028909466245804,0.43999999999999995,"{""0000000000"": 9, ""0000000001"": 85, ""0000000010"": 2, ""0000001010"": 1, ""1111111100"": 1, ""1111111111"": 2}"
ising_0.1,2,10,0.01687593342019228,1,42,100,1,2166,2223,288.59765625,294.25346340000397,0.3124099870362661,0000000001,0.3635901492832895,0.3345029373406263,0.12316396929881053,-0.3635901492832895,0.3635901492832895,0.051180162247023375,0.43999999999999995,"{""0000000000"": 4, ""0000000001"": 94, ""1111111111"": 2}"
ising_0.1,2,10,0.018227016243376824,1,42,100,1,2166,2223,289.0234375,294.95703029999277,0.3124099870362661,0000000001,0.3366389248581585,0.35010448185248483,0.24825571752059186,-0.3366389248581585,2.693111398865268,0.024228937821892393,0.43999999999999995,"{""0000000000"": 1, ""0000000001"": 97, ""0000001000"": 1, ""1111111111"": 1}"
ising_0.1,2,10,0.01968626640460739,1,42,100,1,2166,2223,290.3359375,294.5364325999981,0.3124099870362661,0000000001,0.31168546769775035,0.32726974108263784,0.22751508049310618,-0.31168546769775035,2.493483741582003,0.00072451933851575,0.43999999999999995,"{""0000000001"": 98, ""0000001000"": 1, ""1111111111"": 1}"
ising_0.1,2,10,0.021262343752724643,1,42,100,1,2166,2223,284.37890625,295.3869196000014,0.3124099870362661,0000000001,0.2885816927287841,0.27126679116505703,0.1682205981106866,-1.1543267709151364,0.8657450781863523,0.023828294307482012,0.43999999999999995,"{""0000000000"": 1, ""0000000001"": 96, ""0000000011"": 1, ""1111111100"": 1, ""1111111111"": 1}"
ising_0.1,2,10,0.022964601441806228,1,42,100,1,2166,2223,285.0,295.71227689999796,0.3124099870362661,0000000001,0.2671904917266423,0.23245572780217877,0.2136680363026186,-1.068761966906569,0.8015714751799269,0.045219495309623825,0.43999999999999995,"{""0000000000"": 5, ""0000000001"": 89, ""0000000010"": 2, ""0000000011"": 1, ""1111111100"": 2, ""1111111111"": 1}"
ising_0.1,2,10,0.024803141437003108,1,42,100,1,2166,2223,285.91015625,294.12225690000923,0.3124099870362661,0000000001,0.24738491965330464,0.07916317428905749,1.1068305909062275,-9.153242027172272,2.4738491965330462,0.06502506738296146,0.43999999999999995,"{""0000000000"": 8, ""0000000001"": 74, ""0000000010"": 8, ""0000000011"": 1, ""0000001010"": 1, ""1111011011"": 1, ""1111101101"": 1, ""1111111100"": 2, ""1111111101"": 1, ""1111111110"": 1, ""1111111111"": 2}"
ising_0.1,2,10,0.026788874464158525,1,42,100,1,2166,2223,289.07421875,294.48171049999655,0.3124099870362661,0000000001,0.2290474413082178,0.18094747863349206,1.0004069270495262,-6.642375797938317,4.122853943547921,0.0833625457280483,0.43999999999999995,"{""0000000000"": 8, ""0000000001"": 63, ""0000000010"": 15, ""0000000011"": 2, ""0000000100"": 1, ""0000001010"": 1, ""0000001011"": 1, ""0000010010"": 1, ""1111100011"": 1, ""1111101101"": 1, ""1111111100"": 2, ""1111111101"": 1, ""1111111110"": 1, ""1111111111"": 2}"
ising_0.1,2,10,0.028933584758977816,1,42,100,1,2166,2223,286.76171875,294.93207199999597,0.3124099870362661,0000000001,0.21206923382138626,0.1866209257628199,1.3311394406030193,-8.694838586676836,6.5741462484629745,0.10034075321487984,0.43999999999999995,"{""0000000000"": 8, ""0000000001"": 41, ""0000000010"": 34, ""0000000011"": 3, ""0000000100"": 1, ""0000001011"": 1, ""0000010010"": 1, ""0000011111"": 1, ""1111010111"": 1, ""1111101101"": 1, ""1111110000"": 1, ""1111111100"": 2, ""1111111101"": 1, ""1111111110"": 3, ""1111111111"": 1}"
ising_0.1,2,10,0.03125,1,42,100,1,2166,2223,285.62890625,294.36784909998823,0.3124099870362661,0000000010,0.39269908169872414,0.22580197197676638,0.9896000331054917,-8.050331174823844,3.5342917352885173,0.08028909466245804,0.43999999999999995,"{""0000000000"": 6, ""0000000001"": 22, ""0000000010"": 63, ""0000000011"": 4, ""0000010010"": 1, ""1111010111"": 1, ""1111101110"": 1, ""1111111110"": 2}"
ising_0.1,2,10,0.03375186684038456,1,42,100,1,2166,2223,290.421875,293.1105952000071,0.3124099870362661,0000000010,0.3635901492832895,0.22906179404847238,0.8638266447700444,-7.453598060307433,0.5453852239249342,0.051180162247023375,0.43999999999999995,"{""0000000000"": 3, ""0000000001"": 7, ""0000000010"": 81, ""0000000011"": 6, ""1111010111"": 1, ""1111101110"": 1, ""1111111110"": 1}"
ising_0.1,2,10,0.03645403248675365,1,42,100,1,2166,2223,286.8515625,293.9610394999909,0.3124099870362661,0000000010,0.3366389248581585,0.30634142162092426,0.3486490965912019,-3.0297503237234262,1.1782362370035546,0.024228937821892393,0.43999999999999995,"{""0000000001"": 3, ""0000000010"": 95, ""0000000111"": 1, ""1111101110"": 1}"
ising_0.1,2,10,0.03937253280921478,1,42,100,1,2166,2223,289.98828125,294.63621609999973,0.3124099870362661,0000000010,0.31168546769775035,0.2805169209279753,0.31247156092024586,-2.8051692092797533,0.46752820154662555,0.00072451933851575,0.43999999999999995,"{""0000000001"": 1, ""0000000010"": 97, ""0000000011"": 1, ""1111101110"": 1}"
ising_0.1,2,10,0.04252468750544926,1,42,100,1,2166,2223,288.93359375,296.1054223999963,0.3124099870362661,0000000010,0.28858169272878426,0.26116643191954975,0.29270245548222884,-2.5972352345590584,0.4328725390931764,0.023828294307481845,0.43999999999999995,"{""0000000000"": 1, ""0000000001"": 2, ""0000000010"": 91, ""0000000011"": 5, ""1111101110"": 1}"
ising_0.1,2,10,0.045929202883612456,1,42,100,1,2166,2223,293.05859375,295.1640127999999,0.3124099870362661,0000000010,0.2671904917266423,0.25917477697484304,0.3090037818385293,-2.4047144255397805,1.068761966906569,0.045219495309623825,0.43999999999999995,"{""0000000000"": 3, ""0000000001"": 4, ""0000000010"": 70, ""0000000011"": 14, ""0000000100"": 4, ""0000000110"": 1, ""0000001000"": 1, ""1111101110"": 1, ""1111111110"": 2}"
ising_0.1,2,10,0.049606282874006216,1,42,100,1,2166,2223,288.91796875,295.659857000006,0.3124099870362661,0000000011,0.37107737947995695,0.28572958219956685,0.44881030625211166,-2.226464276879742,2.226464276879742,0.05866739244369085,0.43999999999999995,"{""0000000000"": 5, ""0000000001"": 5, ""0000000010"": 29, ""0000000011"": 39, ""0000000100"": 6, ""0000000101"": 3, ""0000000110"": 1, ""0000001000"": 1, ""0000001010"": 1, ""0000001101"": 1, ""0000010010"": 1, ""1111101110"": 1, ""1111110100"": 1, ""1111111100"": 1, ""1111111110"": 4, ""1111111111"": 1}"
ising_0.1,2,10,0.05357774892831705,1,42,100,1,2166,2223,286.484375,295.67149100000097,0.3124099870362661,0000000011,0.34357116196232673,0.30577833414647076,0.26047106146917276,-1.7178558098116334,1.1452372065410892,0.03116117492606063,0.43999999999999995,"{""0000000000"": 2, ""0000000001"": 3, ""0000000010"": 11, ""0000000011"": 68, ""0000000100"": 7, ""0000000101"": 3, ""0000000110"": 1, ""0000001010"": 1, ""1111110001"": 1, ""1111111100"": 1, ""1111111111"": 2}"
ising_0.1,2,10,0.05786716951795563,1,42,100,1,2166,2223,290.85546875,295.13475219999964,0.3124099870362661,0000000011,0.3181038507320794,0.2979572735190477,0.20975111456749507,-1.590519253660397,0.5301730845534657,0.005693863695813317,0.43999999999999995,"{""0000000001"": 1, ""0000000011"": 92, ""0000000100"": 2, ""0000000101"": 3, ""1111110001"": 1, ""1111111100"": 1}"
ising_0.1,2,10,0.0625,1,42,100,1,2166,2223,291.46484375,293.67711039999267,0.3124099870362661,0000000011,0.2945243112740431,0.2660536278508856,0.2911314572591894,-1.6689710972195777,0.9817477042468103,0.017885675762222997,0.43999999999999995,"{""0000000000"": 2, ""0000000001"": 1, ""0000000010"": 2, ""0000000011"": 78, ""0000000100"": 8, ""0000000101"": 4, ""0000000110"": 1, ""0000001010"": 1, ""1111101111"": 1, ""1111110001"": 1, ""1111111100"": 1}"
ising_0.1,2,10,0.06750373368076912,1,42,100,1,2166,2223,287.8515625,291.043709199992,0.3124099870362661,0000000011,0.2726926119624671,0.28632724256059044,0.4463114055086221,-3.090516268907961,1.8179507464164473,0.03971737507379902,0.43999999999999995,"{""0000000000"": 1, ""0000000001"": 1, ""0000000010"": 4, ""0000000011"": 47, ""0000000100"": 28, ""0000000101"": 8, ""0000000110"": 3, ""0000001010"": 2, ""0000001011"": 1, ""0000010100"": 1, ""1111011110"": 1, ""1111101111"": 1, ""1111111100"": 1, ""1111111111"": 1}"
ising_0.1,2,10,0.07290806497350724,1,42,100,1,2166,2223,286.765625,294.56339039999875,0.3124099870362661,0000000100,0.3366389248581587,0.3147573947423784,0.3222228707671076,-2.5247919364361904,1.0099167745744762,0.024228937821892615,0.43999999999999995,"{""0000000000"": 1, ""0000000001"": 1, ""0000000010"": 1, ""0000000011"": 12, ""0000000100"": 71, ""0000000101"": 5, ""0000000110"": 3, ""0000001000"": 1, ""0000001010"": 1, ""0000001100"": 2, ""1111100010"": 1, ""1111111100"": 1}"
ising_0.1,2,10,0.07874506561842956,1,42,100,1,2166,2223,290.64453125,293.38976269999694,0.3124099870362661,0000000100,0.31168546769775035,0.2540236561736665,0.4244325493271692,-2.8051692092797533,0.9350564030932511,0.00072451933851575,0.43999999999999995,"{""0000000000"": 1, ""0000000001"": 1, ""0000000010"": 1, ""0000000011"": 5, ""0000000100"": 83, ""0000000101"": 2, ""0000000110"": 2, ""0000001100"": 2, ""1111011100"": 1, ""1111100010"": 1, ""1111111100"": 1}"
ising_0.1,2,10,0.08504937501089851,1,42,100,1,2166,2223,284.5546875,293.29085069999564,0.3124099870362661,0000000100,0.28858169272878426,0.2806456961787427,0.29469217502819767,-2.164362695465882,1.0100359245507449,0.023828294307481845,0.43999999999999995,"{""0000000000"": 1, ""0000000001"": 1, ""0000000010"": 1, ""0000000011"": 7, ""0000000100"": 66, ""0000000101"": 10, ""0000000110"": 6, ""0000000111"": 2, ""0000001100"": 1, ""0000001110"": 2, ""1111100010"": 1, ""1111111011"": 1, ""1111111100"": 1}"
ising_0.1,2,10,0.09185840576722491,1,42,100,1,2166,2223,287.59765625,293.09053040000435,0.3124099870362661,0000000101,0.33398811465830286,0.3159527564667545,0.28194019725188085,-1.9371310650181568,1.4695477044965324,0.021578127622036758,0.43999999999999995,"{""0000000011"": 8, ""0000000100"": 23, ""0000000101"": 53, ""0000000110"": 5, ""0000000111"": 4, ""0000001001"": 1, ""0000001011"": 2, ""0000001110"": 1, ""0000010110"": 1, ""1111100011"": 1, ""1111111100"": 1}"
ising_0.1,2,10,0.09921256574801243,1,42,100,1,2166,2223,291.7265625,295.3560437999986,0.3124099870362661,0000000101,0.3092311495666308,-0.0210277181705309,3.0362570343606277,-29.995421507963187,0.6803085290465877,0.0031788374696353205,0.43999999999999995,"{""0000000010"": 1, ""0000000011"": 8, ""0000000100"": 7, ""0000000101"": 69, ""0000000110"": 5, ""0000000111"": 4, ""0000001000"": 2, ""0000001011"": 1, ""1000011011"": 1, ""1111100011"": 1, ""1111111100"": 1}"
ising_0.1,2,10,0.1071554978566341,1,42,100,1,2166,2223,291.703125,293.4493677999999,0.3124099870362661,0000000101,0.2863093016352723,0.017751176701386897,2.820831827539564,-27.77200225862141,1.259760927195198,0.026100685400993806,0.43999999999999995,"{""0000000000"": 1, ""0000000001"": 2, ""0000000010"": 2, ""0000000011"": 3, ""0000000100"": 6, ""0000000101"": 33, ""0000000110"": 31, ""0000000111"": 5, ""0000001000"": 6, ""0000001001"": 1, ""0000001010"": 1, ""0000001011"": 1, ""0000001100"": 1, ""0000001101"": 1, ""0000001110"": 1, ""0000010110"": 1, ""1000011011"": 1, ""1111100011"": 1, ""1111110100"": 1, ""1111111001"": 1}"
ising_0.1,2,10,0.11573433903591127,1,42,100,1,2166,2223,288.62890625,293.5291092999978,0.3124099870362661,0000000110,0.3181038507320794,0.2995477927727081,0.11437543285065056,-0.3181038507320794,0.5301730845534657,0.005693863695813317,0.43999999999999995,"{""0000000000"": 1, ""0000000001"": 1, ""0000000010"": 2, ""0000000011"": 3, ""0000000100"": 2, ""0000000101"": 3, ""0000000110"": 73, ""0000000111"": 5, ""0000001000"": 6, ""0000001001"": 1, ""0000001010"": 1, ""1111111010"": 2}"
ising_0.1,2,10,0.125,1,42,100,1,2166,2223,288.44140625,295.0484432999947,0.3124099870362661,0000000110,0.2945243112740431,0.07559457322700439,2.4245916060118753,-23.856469213197492,1.325359400733194,0.017885675762222997,0.43999999999999995,"{""0000000000"": 2, ""0000000001"": 2, ""0000000010"": 3, ""0000000011"": 3, ""0000000100"": 2, ""0000000101"": 3, ""0000000110"": 50, ""0000000111"": 17, ""0000001000"": 8, ""0000001001"": 1, ""0000001010"": 1, ""0000001100"": 1, ""0000001110"": 1, ""0000001111"": 1, ""0000010000"": 1, ""0000010110"": 1, ""0000011011"": 1, ""1000011010"": 1, ""1111111000"": 1}"
ising_0.1,2,10,0.13500746736153824,1,42,100,1,2166,2223,291.27734375,293.76845329999924,0.3124099870362661,0000000111,0.3181413806228783,0.14407259665350344,1.8149304277422262,-17.770468546220773,0.9998729105290459,0.005731393586612177,0.43999999999999995,"{""0000000001"": 2, ""0000000010"": 1, ""0000000101"": 3, ""0000000110"": 7, ""0000000111"": 61, ""0000001000"": 9, ""0000001001"": 8, ""0000001011"": 1, ""0000001100"": 2, ""0000001110"": 1, ""0000010001"": 1, ""0000010110"": 1, ""1001111001"": 1, ""1111111001"": 1, ""1111111011"": 1}"
ising_0.1,2,10,0.14581612994701448,1,42,100,1,2166,2223,293.95703125,293.7091223000025,0.3124099870362661,0000000111,0.2945590592508889,0.059753409162323155,2.5607792614482654,-16.45322745244251,9.678369089672064,0.017850927785377224,0.43999999999999995,"{""0000000000"": 1, ""0000000001"": 3, ""0000000010"": 2, ""0000000100"": 4, ""0000000101"": 1, ""0000000110"": 8, ""0000000111"": 29, ""0000001000"": 27, ""0000001001"": 9, ""0000001010"": 1, ""0000001011"": 2, ""0000001100"": 1, ""0000001110"": 1, ""0000001111"": 2, ""0000010110"": 1, ""0000011000"": 1, ""0000011011"": 1, ""0011100110"": 1, ""1001111001"": 2, ""1111100010"": 1, ""1111111001"": 1, ""1111111010"": 1}"
ising_0.1,2,10,0.15749013123685912,1,42,100,1,2166,2223,287.89453125,294.45803650000016,0.3124099870362661,0000001000,0.31168546769775035,0.25558208351215533,1.7969019383566134,-15.272587917189766,8.960957196310323,0.00072451933851575,0.43999999999999995,"{""0000000000"": 1, ""0000000001"": 2, ""0000000010"": 1, ""0000000011"": 1, ""0000000100"": 1, ""0000000110"": 7, ""0000000111"": 8, ""0000001000"": 59, ""0000001001"": 8, ""0000001010"": 1, ""0000001011"": 2, ""0000001100"": 2, ""0000001110"": 2, ""0000011000"": 1, ""0000011011"": 1, ""0000011110"": 1, ""0011100110"": 1, ""1001111000"": 1}"
ising_0.1,2,10,0.17009875002179703,1,42,100,1,2166,2223,284.74609375,293.32030350000423,0.3124099870362661,0000001001,0.3246544043198823,0.330426038174458,0.4665065944176132,-1.082181347732941,4.184434544567372,0.012244417283616194,0.43999999999999995,"{""0000000000"": 1, ""0000000011"": 1, ""0000000100"": 1, ""0000000110"": 5, ""0000000111"": 8, ""0000001000"": 22, ""0000001001"": 32, ""0000001010"": 9, ""0000001011"": 4, ""0000001100"": 2, ""0000001101"": 2, ""0000001111"": 2, ""0000010001"": 2, ""0000010101"": 1, ""0000011011"": 1, ""0000011110"": 1, ""0001110100"": 1, ""1111100010"": 1, ""1111100111"": 1, ""1111110110"": 1, ""1111110111"": 2}"
ising_0.1,2,10,0.18371681153444983,1,42,100,1,2166,2223,291.9765625,294.70827650000865,0.3124099870362661,0000001001,0.30058930319247257,0.3045971605683722,0.43624999929895053,-1.1021607783723995,3.8742621300363136,0.011820683843793534,0.43999999999999995,"{""0000000010"": 1, ""0000000011"": 1, ""0000000101"": 1, ""0000000110"": 1, ""0000000111"": 10, ""0000001000"": 10, ""0000001001"": 31, ""0000001010"": 18, ""0000001011"": 7, ""0000001100"": 4, ""0000001101"": 2, ""0000001110"": 2, ""0000010010"": 1, ""0000010110"": 1, ""0000010111"": 1, ""0000011011"": 1, ""0001110100"": 1, ""1111011111"": 1, ""1111101011"": 1, ""1111110001"": 1, ""1111110110"": 1, ""1111110111"": 2, ""1111111111"": 1}"
ising_0.1,2,10,0.19842513149602486,1,42,100,1,2166,2223,284.78125,294.5356554000027,0.3124099870362661,0000001010,0.3092311495666308,0.2912957428917662,0.4311838678494713,-1.2678477132231862,3.6180044499295803,0.0031788374696353205,0.43999999999999995,"{""0000000000"": 1, ""0000000001"": 1, ""0000000010"": 1, ""0000000101"": 1, ""0000000110"": 6, ""0000000111"": 2, ""0000001000"": 7, ""0000001001"": 6, ""0000001010"": 38, ""0000001011"": 11, ""0000001100"": 4, ""0000001101"": 4, ""0000001110"": 2, ""0000010000"": 1, ""0000010100"": 1, ""0000010110"": 4, ""0000011011"": 1, ""0001110101"": 1, ""1111010111"": 1, ""1111100011"": 1, ""1111110011"": 1, ""1111110110"": 3, ""1111111000"": 1, ""1111111110"": 1}"
ising_0.1,2,10,0.2143109957132682,1,42,100,1,2166,2223,292.63671875,293.4233532000071,0.3124099870362661,0000001011,0.3149402317987995,0.35845924564736087,0.6951151406402387,-0.40083302228938117,7.014577890064171,0.0025302447625333846,0.43999999999999995,"{""0000000011"": 1, ""0000000100"": 1, ""0000000101"": 2, ""0000000110"": 3, ""0000000111"": 3, ""0000001000"": 4, ""0000001001"": 5, ""0000001010"": 9, ""0000001011"": 33, ""0000001100"": 12, ""0000001101"": 5, ""0000001110"": 3, ""0000001111"": 2, ""0000010001"": 3, ""0000010011"": 1, ""0000010100"": 1, ""0000010101"": 3, ""0000010110"": 2, ""0011110101"": 1, ""1111110010"": 1, ""1111110101"": 1, ""1111110110"": 2, ""1111111001"": 1, ""1111111011"": 1}"
ising_0.1,2,10,0.23146867807182253,1,42,100,1,2166,2223,291.734375,295.6245534000045,0.3124099870362661,0000001100,0.3181038507320794,0.3573366589890359,0.805771127416228,-3.7112115918742594,6.229533743503222,0.005693863695813317,0.43999999999999995,"{""0000000001"": 1, ""0000000100"": 1, ""0000000110"": 1, ""0000000111"": 1, ""0000001000"": 3, ""0000001001"": 1, ""0000001010"": 7, ""0000001011"": 11, ""0000001100"": 29, ""0000001101"": 9, ""0000001110"": 6, ""0000010000"": 3, ""0000010001"": 1, ""0000010010"": 2, ""0000010011"": 4, ""0000010100"": 4, ""0000010101"": 3, ""0000010110"": 1, ""0000100000"": 1, ""0000110011"": 1, ""0001110110"": 1, ""0011101011"": 1, ""1101110100"": 1, ""1111100010"": 1, ""1111110100"": 3, ""1111110111"": 1, ""1111111100"": 1, ""1111111110"": 1}"
ising_0.1,2,10,0.25,1,42,100,1,2166,2223,296.890625,294.50931649999984,0.3124099870362661,0000001101,0.3190680038802134,0.3816544200259475,0.5746312125757648,-0.7363107781851077,4.76147636559703,0.00665801684394729,0.43999999999999995,"{""0000000000"": 1, ""0000000011"": 2, ""0000000100"": 1, ""0000000101"": 1, ""0000000111"": 2, ""0000001000"": 1, ""0000001001"": 1, ""0000001010"": 3, ""0000001011"": 4, ""0000001100"": 15, ""0000001101"": 25, ""0000001110"": 11, ""0000001111"": 2, ""0000010000"": 2, ""0000010001"": 2, ""0000010010"": 1, ""0000010011"": 8, ""0000010100"": 1, ""0000010101"": 3, ""0000010111"": 1, ""0000011000"": 1, ""0000011110"": 1, ""0000100001"": 1, ""0000110011"": 1, ""0000111000"": 1, ""0001110110"": 1, ""0011000010"": 1, ""1111100010"": 1, ""1111101110"": 1, ""1111110010"": 2, ""1111110011"": 2}"
ising_0.1,2,10,0.27001493472307647,1,42,100,1,2166,2223,289.33984375,296.39997179999773,0.3124099870362661,0000001110,0.3181413806228783,0.30200706774843233,0.730888625520889,-4.703947556352557,4.4085305600598845,0.005731393586612177,0.43999999999999995,"{""0000000000"": 2, ""0000000010"": 1, ""0000000011"": 1, ""0000000110"": 2, ""0000000111"": 1, ""0000001000"": 1, ""0000001001"": 1, ""0000001010"": 3, ""0000001011"": 6, ""0000001100"": 5, ""0000001101"": 14, ""0000001110"": 22, ""0000001111"": 6, ""0000010000"": 9, ""0000010001"": 2, ""0000010010"": 3, ""0000010011"": 2, ""0000010100"": 2, ""0000010101"": 2, ""0000011000"": 1, ""0000011110"": 1, ""0000100001"": 1, ""0000110010"": 2, ""0001110110"": 1, ""0011000010"": 1, ""1100110001"": 1, ""1111100010"": 1, ""1111101110"": 1, ""1111110010"": 2, ""1111110011"": 1, ""1111111110"": 1, ""1111111111"": 1}"
ising_0.1,2,10,0.29163225989402897,1,42,100,1,2166,2223,288.109375,295.8757184999995,0.3124099870362661,0000010000,0.3155989920545238,0.3881867602270643,0.564809085366291,-0.3576788576617937,5.0285439400687455,0.0031890050182576957,0.43999999999999995,"{""0000000100"": 2, ""0000000110"": 2, ""0000001001"": 1, ""0000001010"": 1, ""0000001011"": 3, ""0000001100"": 3, ""0000001101"": 8, ""0000001110"": 10, ""0000001111"": 16, ""0000010000"": 18, ""0000010001"": 9, ""0000010010"": 3, ""0000010011"": 6, ""0000010101"": 1, ""0000011001"": 2, ""0000011110"": 1, ""0000100000"": 1, ""0000100001"": 1, ""0000100011"": 1, ""0000110011"": 2, ""0001000001"": 1, ""0001110100"": 1, ""0011101111"": 1, ""1111101111"": 1, ""1111110001"": 1, ""1111110010"": 2, ""1111110011"": 1, ""1111111010"": 1}"
ising_0.1,2,10,0.314980262473718,1,42,100,1,2166,2223,285.64453125,294.23222330000135,0.3124099870362661,0000010000,0.3116854676977506,0.31869839072094996,0.3067957201388505,-0.428567518084407,2.259719640808692,0.000724519338515528,0.43999999999999995,"{""0000000110"": 1, ""0000001000"": 1, ""0000001010"": 1, ""0000001011"": 5, ""0000001100"": 4, ""0000001101"": 2, ""0000001110"": 5, ""0000001111"": 7, ""0000010000"": 23, ""0000010001"": 10, ""0000010010"": 5, ""0000010011"": 9, ""0000010100"": 3, ""0000010101"": 1, ""0000010110"": 3, ""0000010111"": 1, ""0000011000"": 1, ""0000011110"": 1, ""0000011111"": 1, ""0000100000"": 1, ""0000100001"": 1, ""0000100100"": 1, ""0000101110"": 1, ""0000110000"": 1, ""0001000000"": 1, ""0001110100"": 1, ""1111101010"": 1, ""1111101110"": 1, ""1111101111"": 1, ""1111110001"": 2, ""1111110010"": 2, ""1111111100"": 1, ""1111111110"": 1}"
ising_0.1,2,10,0.3401975000435943,1,42,100,1,2166,2223,286.1796875,295.02149300000747,0.3124099870362661,0000010000,0.3066180485243331,0.28623696647536273,1.1012510607291863,-9.036214253570051,4.364798102522859,0.0057919385119329925,0.43999999999999995,"{""0000000110"": 1, ""0000000111"": 2, ""0000001011"": 2, ""0000001100"": 4, ""0000001101"": 1, ""0000001110"": 7, ""0000001111"": 2, ""0000010000"": 13, ""0000010001"": 12, ""0000010010"": 11, ""0000010011"": 11, ""0000010100"": 2, ""0000010110"": 4, ""0000010111"": 2, ""0000011011"": 1, ""0000011100"": 1, ""0000011101"": 1, ""0000011110"": 2, ""0000011111"": 1, ""0000100101"": 1, ""0000101000"": 1, ""0000101111"": 1, ""0000110000"": 1, ""0000110100"": 1, ""0001100000"": 1, ""0001101110"": 1, ""0010011101"": 1, ""0011110010"": 1, ""1000001011"": 1, ""1111101000"": 1, ""1111101110"": 1, ""1111101111"": 3, ""1111110001"": 2, ""1111110101"": 1, ""1111111100"": 1, ""1111111110"": 1}"
ising_0.1,2,10,0.36743362306889965,1,42,100,1,2166,2223,288.40234375,294.1073075000022,0.3124099870362661,0000010011,0.30058930319247257,0.24097242472596553,1.02365320844526,-8.366402272190486,3.974458564433804,0.011820683843793534,0.43999999999999995,"{""0000000011"": 1, ""0000000101"": 3, ""0000001000"": 1, ""0000001010"": 1, ""0000001011"": 3, ""0000001100"": 5, ""0000001101"": 1, ""0000001110"": 4, ""0000001111"": 2, ""0000010000"": 6, ""0000010001"": 6, ""0000010010"": 11, ""0000010011"": 11, ""0000010100"": 5, ""0000010101"": 4, ""0000010110"": 7, ""0000010111"": 2, ""0000011000"": 1, ""0000011001"": 1, ""0000011100"": 2, ""0000011101"": 2, ""0000011110"": 1, ""0000100000"": 1, ""0000100010"": 1, ""0000100101"": 1, ""0000101000"": 1, ""0000101010"": 1, ""0000101011"": 1, ""0000110000"": 1, ""0000110010"": 1, ""0010111101"": 1, ""0011101110"": 1, ""1000001011"": 1, ""1110110001"": 1, ""1111101000"": 1, ""1111101100"": 1, ""1111101101"": 1, ""1111101110"": 2, ""1111110010"": 2, ""1111110011"": 1}"
ising_0.1,2,10,0.39685026299204973,1,42,100,1,2166,2223,288.41796875,295.3385763999977,0.3124099870362661,0000010100,0.3092311495666308,0.2070302546348593,0.8732891460656321,-7.761701854122434,2.149156489488084,0.0031788374696353205,0.43999999999999995,"{""0000000000"": 1, ""0000000110"": 1, ""0000001000"": 1, ""0000001010"": 1, ""0000001011"": 3, ""0000001100"": 5, ""0000001101"": 2, ""0000001110"": 1, ""0000001111"": 1, ""0000010000"": 3, ""0000010001"": 4, ""0000010010"": 3, ""0000010011"": 8, ""0000010100"": 9, ""0000010101"": 9, ""0000010110"": 6, ""0000010111"": 5, ""0000011000"": 4, ""0000011001"": 1, ""0000011010"": 1, ""0000011011"": 1, ""0000011100"": 3, ""0000011101"": 2, ""0000011110"": 2, ""0000100001"": 1, ""0000101001"": 1, ""0000101010"": 1, ""0000101011"": 3, ""0000101100"": 1, ""0000101110"": 1, ""0000110011"": 1, ""0001000101"": 1, ""0010001011"": 1, ""1000001010"": 1, ""1110101100"": 1, ""1111101000"": 1, ""1111101011"": 1, ""1111101101"": 1, ""1111101110"": 3, ""1111110010"": 1, ""1111110011"": 1, ""1111111011"": 2}"
ising_0.1,2,10,0.4286219914265361,1,42,100,1,2166,2223,291.95703125,293.4700821000006,0.3124099870362661,0000010110,0.3077824992579179,0.23162422502293542,1.2470929529131258,-7.114786145636521,6.513536612202448,0.004627487778348205,0.43999999999999995,"{""0000000011"": 1, ""0000000101"": 1, ""0000000110"": 1, ""0000001000"": 1, ""0000001010"": 3, ""0000001100"": 2, ""0000001101"": 1, ""0000001110"": 4, ""0000010001"": 4, ""0000010010"": 3, ""0000010011"": 4, ""0000010100"": 6, ""0000010101"": 8, ""0000010110"": 11, ""0000010111"": 9, ""0000011000"": 7, ""0000011001"": 2, ""0000011010"": 1, ""0000011011"": 2, ""0000011100"": 2, ""0000100001"": 2, ""0000100100"": 1, ""0000100110"": 1, ""0000101000"": 1, ""0000101001"": 2, ""0000101010"": 2, ""0000101011"": 2, ""0000111010"": 1, ""0001100000"": 1, ""0010001011"": 1, ""0010001101"": 1, ""0111000111"": 1, ""1000001111"": 1, ""1000101011"": 1, ""1111010100"": 1, ""1111100110"": 1, ""1111101000"": 1, ""1111101010"": 1, ""1111101111"": 1, ""1111110010"": 1, ""1111110101"": 1, ""1111111000"": 1, ""1111111011"": 1}"
ising_0.1,2,10,0.46293735614364534,1,42,100,1,2166,2223,285.10546875,294.5837295000092,0.3124099870362661,0000010110,0.3048495236182426,0.30180102838206013,0.8700358144467445,-6.587400575576807,3.300327451345322,0.007560463418023522,0.43999999999999995,"{""0000000101"": 1, ""0000001000"": 2, ""0000001001"": 1, ""0000001010"": 3, ""0000001100"": 1, ""0000001101"": 2, ""0000010000"": 1, ""0000010001"": 2, ""0000010011"": 5, ""0000010100"": 4, ""0000010101"": 2, ""0000010110"": 13, ""0000010111"": 7, ""0000011000"": 10, ""0000011001"": 6, ""0000011010"": 5, ""0000011011"": 5, ""0000011100"": 3, ""0000011101"": 1, ""0000011110"": 1, ""0000100000"": 2, ""0000100010"": 1, ""0000100101"": 1, ""0000100110"": 1, ""0000101000"": 1, ""0000101001"": 1, ""0000101100"": 1, ""0001100100"": 1, ""0001101001"": 1, ""0010000011"": 1, ""0010001011"": 1, ""0010001101"": 1, ""0011000011"": 1, ""0011111001"": 1, ""1000001111"": 1, ""1111000111"": 1, ""1111101000"": 2, ""1111101001"": 1, ""1111101100"": 1, ""1111101110"": 1, ""1111101111"": 1, ""1111111010"": 1, ""1111111011"": 1}"
ising_0.1,2,10,0.5,1,42,100,1,2166,2223,286.33203125,294.75874050000857,0.3124099870362661,0000010111,0.2945243112740431,0.3250812085687251,0.6605678894576281,-3.2029518851052186,3.104777114680538,0.017885675762222997,0.43999999999999995,"{""0000000011"": 1, ""0000000100"": 2, ""0000000101"": 2, ""0000000110"": 1, ""0000000111"": 1, ""0000001001"": 2, ""0000001010"": 1, ""0000001100"": 1, ""0000010001"": 4, ""0000010011"": 2, ""0000010100"": 3, ""0000010101"": 1, ""0000010110"": 6, ""0000010111"": 9, ""0000011000"": 7, ""0000011001"": 4, ""0000011010"": 6, ""0000011011"": 4, ""0000011100"": 4, ""0000011110"": 5, ""0000011111"": 2, ""0000100000"": 1, ""0000100001"": 2, ""0000100010"": 1, ""0000100011"": 1, ""0000100101"": 3, ""0000100110"": 2, ""0000100111"": 1, ""0000101001"": 1, ""0000111000"": 1, ""0001100001"": 1, ""0001100100"": 1, ""0001100110"": 1, ""0010000011"": 1, ""0010001101"": 1, ""0011000010"": 1, ""0011100101"": 1, ""0011111101"": 1, ""1011111011"": 1, ""1110101100"": 1, ""1111000100"": 1, ""1111011001"": 1, ""1111100010"": 1, ""1111100111"": 1, ""1111101111"": 1, ""1111110101"": 1, ""1111111001"": 1, ""1111111010"": 1, ""1111111100"": 1}"
ising_0.1,2,10,0.5832645197880579,1,42,100,1,2166,2223,299.39453125,293.8022437000036,0.3124099870362661,0000100000,0.32611895845634126,0.3102338091895969,1.084441348137521,-5.112703671283286,5.207383368899643,0.013708971420075156,0.43999999999999995,"{""0000000011"": 1, ""0000000100"": 2, ""0000000101"": 1, ""0000001011"": 1, ""0000010001"": 1, ""0000010010"": 1, ""0000010011"": 1, ""0000010100"": 1, ""0000010101"": 1, ""0000010110"": 4, ""0000011000"": 1, ""0000011001"": 2, ""0000011010"": 1, ""0000011011"": 2, ""0000011100"": 5, ""0000011101"": 4, ""0000011110"": 5, ""0000011111"": 4, ""0000100000"": 7, ""0000100001"": 4, ""0000100010"": 5, ""0000100011"": 4, ""0000100100"": 2, ""0000100101"": 3, ""0000100110"": 2, ""0000100111"": 1, ""0000101010"": 1, ""0000101110"": 1, ""0000101111"": 1, ""0000110000"": 1, ""0000110001"": 1, ""0000110110"": 1, ""0000111000"": 1, ""0000111100"": 1, ""0000111111"": 1, ""0001000111"": 1, ""0001100010"": 1, ""0001100110"": 1, ""0010000011"": 2, ""0010110010"": 1, ""0011000011"": 1, ""0011101000"": 1, ""0011111010"": 1, ""0011111100"": 1, ""0111101111"": 1, ""1000011010"": 1, ""1001011010"": 1, ""1011101101"": 1, ""1110101101"": 1, ""1111010111"": 1, ""1111011101"": 1, ""1111100010"": 2, ""1111100101"": 1, ""1111100111"": 1, ""1111101010"": 1, ""1111101111"": 1, ""1111110100"": 1, ""1111111100"": 1}"
ising_0.1,2,10,0.5400298694461529,1,42,100,1,2166,2223,292.0,295.4803573000099,0.3124099870362661,0000011011,0.2954169962926727,0.32814010972816876,0.9385916284438584,-5.726544851211809,2.8746346177710076,0.016992990743593395,0.43999999999999995,"{""0000000011"": 2, ""0000000100"": 2, ""0000000101"": 1, ""0000000110"": 1, ""0000001000"": 2, ""0000001010"": 1, ""0000001100"": 1, ""0000001111"": 1, ""0000010000"": 1, ""0000010001"": 3, ""0000010010"": 1, ""0000010011"": 1, ""0000010100"": 1, ""0000010101"": 2, ""0000010110"": 3, ""0000010111"": 5, ""0000011000"": 4, ""0000011001"": 2, ""0000011010"": 5, ""0000011011"": 6, ""0000011100"": 3, ""0000011101"": 1, ""0000011110"": 2, ""0000011111"": 2, ""0000100000"": 2, ""0000100001"": 2, ""0000100010"": 2, ""0000100011"": 1, ""0000100100"": 3, ""0000100101"": 2, ""0000100110"": 2, ""0000100111"": 1, ""0000101100"": 1, ""0000110100"": 1, ""0000110110"": 1, ""0000111000"": 1, ""0000111100"": 1, ""0000111111"": 1, ""0001000111"": 1, ""0001100011"": 1, ""0001100100"": 2, ""0001100110"": 1, ""0010000010"": 1, ""0010000101"": 1, ""0010001011"": 1, ""0010001101"": 1, ""0011100111"": 1, ""0011101100"": 1, ""0011111010"": 1, ""0011111101"": 1, ""1000001000"": 1, ""1011101101"": 1, ""1110101101"": 1, ""1111100010"": 2, ""1111100100"": 1, ""1111100101"": 2, ""1111101111"": 1, ""1111110010"": 1, ""1111111000"": 1, ""1111111001"": 1, ""1111111100"": 1}"
ising_0.1,2,10,0.629960524947436,1,42,100,1,2166,2223,294.08984375,293.46272429999954,0.3124099870362661,0000100000,0.3116854676977506,0.3524967836244248,1.077833734138569,-4.266194839112961,4.63632133200404,0.000724519338515528,0.43999999999999995,"{""0000000011"": 1, ""0000000100"": 2, ""0000000101"": 1, ""0000001011"": 1, ""0000001111"": 1, ""0000010000"": 1, ""0000010001"": 2, ""0000010010"": 1, ""0000010100"": 1, ""0000010101"": 2, ""0000010111"": 1, ""0000011000"": 2, ""0000011001"": 1, ""0000011011"": 2, ""0000011100"": 4, ""0000011101"": 2, ""0000011110"": 6, ""0000011111"": 3, ""0000100000"": 9, ""0000100001"": 2, ""0000100010"": 4, ""0000100011"": 5, ""0000100100"": 6, ""0000100101"": 2, ""0000100110"": 2, ""0000100111"": 1, ""0000101000"": 1, ""0000101010"": 1, ""0000101011"": 1, ""0000101101"": 1, ""0000101110"": 2, ""0000110110"": 1, ""0000110111"": 1, ""0001011110"": 1, ""0001100010"": 1, ""0001100100"": 1, ""0001100101"": 1, ""0001100111"": 1, ""0010000010"": 1, ""0010001010"": 1, ""0010001100"": 1, ""0011101000"": 1, ""0011111011"": 1, ""0110111100"": 1, ""0111010111"": 1, ""0111011100"": 1, ""1001001010"": 1, ""1001011100"": 1, ""1110000011"": 1, ""1110101110"": 1, ""1111000110"": 1, ""1111010001"": 1, ""1111011001"": 1, ""1111100000"": 2, ""1111100010"": 1, ""1111100011"": 1, ""1111101111"": 1, ""1111111000"": 2}"
ising_0.1,2,10,0.6803950000871886,1,42,100,1,2166,2223,292.265625,294.9450661999872,0.3124099870362661,0000100011,0.29309078167767133,0.1874879184947319,1.3412888837330452,-4.346761746727311,4.400870814113957,0.01931920535859477,0.43999999999999995,"{""0000000011"": 1, ""0000000101"": 1, ""0000000111"": 1, ""0000001001"": 1, ""0000001010"": 2, ""0000001110"": 1, ""0000010010"": 1, ""0000010011"": 1, ""0000010100"": 1, ""0000010101"": 2, ""0000010111"": 1, ""0000011001"": 1, ""0000011010"": 1, ""0000011011"": 2, ""0000011100"": 2, ""0000011101"": 1, ""0000011110"": 4, ""0000011111"": 2, ""0000100000"": 4, ""0000100001"": 2, ""0000100011"": 5, ""0000100100"": 2, ""0000100101"": 4, ""0000100110"": 2, ""0000100111"": 4, ""0000101000"": 1, ""0000101001"": 1, ""0000101010"": 1, ""0000101101"": 1, ""0000101110"": 3, ""0000101111"": 1, ""0000110000"": 1, ""0000110001"": 1, ""0000110010"": 1, ""0000110100"": 2, ""0000110110"": 1, ""0000111001"": 1, ""0000111011"": 1, ""0000111100"": 2, ""0001000011"": 1, ""0001011110"": 1, ""0001100100"": 1, ""0001100111"": 1, ""0001101110"": 1, ""0001110010"": 1, ""0010000011"": 1, ""0010001100"": 1, ""0011110011"": 1, ""0111010111"": 1, ""0111011100"": 1, ""0111100011"": 1, ""0111101000"": 1, ""1000011110"": 1, ""1001000010"": 1, ""1001010101"": 1, ""1001011100"": 1, ""1011011100"": 1, ""1011011110"": 1, ""1100000001"": 1, ""1110000011"": 1, ""1110000110"": 1, ""1110101100"": 1, ""1111011000"": 1, ""1111011100"": 1, ""1111011101"": 1, ""1111011111"": 1, ""1111100000"": 1, ""1111100010"": 1, ""1111100011"": 1, ""1111110000"": 1, ""1111111001"": 2}"
ising_0.1,2,10,0.7348672461377993,1,42,100,1,2166,2223,287.7890625,294.8747444999899,0.3124099870362661,0000101111,0.30058930319247257,0.2568368601722349,1.1146396836625665,-4.191550838961701,4.108053810297125,0.011820683843793534,0.43999999999999995,"{""0000000111"": 1, ""0000001000"": 1, ""0000001001"": 1, ""0000001010"": 1, ""0000001110"": 2, ""0000010010"": 1, ""0000010011"": 1, ""0000010100"": 1, ""0000010101"": 2, ""0000010111"": 2, ""0000011001"": 2, ""0000011010"": 1, ""0000011011"": 2, ""0000011100"": 2, ""0000011101"": 1, ""0000011110"": 2, ""0000100000"": 3, ""0000100001"": 3, ""0000100010"": 1, ""0000100011"": 1, ""0000100100"": 2, ""0000100101"": 1, ""0000100110"": 1, ""0000100111"": 3, ""0000101000"": 2, ""0000101001"": 2, ""0000101010"": 1, ""0000101011"": 2, ""0000101100"": 3, ""0000101101"": 1, ""0000101110"": 2, ""0000101111"": 4, ""0000110000"": 1, ""0000110010"": 1, ""0000110011"": 1, ""0000110100"": 1, ""0000110110"": 2, ""0000110111"": 1, ""0000111001"": 1, ""0000111010"": 2, ""0000111100"": 1, ""0001000001"": 1, ""0001000010"": 1, ""0001011110"": 1, ""0001100000"": 2, ""0001100010"": 1, ""0001100101"": 1, ""0010000011"": 1, ""0010001101"": 1, ""0010011101"": 1, ""0010111100"": 1, ""0011111111"": 1, ""0100000011"": 1, ""0111001110"": 1, ""0111011100"": 1, ""0111101100"": 1, ""1000001010"": 1, ""1001010101"": 1, ""1001011010"": 1, ""1011011110"": 1, ""1100000001"": 1, ""1110001011"": 1, ""1110101101"": 1, ""1111000110"": 1, ""1111001101"": 1, ""1111010111"": 1, ""1111011010"": 1, ""1111011011"": 1, ""1111011111"": 1, ""1111100000"": 1, ""1111100010"": 2, ""1111111010"": 1, ""1111111101"": 1}"
ising_0.1,2,10,0.7937005259840995,1,42,100,1,2166,2223,283.57421875,294.02093670000613,0.3124099870362661,0000110000,0.301500370827465,0.3177350061797131,1.1187678225506787,-3.5484274412770884,3.9040432632787136,0.010909616208801098,0.43999999999999995,"{""0000000100"": 1, ""0000000110"": 1, ""0000001001"": 1, ""0000010001"": 1, ""0000010100"": 1, ""0000010101"": 1, ""0000010111"": 2, ""0000011000"": 1, ""0000011001"": 1, ""0000011011"": 1, ""0000011100"": 2, ""0000011101"": 1, ""0000011110"": 2, ""0000100000"": 1, ""0000100001"": 3, ""0000100011"": 2, ""0000100100"": 4, ""0000100101"": 3, ""0000100110"": 4, ""0000100111"": 2, ""0000101001"": 1, ""0000101010"": 2, ""0000101011"": 2, ""0000101100"": 3, ""0000101101"": 2, ""0000101111"": 2, ""0000110000"": 6, ""0000110010"": 1, ""0000110011"": 1, ""0000110100"": 1, ""0000110110"": 1, ""0000111000"": 3, ""0000111011"": 1, ""0000111100"": 1, ""0001000001"": 1, ""0001000101"": 1, ""0001001000"": 1, ""0001001110"": 1, ""0001010101"": 1, ""0001011010"": 1, ""0001100000"": 1, ""0001101000"": 1, ""0001101110"": 1, ""0010000111"": 1, ""0010011011"": 2, ""0010011101"": 1, ""0010101111"": 1, ""0011000011"": 1, ""0011011000"": 1, ""0011101010"": 1, ""0100000111"": 1, ""0111000010"": 1, ""0111011100"": 1, ""0111101100"": 1, ""0111111001"": 1, ""1000110101"": 1, ""1001001111"": 1, ""1001011010"": 1, ""1011011110"": 1, ""1011111010"": 1, ""1100000001"": 1, ""1110101110"": 1, ""1110110000"": 1, ""1111000110"": 1, ""1111010100"": 1, ""1111010111"": 2, ""1111011010"": 2, ""1111011110"": 1, ""1111100011"": 1}"
ising_0.1,2,10,0.8572439828530722,1,42,100,1,2166,2223,291.1640625,294.12395860000106,0.3124099870362661,0000110000,0.3220979643396815,0.3845849694215797,1.0905944386567974,-3.3140301664282785,3.6146549331453146,0.009687977303415418,0.43999999999999995,"{""0000000000"": 1, ""0000000011"": 1, ""0000001001"": 1, ""0000001100"": 1, ""0000001101"": 1, ""0000001110"": 1, ""0000010001"": 2, ""0000010110"": 1, ""0000010111"": 1, ""0000011000"": 1, ""0000011011"": 1, ""0000011110"": 1, ""0000100000"": 3, ""0000100001"": 2, ""0000100010"": 1, ""0000100011"": 1, ""0000100101"": 2, ""0000100110"": 5, ""0000100111"": 1, ""0000101001"": 1, ""0000101010"": 2, ""0000101011"": 2, ""0000101100"": 3, ""0000101101"": 3, ""0000101111"": 3, ""0000110000"": 5, ""0000110001"": 1, ""0000110010"": 1, ""0000110011"": 3, ""0000110100"": 1, ""0000110110"": 2, ""0000110111"": 1, ""0000111000"": 3, ""0000111001"": 1, ""0000111111"": 1, ""0001000000"": 1, ""0001000010"": 1, ""0001000110"": 1, ""0001000111"": 1, ""0001010101"": 1, ""0001011001"": 1, ""0001011011"": 1, ""0001100000"": 1, ""0001100101"": 1, ""0001100110"": 1, ""0001111011"": 1, ""0010001011"": 1, ""0010011010"": 1, ""0010011011"": 1, ""0010011101"": 1, ""0011010011"": 1, ""0011010101"": 1, ""0011011000"": 1, ""0011100111"": 1, ""0011101010"": 1, ""0100000111"": 1, ""0111000010"": 1, ""0111001001"": 1, ""0111011100"": 1, ""0111101100"": 1, ""0111111001"": 1, ""1000110001"": 1, ""1001001000"": 1, ""1001001011"": 1, ""1001010101"": 1, ""1100000001"": 1, ""1111010100"": 1, ""1111010110"": 1, ""1111010111"": 1, ""1111011011"": 1, ""1111011110"": 1, ""1111011111"": 1, ""1111100011"": 1, ""1111110001"": 1}"
ising_0.1,2,10,0.9258747122872896,1,42,100,1,2166,2223,289.515625,294.22862480000185,0.3124099870362661,0000110000,0.32804459606745706,0.27993138864423006,0.9881927041166482,-3.3732262504714274,3.346717596243754,0.01563460903119096,0.43999999999999995,"{""0000000100"": 1, ""0000001100"": 2, ""0000010100"": 2, ""0000010101"": 1, ""0000010110"": 2, ""0000010111"": 1, ""0000011100"": 1, ""0000011110"": 1, ""0000100000"": 2, ""0000100001"": 1, ""0000100100"": 1, ""0000100101"": 1, ""0000100110"": 2, ""0000101010"": 2, ""0000101011"": 1, ""0000101100"": 1, ""0000101110"": 2, ""0000101111"": 3, ""0000110000"": 3, ""0000110001"": 2, ""0000110010"": 1, ""0000110011"": 3, ""0000110100"": 3, ""0000110110"": 3, ""0000110111"": 1, ""0000111000"": 2, ""0000111010"": 2, ""0000111011"": 1, ""0000111111"": 2, ""0001000000"": 2, ""0001000010"": 2, ""0001001000"": 1, ""0001001100"": 1, ""0001001110"": 1, ""0001010010"": 1, ""0001010101"": 1, ""0001010110"": 1, ""0001011001"": 1, ""0001011010"": 2, ""0001011011"": 1, ""0001100000"": 1, ""0001100100"": 1, ""0001100111"": 1, ""0001111000"": 1, ""0001111001"": 1, ""0010000100"": 1, ""0010001000"": 1, ""0010001011"": 1, ""0011000111"": 1, ""0011001001"": 1, ""0011001100"": 1, ""0011011001"": 1, ""0011100111"": 1, ""0011111111"": 1, ""0100000011"": 1, ""0111001110"": 1, ""0111100100"": 1, ""0111111001"": 1, ""1000000011"": 1, ""1000110001"": 1, ""1001001011"": 1, ""1001010001"": 1, ""1011101001"": 1, ""1100010000"": 1, ""1110000001"": 1, ""1110101110"": 1, ""1111001001"": 1, ""1111001101"": 1, ""1111010101"": 1, ""1111010111"": 1, ""1111011101"": 1, ""1111011111"": 2, ""1111100010"": 1, ""1111100011"": 1, ""1111110000"": 1}"
ising_0.1,2,10,1.0,1,42,100,1,2166,2223,292.2109375,294.2851584000018,0.3124099870362661,0001000011,0.30066023442558565,0.21432779568338178,0.8803593548547307,-3.1231848841351653,3.0495538063166547,0.011749752610680453,0.43999999999999995,"{""0000000001"": 1, ""0000000110"": 1, ""0000001010"": 1, ""0000001100"": 1, ""0000001110"": 1, ""0000010011"": 2, ""0000010101"": 2, ""0000011100"": 1, ""0000011101"": 1, ""0000011110"": 1, ""0000100000"": 1, ""0000100001"": 1, ""0000100010"": 1, ""0000100011"": 1, ""0000100100"": 3, ""0000100110"": 1, ""0000100111"": 1, ""0000101000"": 1, ""0000101010"": 1, ""0000101011"": 1, ""0000101100"": 1, ""0000101110"": 1, ""0000101111"": 1, ""0000110000"": 3, ""0000110001"": 2, ""0000110010"": 1, ""0000110100"": 2, ""0000110101"": 1, ""0000110110"": 3, ""0000110111"": 1, ""0000111000"": 1, ""0000111001"": 2, ""0000111010"": 1, ""0000111011"": 2, ""0000111110"": 1, ""0000111111"": 1, ""0001000000"": 2, ""0001000001"": 1, ""0001000011"": 3, ""0001000101"": 2, ""0001000110"": 1, ""0001001000"": 2, ""0001001010"": 1, ""0001001100"": 2, ""0001001110"": 1, ""0001010101"": 1, ""0001011001"": 1, ""0001011010"": 1, ""0001011011"": 1, ""0001100101"": 1, ""0001100111"": 1, ""0001110111"": 1, ""0010000100"": 1, ""0010001001"": 1, ""0010001011"": 2, ""0010101101"": 1, ""0011001001"": 1, ""0011101010"": 1, ""0100000111"": 1, ""0111000011"": 2, ""0111110001"": 1, ""1000000011"": 1, ""1000111101"": 1, ""1001001111"": 1, ""1010101100"": 1, ""1011101000"": 1, ""1011101110"": 1, ""1100010011"": 1, ""1110000001"": 1, ""1110100010"": 1, ""1111010100"": 1, ""1111011110"": 1, ""1111011111"": 2, ""1111100010"": 1, ""1111101001"": 1, ""1111110001"": 2, ""1111111001"": 1, ""1111111111"": 1}"
ising_0.1,2,10,1.0800597388923059,1,42,100,1,2166,2223,287.87109375,294.3651078999974,0.3124099870362661,0000111110,0.3010980923752241,0.2016220999697491,0.8491699746659729,-2.8916779060186615,2.7950992726152877,0.011311894661041988,0.43999999999999995,"{""0000000000"": 1, ""0000000110"": 1, ""0000001010"": 2, ""0000001110"": 1, ""0000001111"": 1, ""0000010011"": 1, ""0000010100"": 1, ""0000010101"": 1, ""0000010111"": 1, ""0000011010"": 2, ""0000011101"": 2, ""0000100001"": 1, ""0000100011"": 1, ""0000100100"": 2, ""0000101000"": 1, ""0000101011"": 3, ""0000101110"": 2, ""0000110000"": 2, ""0000110001"": 1, ""0000110010"": 1, ""0000110100"": 1, ""0000110110"": 1, ""0000110111"": 2, ""0000111000"": 2, ""0000111001"": 1, ""0000111010"": 1, ""0000111011"": 2, ""0000111100"": 2, ""0000111110"": 4, ""0000111111"": 2, ""0001000001"": 1, ""0001000011"": 3, ""0001000100"": 1, ""0001000101"": 1, ""0001001001"": 1, ""0001001100"": 2, ""0001001111"": 1, ""0001010001"": 1, ""0001010100"": 1, ""0001010101"": 1, ""0001011000"": 1, ""0001011011"": 1, ""0001011110"": 1, ""0001100001"": 1, ""0001100010"": 1, ""0001100110"": 1, ""0001110010"": 1, ""0010000100"": 1, ""0010001011"": 1, ""0010100001"": 1, ""0010100100"": 2, ""0011000011"": 1, ""0011001001"": 1, ""0011001011"": 1, ""0011001110"": 1, ""0100101011"": 1, ""0110111000"": 1, ""0111001011"": 1, ""0111101100"": 1, ""1000000011"": 1, ""1000111101"": 1, ""1001001010"": 1, ""1001010001"": 1, ""1011101001"": 1, ""1011101110"": 1, ""1100010011"": 1, ""1110000001"": 1, ""1110100111"": 1, ""1110111100"": 1, ""1111000000"": 1, ""1111000100"": 1, ""1111011000"": 1, ""1111011110"": 1, ""1111011111"": 1, ""1111100010"": 1, ""1111100110"": 1, ""1111101000"": 1, ""1111101101"": 1, ""1111111000"": 1, ""1111111011"": 1}"
ising_0.1,2,10,1.1665290395761159,1,42,100,1,2166,2223,292.8828125,294.6707718999969,0.3124099870362661,0001001100,0.33137894165725,0.23128146134395686,0.8923038132269606,-2.5090119868334644,2.614211650851639,0.018968954620983913,0.43999999999999995,"{""0000000000"": 1, ""0000001011"": 1, ""0000010100"": 1, ""0000010101"": 1, ""0000010111"": 1, ""0000011010"": 1, ""0000011110"": 1, ""0000100100"": 2, ""0000101011"": 1, ""0000101101"": 1, ""0000110010"": 2, ""0000110100"": 1, ""0000110110"": 2, ""0000110111"": 1, ""0000111000"": 1, ""0000111001"": 1, ""0000111100"": 3, ""0000111101"": 1, ""0000111110"": 2, ""0000111111"": 2, ""0001000000"": 2, ""0001000010"": 1, ""0001000011"": 1, ""0001000110"": 1, ""0001000111"": 2, ""0001001010"": 2, ""0001001100"": 4, ""0001001111"": 1, ""0001010000"": 1, ""0001010010"": 2, ""0001010100"": 1, ""0001010101"": 1, ""0001011000"": 1, ""0001011011"": 1, ""0001011101"": 1, ""0001011110"": 1, ""0001100000"": 1, ""0001100010"": 1, ""0001100110"": 1, ""0001101010"": 1, ""0001110000"": 1, ""0001111001"": 1, ""0010000001"": 1, ""0010000100"": 1, ""0010001010"": 1, ""0010001011"": 1, ""0010010011"": 1, ""0010011011"": 1, ""0010011100"": 1, ""0011000000"": 1, ""0011000010"": 1, ""0011000100"": 2, ""0011001001"": 1, ""0011011101"": 1, ""0011101011"": 1, ""0011111011"": 1, ""0100010111"": 1, ""0110100000"": 1, ""0111000100"": 1, ""0111001011"": 1, ""0111110001"": 1, ""1000100011"": 1, ""1000110101"": 1, ""1001001010"": 1, ""1001010001"": 1, ""1001011011"": 1, ""1001111100"": 1, ""1011101001"": 1, ""1011101111"": 1, ""1110000001"": 1, ""1110100010"": 1, ""1110100110"": 1, ""1110110000"": 1, ""1111000000"": 2, ""1111000100"": 2, ""1111001100"": 1, ""1111011111"": 2, ""1111100011"": 1, ""1111100101"": 1, ""1111100110"": 1, ""1111111010"": 1, ""1111111011"": 1}"
ising_0.1,2,10,1.259921049894872,1,42,100,1,2166,2223,298.99609375,294.0533616999892,0.3124099870362661,0001010010,0.3092504249813619,0.2316212631828909,0.8433719541127728,-2.4788734852836725,2.3132905805692427,0.003159562054904197,0.43999999999999995,"{""0000000000"": 1, ""0000000100"": 1, ""0000000111"": 1, ""0000001010"": 1, ""0000010101"": 1, ""0000011010"": 1, ""0000011100"": 1, ""0000100000"": 1, ""0000100110"": 1, ""0000101101"": 1, ""0000101110"": 1, ""0000110001"": 1, ""0000110010"": 1, ""0000110011"": 2, ""0000110100"": 2, ""0000110110"": 2, ""0000111000"": 2, ""0000111001"": 2, ""0000111110"": 1, ""0000111111"": 3, ""0001000000"": 1, ""0001000001"": 1, ""0001000011"": 2, ""0001000100"": 1, ""0001000110"": 1, ""0001001000"": 1, ""0001001001"": 1, ""0001001100"": 1, ""0001001110"": 1, ""0001010000"": 1, ""0001010010"": 4, ""0001010011"": 1, ""0001010100"": 1, ""0001011001"": 1, ""0001011010"": 1, ""0001011011"": 1, ""0001100000"": 1, ""0001100010"": 1, ""0001100011"": 1, ""0001100100"": 1, ""0001100111"": 1, ""0001101010"": 1, ""0001110011"": 1, ""0001111000"": 1, ""0010000000"": 1, ""0010000100"": 1, ""0010001010"": 1, ""0010001011"": 2, ""0010011101"": 1, ""0010100001"": 1, ""0010100101"": 1, ""0010101100"": 1, ""0010101111"": 1, ""0010111001"": 1, ""0010111101"": 1, ""0011000100"": 1, ""0011000110"": 1, ""0011001110"": 1, ""0100000111"": 1, ""0100010101"": 1, ""0110011001"": 1, ""0110110000"": 1, ""0110111110"": 1, ""0111000100"": 1, ""0111011011"": 1, ""1000000011"": 2, ""1001000101"": 1, ""1001001011"": 1, ""1001111100"": 1, ""1011001110"": 1, ""1011010101"": 1, ""1011101000"": 1, ""1110010110"": 1, ""1110011001"": 1, ""1110100011"": 1, ""1110101101"": 1, ""1110110000"": 1, ""1110111001"": 1, ""1111000011"": 1, ""1111000110"": 1, ""1111001001"": 1, ""1111011111"": 1, ""1111100101"": 1, ""1111100110"": 1, ""1111100111"": 1, ""1111110010"": 1, ""1111111111"": 1}"
ising_0.1,2,10,1.3607900001743771,1,42,100,1,2166,2223,294.50390625,294.71081449999474,0.3124099870362661,0000111001,0.331418037743213,0.29340641790409344,0.8057292337736846,-2.277089919188062,2.2861080970858363,0.01900805070694689,0.43999999999999995,"{""0000000000"": 1, ""0000000100"": 1, ""0000000110"": 1, ""0000001010"": 1, ""0000010110"": 1, ""0000011001"": 1, ""0000011011"": 1, ""0000011110"": 1, ""0000100111"": 2, ""0000101000"": 1, ""0000101001"": 1, ""0000101111"": 1, ""0000110010"": 1, ""0000110110"": 1, ""0000110111"": 1, ""0000111001"": 3, ""0000111010"": 1, ""0000111110"": 3, ""0001000001"": 1, ""0001000010"": 1, ""0001000011"": 2, ""0001001000"": 2, ""0001001001"": 1, ""0001001010"": 1, ""0001001100"": 1, ""0001001110"": 2, ""0001001111"": 1, ""0001010000"": 1, ""0001010001"": 1, ""0001010010"": 2, ""0001010011"": 1, ""0001010100"": 1, ""0001010111"": 1, ""0001011000"": 1, ""0001011011"": 1, ""0001011110"": 2, ""0001100000"": 2, ""0001100100"": 2, ""0001101001"": 2, ""0001110110"": 1, ""0001111011"": 1, ""0001111101"": 1, ""0010000011"": 1, ""0010001011"": 2, ""0010011101"": 1, ""0010100000"": 1, ""0010101000"": 1, ""0010101100"": 1, ""0010110001"": 1, ""0010111011"": 1, ""0011000100"": 2, ""0011001101"": 1, ""0011010101"": 1, ""0011011001"": 1, ""0011101100"": 1, ""0011101111"": 1, ""0100010101"": 1, ""0100010111"": 1, ""0100110001"": 1, ""0110001000"": 1, ""0110010100"": 1, ""0110111000"": 1, ""0110111110"": 1, ""0111100010"": 1, ""0111111011"": 1, ""1000000111"": 1, ""1000100001"": 1, ""1001000101"": 1, ""1001001011"": 1, ""1001011010"": 1, ""1011001110"": 1, ""1011011001"": 1, ""1101110011"": 1, ""1110101101"": 1, ""1110110010"": 1, ""1110110011"": 1, ""1110111010"": 1, ""1110111110"": 1, ""1111000100"": 1, ""1111001000"": 1, ""1111001011"": 1, ""1111011111"": 1, ""1111101111"": 1, ""1111110010"": 1, ""1111111001"": 1}"
ising_0.1,2,10,1.4697344922755986,1,42,100,1,2166,2223,295.30078125,294.4230518000113,0.3124099870362661,0001001110,0.3235509860752309,0.2516600443950312,0.7108079594898714,-2.104125122347308,2.1208245280802234,0.011140999038964816,0.43999999999999995,"{""0000001010"": 2, ""0000010101"": 1, ""0000010110"": 1, ""0000010111"": 1, ""0000011000"": 1, ""0000011001"": 1, ""0000011011"": 1, ""0000011100"": 1, ""0000100000"": 2, ""0000101001"": 2, ""0000101011"": 1, ""0000101111"": 1, ""0000110000"": 1, ""0000110001"": 1, ""0000110110"": 1, ""0000111010"": 1, ""0000111110"": 1, ""0000111111"": 1, ""0001000010"": 2, ""0001000100"": 1, ""0001000110"": 1, ""0001001001"": 1, ""0001001101"": 1, ""0001001110"": 3, ""0001010010"": 1, ""0001010101"": 1, ""0001010110"": 1, ""0001010111"": 2, ""0001011000"": 1, ""0001011010"": 1, ""0001011101"": 2, ""0001011110"": 1, ""0001100000"": 2, ""0001100011"": 2, ""0001100101"": 1, ""0001100110"": 1, ""0001100111"": 1, ""0001101000"": 1, ""0001101100"": 1, ""0001110110"": 1, ""0001111011"": 1, ""0001111100"": 1, ""0001111101"": 1, ""0010000011"": 1, ""0010000110"": 1, ""0010001010"": 1, ""0010001011"": 1, ""0010010011"": 1, ""0010010100"": 1, ""0010100001"": 2, ""0010100010"": 1, ""0010101100"": 1, ""0010110001"": 1, ""0010111011"": 1, ""0011000000"": 1, ""0011000010"": 1, ""0011000110"": 1, ""0011001011"": 1, ""0011111101"": 1, ""0101111100"": 1, ""0110001011"": 1, ""0110010001"": 1, ""0110111111"": 1, ""0111000110"": 1, ""0111100010"": 1, ""0111111100"": 1, ""1000001000"": 1, ""1001001111"": 1, ""1010000111"": 1, ""1010100111"": 1, ""1011010001"": 1, ""1011101001"": 1, ""1011110101"": 1, ""1101010001"": 1, ""1101100110"": 1, ""1110010001"": 1, ""1110100100"": 1, ""1110101110"": 1, ""1110110000"": 1, ""1110110001"": 1, ""1110111111"": 1, ""1111000110"": 1, ""1111001110"": 1, ""1111001111"": 1, ""1111010100"": 2, ""1111101101"": 1, ""1111101110"": 1, ""1111111011"": 1}"
ising_0.1,2,10,1.587401051968199,1,42,100,1,2166,2223,292.71875,294.6758073999954,0.3124099870362661,0000111111,0.2879715080339249,0.25387877379420387,0.6944521504591123,-1.9558870210089399,1.8631176761389505,0.024438479002341196,0.43999999999999995,"{""0000000111"": 1, ""0000001010"": 2, ""0000001111"": 1, ""0000011011"": 2, ""0000011100"": 1, ""0000100000"": 1, ""0000100001"": 1, ""0000100010"": 1, ""0000100011"": 1, ""0000100110"": 1, ""0000101001"": 1, ""0000101010"": 1, ""0000101111"": 1, ""0000110000"": 1, ""0000110100"": 2, ""0000111001"": 1, ""0000111100"": 1, ""0000111101"": 1, ""0000111111"": 3, ""0001000101"": 1, ""0001000110"": 1, ""0001001001"": 1, ""0001001100"": 1, ""0001001101"": 1, ""0001010000"": 1, ""0001010010"": 1, ""0001010101"": 1, ""0001010111"": 2, ""0001011000"": 1, ""0001011100"": 1, ""0001011110"": 1, ""0001011111"": 1, ""0001100000"": 1, ""0001100001"": 1, ""0001100010"": 1, ""0001101100"": 1, ""0001101110"": 2, ""0001110000"": 1, ""0001110111"": 1, ""0001111000"": 2, ""0001111111"": 1, ""0010000011"": 1, ""0010001011"": 1, ""0010010110"": 1, ""0010011100"": 1, ""0010011110"": 1, ""0010100001"": 2, ""0010101001"": 1, ""0010101100"": 1, ""0010110011"": 1, ""0011000000"": 2, ""0011000011"": 1, ""0011000111"": 1, ""0011001101"": 2, ""0011100101"": 1, ""0011100110"": 1, ""0011111110"": 1, ""0100010101"": 1, ""0100010111"": 1, ""0101111100"": 1, ""0110001010"": 1, ""0110010000"": 1, ""0110010101"": 1, ""0111000110"": 1, ""0111010100"": 1, ""0111100010"": 1, ""1000000110"": 1, ""1000001100"": 1, ""1000111001"": 1, ""1001001011"": 1, ""1010000111"": 1, ""1011100101"": 1, ""1100001010"": 1, ""1110010001"": 1, ""1110010010"": 1, ""1110100110"": 2, ""1110101011"": 1, ""1110110011"": 1, ""1110111100"": 1, ""1111000100"": 1, ""1111000110"": 1, ""1111001111"": 1, ""1111011111"": 1, ""1111100001"": 1, ""1111100011"": 2, ""1111101010"": 1, ""1111101101"": 1}"
ising_0.1,2,10,1.7144879657061445,1,42,100,1,2166,2223,290.6953125,292.76239639999403,0.3124099870362661,0010001011,0.30241419985225654,0.22571909567670792,0.6433151212273323,-1.8144851991135391,1.7250135423525166,0.009995787184009564,0.43999999999999995,"{""0000001011"": 1, ""0000001110"": 1, ""0000010111"": 1, ""0000011001"": 1, ""0000011110"": 2, ""0000100000"": 1, ""0000100001"": 1, ""0000100011"": 1, ""0000100110"": 1, ""0000101110"": 1, ""0000110000"": 1, ""0000110011"": 1, ""0000110100"": 1, ""0000110110"": 1, ""0000110111"": 1, ""0000111011"": 1, ""0000111101"": 1, ""0000111111"": 1, ""0001000000"": 1, ""0001000101"": 1, ""0001001001"": 1, ""0001001011"": 1, ""0001001110"": 1, ""0001001111"": 1, ""0001010010"": 1, ""0001010100"": 1, ""0001010101"": 1, ""0001010110"": 2, ""0001010111"": 1, ""0001011010"": 1, ""0001011011"": 1, ""0001100001"": 1, ""0001100011"": 1, ""0001100100"": 1, ""0001101110"": 1, ""0001110000"": 1, ""0001110010"": 2, ""0001110011"": 1, ""0001110101"": 1, ""0001110110"": 1, ""0001111001"": 1, ""0001111010"": 1, ""0010000000"": 1, ""0010000001"": 1, ""0010001011"": 3, ""0010010001"": 2, ""0010010110"": 1, ""0010011100"": 1, ""0010100000"": 1, ""0010100010"": 2, ""0010100011"": 1, ""0010101100"": 2, ""0010101101"": 1, ""0010111000"": 1, ""0010111011"": 1, ""0011001000"": 1, ""0011001101"": 1, ""0011010111"": 1, ""0011101000"": 1, ""0011101010"": 1, ""0011111000"": 1, ""0100000010"": 1, ""0100100011"": 1, ""0101111100"": 1, ""0110001010"": 1, ""0110010000"": 1, ""0110010001"": 1, ""0111000011"": 1, ""0111100010"": 1, ""1000000101"": 1, ""1000001000"": 1, ""1000001100"": 1, ""1010000111"": 1, ""1010111001"": 1, ""1010111101"": 1, ""1011111110"": 1, ""1100100011"": 1, ""1100101001"": 1, ""1101010101"": 1, ""1101100001"": 1, ""1110010001"": 1, ""1110100101"": 1, ""1110101011"": 1, ""1110101110"": 1, ""1111000100"": 1, ""1111100000"": 1, ""1111100111"": 1, ""1111101101"": 1, ""1111101111"": 1, ""1111110011"": 2, ""1111111001"": 1}"
ising_0.1,2,10,1.8517494245745791,1,42,100,1,2166,2223,291.16015625,292.14721130000544,0.3124099870362661,0001110111,0.3214174325105388,0.16882699161249431,0.6158805633129567,-1.6634180527864997,1.5971464172173164,0.00900744547427268,0.43999999999999995,"{""0000000001"": 1, ""0000000111"": 1, ""0000010000"": 1, ""0000010001"": 1, ""0000010100"": 1, ""0000011110"": 1, ""0000100000"": 1, ""0000100101"": 1, ""0000101011"": 1, ""0000101111"": 1, ""0000110100"": 1, ""0000110110"": 1, ""0000111001"": 1, ""0000111010"": 1, ""0000111101"": 1, ""0001000010"": 1, ""0001000110"": 1, ""0001001000"": 1, ""0001001001"": 1, ""0001001100"": 1, ""0001010100"": 1, ""0001011100"": 2, ""0001011111"": 1, ""0001100000"": 1, ""0001100010"": 1, ""0001100011"": 1, ""0001100100"": 1, ""0001101000"": 1, ""0001101110"": 1, ""0001110000"": 1, ""0001110010"": 2, ""0001110011"": 1, ""0001110101"": 1, ""0001110111"": 3, ""0001111010"": 2, ""0010000000"": 1, ""0010000110"": 1, ""0010000111"": 2, ""0010001011"": 2, ""0010001100"": 1, ""0010001110"": 1, ""0010010010"": 1, ""0010010111"": 1, ""0010100000"": 1, ""0010100001"": 1, ""0010100011"": 2, ""0010100100"": 1, ""0010101100"": 2, ""0010101101"": 1, ""0010101110"": 2, ""0010110000"": 1, ""0010110111"": 1, ""0010111000"": 1, ""0010111100"": 1, ""0011000010"": 1, ""0011000100"": 1, ""0011001001"": 1, ""0011010011"": 1, ""0011100000"": 1, ""0011101000"": 1, ""0011101010"": 1, ""0110010001"": 2, ""0111000111"": 1, ""0111100010"": 1, ""1000001010"": 1, ""1000001011"": 1, ""1000010111"": 1, ""1000110001"": 1, ""1001001010"": 1, ""1001110001"": 1, ""1011001001"": 1, ""1011101101"": 1, ""1011111110"": 1, ""1100101001"": 1, ""1101010101"": 1, ""1101100011"": 1, ""1110011011"": 1, ""1110011110"": 1, ""1110100001"": 2, ""1110100100"": 1, ""1110110010"": 1, ""1111000000"": 1, ""1111001111"": 1, ""1111010101"": 1, ""1111100110"": 1, ""1111101101"": 1, ""1111110000"": 1, ""1111110111"": 1}"
ising_0.1,2,10,2.0,1,42,100,1,2166,2223,291.8515625,292.03839600000356,0.3124099870362661,0010001011,0.32520392703175593,0.21564701916096343,0.5492639324912816,-1.5585244804918115,1.3959225169759335,0.012793939995489834,0.43999999999999995,"{""0000000000"": 1, ""0000000111"": 2, ""0000011110"": 1, ""0000100110"": 1, ""0000101010"": 1, ""0000101011"": 1, ""0000101111"": 1, ""0000110000"": 1, ""0000111001"": 1, ""0000111011"": 1, ""0000111101"": 1, ""0001000011"": 1, ""0001001001"": 1, ""0001001110"": 1, ""0001010000"": 1, ""0001011100"": 1, ""0001011110"": 2, ""0001011111"": 1, ""0001100000"": 2, ""0001100001"": 1, ""0001100011"": 1, ""0001100110"": 1, ""0001101110"": 1, ""0001110011"": 1, ""0001110100"": 1, ""0001110110"": 1, ""0001111000"": 1, ""0001111011"": 2, ""0001111110"": 1, ""0010000000"": 2, ""0010000001"": 1, ""0010000011"": 1, ""0010000100"": 1, ""0010000101"": 1, ""0010000111"": 1, ""0010001001"": 1, ""0010001011"": 3, ""0010001100"": 1, ""0010010010"": 2, ""0010100000"": 1, ""0010100100"": 1, ""0010100110"": 1, ""0010101100"": 1, ""0010101111"": 1, ""0010110000"": 2, ""0010110100"": 1, ""0010111000"": 2, ""0011000111"": 1, ""0011001000"": 1, ""0011001101"": 1, ""0011001111"": 1, ""0011010111"": 1, ""0011101010"": 1, ""0011101101"": 1, ""0011111000"": 1, ""0011111101"": 1, ""0100000011"": 1, ""0100000101"": 1, ""0100100011"": 1, ""0100100101"": 1, ""0101111100"": 1, ""0110010101"": 1, ""0110100000"": 1, ""0110101000"": 1, ""0111000111"": 1, ""1000000100"": 1, ""1000001010"": 1, ""1010010110"": 1, ""1010011001"": 1, ""1011110101"": 1, ""1011111000"": 1, ""1011111110"": 1, ""1100000011"": 1, ""1100010001"": 1, ""1101010001"": 1, ""1101100001"": 1, ""1101100100"": 1, ""1110010001"": 1, ""1110011110"": 1, ""1110101001"": 1, ""1110101101"": 1, ""1110101110"": 1, ""1110110001"": 1, ""1110110011"": 1, ""1110110110"": 1, ""1111001110"": 1, ""1111011011"": 1, ""1111100011"": 1, ""1111100110"": 1, ""1111110110"": 1}"
ising_0.1,2,12,0.0009765625,1,42,100,1,8612,8692,475.43359375,1043.6984452000033,0.3124099870362661,000000000000,0.0,0.09424777960769379,0.8880154403779614,-3.141592653589793,4.71238898038469,0.3124099870362661,0.43999999999999995,"{""000000000000"": 90, ""000000000001"": 3, ""000000000010"": 1, ""000000000011"": 2, ""111111111110"": 1, ""111111111111"": 3}"
ising_0.1,2,12,0.0010547458387620175,1,42,100,1,8612,8692,472.9296875,1044.9212501000002,0.3124099870362661,000000000000,0.0,0.1599796656846473,4.551906715041939,-29.087211942663156,33.450293734062626,0.3124099870362661,0.43999999999999995,"{""000000000000"": 86, ""000000000001"": 3, ""000000000010"": 1, ""000000000011"": 3, ""000000010111"": 1, ""111111101100"": 1, ""111111111110"": 1, ""111111111111"": 4}"
ising_0.1,2,12,0.0011391885152110507,1,42,100,1,8612,8692,473.55859375,1042.4584737999976,0.3124099870362661,000000000000,0.0,0.14812112693758983,4.214495320148043,-26.931113988652697,30.970781086950602,0.3124099870362661,0.43999999999999995,"{""000000000000"": 86, ""000000000001"": 3, ""000000000010"": 1, ""000000000011"": 3, ""000000010111"": 1, ""111111101100"": 1, ""111111111110"": 1, ""111111111111"": 4}"
ising_0.1,2,12,0.0012303916502879625,1,42,100,1,8612,8692,473.5,1046.5511378000083,0.3124099870362661,000000000000,0.0,-0.11220676837119009,2.640847582075796,-24.934837415820017,3.740225612373002,0.3124099870362661,0.43999999999999995,"{""000000000000"": 84, ""000000000001"": 6, ""000000000010"": 1, ""000000000011"": 3, ""111111101100"": 1, ""111111111110"": 1, ""111111111111"": 4}"
ising_0.1,2,12,0.0013288964845452902,1,42,100,1,8612,8692,475.6796875,1043.081860700011,0.3124099870362661,000000000000,0.0,-0.5656201177484168,5.031580367440925,-43.86441729477518,3.462980312745409,0.3124099870362661,0.43999999999999995,"{""000000000000"": 82, ""000000000001"": 7, ""000000000010"": 1, ""000000000011"": 3, ""111111011010"": 1, ""111111101100"": 1, ""111111111100"": 1, ""111111111110"": 1, ""111111111111"": 3}"
ising_0.1,2,12,0.0014352875901128893,1,42,100,1,8612,8692,475.23828125,1048.4211861000076,0.3124099870362661,000000000000,0.0,-0.5236933637842188,4.666037153704361,-40.612954742449624,3.2062859007197075,0.3124099870362661,0.43999999999999995,"{""000000000000"": 79, ""000000000001"": 9, ""000000000010"": 1, ""000000000011"": 3, ""111111011010"": 1, ""111111101100"": 1, ""111111111100"": 1, ""111111111110"": 2, ""111111111111"": 3}"
ising_0.1,2,12,0.0015501963398126943,1,42,100,1,8612,8692,474.28125,1046.1922454000014,0.3124099870362661,000000000000,0.0,-0.6629915846708564,5.2776480286470955,-37.6025077873023,6.92677775029253,0.3124099870362661,0.43999999999999995,"{""000000000000"": 76, ""000000000001"": 12, ""000000000010"": 1, ""000000000011"": 3, ""000000000111"": 1, ""111111011010"": 1, ""111111100010"": 1, ""111111101100"": 1, ""111111111100"": 1, ""111111111110"": 2, ""111111111111"": 1}"
ising_0.1,2,12,0.0016743046540099089,1,42,100,1,8612,8692,471.87109375,1044.6787566999992,0.3124099870362661,000000000000,0.0,-0.5863614497490371,4.894182269750286,-34.81521107884908,6.413328356630094,0.3124099870362661,0.43999999999999995,"{""000000000000"": 74, ""000000000001"": 13, ""000000000010"": 2, ""000000000011"": 3, ""000000000111"": 1, ""111111011010"": 1, ""111111100010"": 1, ""111111101100"": 1, ""111111111100"": 1, ""111111111110"": 2, ""111111111111"": 1}"
ising_0.1,2,12,0.0018083490474361146,1,42,100,1,8612,8692,475.07421875,1043.4865222999942,0.3124099870362661,000000000000,0.0,-0.3732418515256396,4.7518806723120575,-32.234523540850695,13.572430964568714,0.3124099870362661,0.43999999999999995,"{""000000000000"": 69, ""000000000001"": 17, ""000000000010"": 2, ""000000000011"": 3, ""000000000111"": 1, ""000000010000"": 1, ""111111011010"": 1, ""111111100010"": 1, ""111111101100"": 1, ""111111111100"": 1, ""111111111110"": 2, ""111111111111"": 1}"
ising_0.1,2,12,0.001953125,1,42,100,1,8612,8692,472.046875,1039.6728911999962,0.3124099870362661,000000000000,0.0,-0.32201324699295375,4.404989088504216,-29.845130209103033,12.566370614359172,0.3124099870362661,0.43999999999999995,"{""000000000000"": 67, ""000000000001"": 18, ""000000000010"": 3, ""000000000011"": 3, ""000000000111"": 1, ""000000010000"": 1, ""111111011010"": 1, ""111111100010"": 1, ""111111101100"": 1, ""111111111100"": 1, ""111111111110"": 2, ""111111111111"": 1}"
ising_0.1,2,12,0.002109491677524035,1,42,100,1,8612,8692,472.078125,1039.9858735000016,0.3124099870362661,000000000000,0.0,-0.014543605971331537,4.649889291398489,-27.632851345529996,21.815408956997366,0.3124099870362661,0.43999999999999995,"{""000000000000"": 59, ""000000000001"": 24, ""000000000010"": 4, ""000000000011"": 2, ""000000000100"": 1, ""000000000111"": 1, ""000000010000"": 1, ""000000011110"": 1, ""111111011010"": 1, ""111111100010"": 1, ""111111101100"": 1, ""111111111100"": 1, ""111111111110"": 2, ""111111111111"": 1}"
ising_0.1,2,12,0.0022783770304221013,1,42,100,1,8612,8692,480.2265625,1041.0790529000078,0.3124099870362661,000000000000,0.0,0.07406056346879492,2.8402318926870147,-20.198335491489523,10.772445595461079,0.3124099870362661,0.43999999999999995,"{""000000000000"": 50, ""000000000001"": 32, ""000000000010"": 3, ""000000000011"": 2, ""000000000100"": 1, ""000000001010"": 1, ""000000010000"": 1, ""111111100010"": 1, ""111111101100"": 1, ""111111111100"": 1, ""111111111110"": 2, ""111111111111"": 5}"
ising_0.1,2,12,0.002460783300575925,1,42,100,1,8612,8692,471.9453125,1039.911103099992,0.3124099870362661,000000000000,0.0,0.1683101525567851,2.7075948178354534,-18.70112806186501,9.973934966328006,0.3124099870362661,0.43999999999999995,"{""000000000000"": 44, ""000000000001"": 37, ""000000000010"": 3, ""000000000011"": 1, ""000000000100"": 2, ""000000001010"": 2, ""000000010000"": 1, ""111111100010"": 1, ""111111101100"": 1, ""111111111100"": 1, ""111111111110"": 2, ""111111111111"": 5}"
ising_0.1,2,12,0.0026577929690905803,1,42,100,1,8612,8692,475.2890625,1043.3443723000091,0.3124099870362661,000000000001,0.5771633854575682,0.4040143698202977,1.7295457535624255,-10.966104323693795,9.23461416732109,0.2647533984213021,0.43999999999999995,"{""000000000000"": 36, ""000000000001"": 45, ""000000000010"": 4, ""000000000011"": 1, ""000000000100"": 2, ""000000001010"": 2, ""000000010000"": 1, ""111111101101"": 1, ""111111111101"": 1, ""111111111110"": 1, ""111111111111"": 6}"
ising_0.1,2,12,0.0028705751802257785,1,42,100,1,8612,8692,471.0,1041.6952284,0.3124099870362661,000000000001,0.5343809834532846,0.3633790687482335,1.6002254903436668,-10.153238685612406,8.550095735252553,0.22197099641701845,0.43999999999999995,"{""000000000000"": 28, ""000000000001"": 55, ""000000000010"": 4, ""000000000011"": 1, ""000000001010"": 2, ""000000010000"": 1, ""111111101101"": 1, ""111111111100"": 1, ""111111111101"": 1, ""111111111110"": 2, ""111111111111"": 4}"
ising_0.1,2,12,0.0031003926796253885,1,42,100,1,8612,8692,480.5859375,1037.3277131000068,0.3124099870362661,000000000001,0.4947698393066093,0.1533786501850489,2.2179185108306276,-16.822174536424715,7.9163174289057485,0.18235985227034318,0.43999999999999995,"{""000000000000"": 21, ""000000000001"": 63, ""000000000010"": 2, ""000000000011"": 2, ""000000001010"": 1, ""000000010000"": 1, ""111111011110"": 1, ""111111101101"": 1, ""111111111100"": 1, ""111111111101"": 1, ""111111111110"": 2, ""111111111111"": 4}"
ising_0.1,2,12,0.0033486093080198178,1,42,100,1,8612,8692,474.75,1043.2679063999967,0.3124099870362661,000000000001,0.45809488261643533,0.14659036243725931,1.8779463560945455,-13.284751595876624,7.329518121862965,0.14568489558016923,0.43999999999999995,"{""000000000000"": 18, ""000000000001"": 67, ""000000000010"": 2, ""000000001010"": 1, ""000000010000"": 1, ""111111100011"": 1, ""111111101101"": 1, ""111111111100"": 1, ""111111111101"": 1, ""111111111110"": 3, ""111111111111"": 4}"
ising_0.1,2,12,0.0036166980948722292,1,42,100,1,8612,8692,478.3671875,1042.3975709000078,0.3124099870362661,000000000001,0.4241384676427723,0.2544830805856634,0.994236071470475,-8.058630885212674,4.241384676427723,0.1117284806065062,0.43999999999999995,"{""000000000000"": 14, ""000000000001"": 75, ""000000000010"": 3, ""000000001010"": 1, ""111111101101"": 1, ""111111111100"": 1, ""111111111101"": 1, ""111111111110"": 1, ""111111111111"": 3}"
ising_0.1,2,12,0.00390625,1,42,100,1,8612,8692,475.3359375,1041.772857200005,0.3124099870362661,000000000001,0.39269908169872414,0.3691371367968007,0.4388557435651794,-1.5707963267948966,3.9269908169872414,0.08028909466245804,0.43999999999999995,"{""000000000000"": 8, ""000000000001"": 86, ""000000000010"": 2, ""000000001010"": 1, ""111111111100"": 1, ""111111111111"": 2}"
ising_0.1,2,12,0.00421898335504807,1,42,100,1,8612,8692,478.88671875,1037.8486240000057,0.3124099870362661,000000000001,0.3635901492832895,0.3417747403262921,0.10100460867826293,-0.3635901492832895,0.3635901492832895,0.051180162247023375,0.43999999999999995,"{""000000000000"": 4, ""000000000001"": 95, ""111111111111"": 1}"
ising_0.1,2,12,0.004556754060844206,1,42,100,1,8612,8692,478.265625,1031.2475467999902,0.3124099870362661,000000000001,0.3366389248581585,0.356837260349648,0.23837605064988396,0.0,2.693111398865268,0.024228937821892393,0.43999999999999995,"{""000000000000"": 1, ""000000000001"": 98, ""000000001000"": 1}"
ising_0.1,2,12,0.0049215666011518475,1,42,100,1,8612,8692,486.0703125,1032.7050731000054,0.3124099870362661,000000000001,0.31168546769775035,0.31168546769775035,0.0,0.31168546769775035,0.31168546769775035,0.00072451933851575,0.43999999999999995,"{""000000000001"": 100}"
ising_0.1,2,12,0.005741150360451557,1,42,100,1,8612,8692,479.43359375,1038.3900315000064,0.3124099870362661,000000000001,0.2671904917266423,0.23779953763671163,0.21108749180660685,-1.068761966906569,0.8015714751799269,0.045219495309623825,0.43999999999999995,"{""000000000000"": 3, ""000000000001"": 91, ""000000000010"": 2, ""000000000011"": 1, ""111111111100"": 2, ""111111111111"": 1}"
ising_0.1,2,12,0.005315585938181161,1,42,100,1,8612,8692,486.1484375,1044.672545399997,0.3124099870362661,000000000001,0.2885816927287841,0.27126679116505703,0.14686225409873963,-1.1543267709151364,0.2885816927287841,0.023828294307482012,0.43999999999999995,"{""000000000000"": 1, ""000000000001"": 98, ""111111111100"": 1}"
ising_0.1,2,12,0.006200785359250777,1,42,100,1,8612,8692,484.5625,1039.8358316000085,0.3124099870362661,000000000001,0.24738491965330464,0.08411087268212358,1.10646191363261,-9.153242027172272,2.4738491965330462,0.06502506738296146,0.43999999999999995,"{""000000000000"": 8, ""000000000001"": 75, ""000000000010"": 8, ""000000000011"": 1, ""000000001010"": 1, ""111111011011"": 1, ""111111101101"": 1, ""111111111100"": 2, ""111111111101"": 1, ""111111111110"": 1, ""111111111111"": 1}"
ising_0.1,2,12,0.006697218616039631,1,42,100,1,8612,8692,489.4296875,1039.9740070999978,0.3124099870362661,000000000001,0.2290474413082178,0.07100470680554752,1.3000548069809326,-8.47475532840406,4.122853943547921,0.0833625457280483,0.43999999999999995,"{""000000000000"": 8, ""000000000001"": 63, ""000000000010"": 15, ""000000000011"": 2, ""000000000100"": 1, ""000000001010"": 1, ""000000010010"": 1, ""111111011011"": 1, ""111111100011"": 1, ""111111101101"": 1, ""111111111100"": 2, ""111111111101"": 1, ""111111111110"": 1, ""111111111111"": 2}"
ising_0.1,2,12,0.0072333961897444584,1,42,100,1,8612,8692,486.63671875,1039.967973699997,0.3124099870362661,000000000001,0.21206923382138615,0.13148292496925942,1.1696497440056748,-8.69483858667683,3.8172462087849506,0.10034075321487995,0.43999999999999995,"{""000000000000"": 8, ""000000000001"": 43, ""000000000010"": 33, ""000000000011"": 2, ""000000000100"": 1, ""000000000111"": 1, ""000000001011"": 1, ""000000010010"": 1, ""111111010111"": 1, ""111111101101"": 1, ""111111110000"": 1, ""111111111100"": 2, ""111111111110"": 4, ""111111111111"": 1}"
ising_0.1,2,12,0.0078125,1,42,100,1,8612,8692,486.34765625,1045.1685919999873,0.3124099870362661,000000000010,0.39269908169872414,0.23169245820224724,0.9911748207096537,-8.050331174823844,3.5342917352885173,0.08028909466245804,0.43999999999999995,"{""000000000000"": 6, ""000000000001"": 21, ""000000000010"": 63, ""000000000011"": 4, ""000000000100"": 1, ""000000010010"": 1, ""111111010111"": 1, ""111111101110"": 1, ""111111111110"": 2}"
ising_0.1,2,12,0.00843796671009614,1,42,100,1,8612,8692,479.45703125,1042.0829743000068,0.3124099870362661,000000000010,0.3635901492832895,0.3108695776372125,0.39127022995559557,-3.2723113435496054,1.2725655224915131,0.051180162247023375,0.43999999999999995,"{""000000000000"": 3, ""000000000001"": 9, ""000000000010"": 80, ""000000000011"": 5, ""000000000111"": 1, ""111111101110"": 1, ""111111111110"": 1}"
ising_0.1,2,12,0.009113508121688405,1,42,100,1,8612,8692,482.13671875,1041.2140747999947,0.3124099870362661,000000000010,0.3366389248581587,0.3400053141067403,0.08945102505469901,0.16831946242907936,1.1782362370035555,0.024228937821892615,0.43999999999999995,"{""000000000001"": 3, ""000000000010"": 96, ""000000000111"": 1}"
ising_0.1,2,12,0.010631171876362321,1,42,100,1,8612,8692,481.66796875,1034.6711437999911,0.3124099870362661,000000000010,0.2885816927287841,0.28569587580149625,0.04091454420498168,0.0,0.43287253909317613,0.023828294307482012,0.43999999999999995,"{""000000000000"": 1, ""000000000001"": 2, ""000000000010"": 95, ""000000000011"": 2}"
ising_0.1,2,12,0.009843133202303695,1,42,100,1,8612,8692,481.91015625,1039.3885685999994,0.3124099870362661,000000000010,0.31168546769775035,0.31168546769775035,0.0,0.31168546769775035,0.31168546769775035,0.00072451933851575,0.43999999999999995,"{""000000000010"": 100}"
ising_0.1,2,12,0.011482300720903114,1,42,100,1,8612,8692,489.2578125,1037.150485799997,0.3124099870362661,000000000010,0.2671904917266423,0.27387025401980836,0.3584610885155028,-2.4047144255397805,2.4047144255397805,0.045219495309623825,0.43999999999999995,"{""000000000000"": 3, ""000000000001"": 2, ""000000000010"": 74, ""000000000011"": 15, ""000000000100"": 3, ""000000010010"": 1, ""111111101110"": 1, ""111111111110"": 1}"
ising_0.1,2,12,0.012401570718501554,1,42,100,1,8612,8692,488.8671875,1041.3685510000068,0.3124099870362661,000000000011,0.3092311495666308,0.2820188084047673,0.4175523936278068,-2.1027718170530894,2.226464276879742,0.0031788374696353205,0.43999999999999995,"{""000000000000"": 5, ""000000000001"": 5, ""000000000010"": 35, ""000000000011"": 39, ""000000000100"": 5, ""000000000101"": 2, ""000000000110"": 2, ""000000001101"": 1, ""000000010010"": 1, ""111111101111"": 1, ""111111110100"": 1, ""111111111100"": 1, ""111111111110"": 2}"
ising_0.1,2,12,0.013394437232079262,1,42,100,1,8612,8692,490.515625,1045.0488690999919,0.3124099870362661,000000000011,0.34357116196232673,0.30577833414647076,0.27337560107840275,-1.9469032511198516,1.1452372065410892,0.03116117492606063,0.43999999999999995,"{""000000000000"": 2, ""000000000001"": 3, ""000000000010"": 10, ""000000000011"": 71, ""000000000100"": 8, ""000000000101"": 1, ""000000000110"": 1, ""000000001010"": 1, ""111111101111"": 1, ""111111111100"": 1, ""111111111111"": 1}"
ising_0.1,2,12,0.014466792379488917,1,42,100,1,8612,8692,479.90234375,1046.820248700009,0.3124099870362661,000000000011,0.3181038507320792,0.31068142754833067,0.07422423183748515,-0.4241384676427723,0.3181038507320792,0.005693863695813095,0.43999999999999995,"{""000000000011"": 99, ""111111111100"": 1}"
ising_0.1,2,12,0.015625,1,42,100,1,8612,8692,483.171875,1043.7117684999976,0.3124099870362661,000000000011,0.2945243112740431,0.300414797499524,0.0858139824521853,0.0,0.9817477042468103,0.017885675762222997,0.43999999999999995,"{""000000000000"": 1, ""000000000001"": 2, ""000000000010"": 2, ""000000000011"": 86, ""000000000100"": 8, ""000000001010"": 1}"
ising_0.1,2,12,0.01687593342019228,1,42,100,1,8612,8692,488.04296875,1042.116552899999,0.3124099870362661,000000000011,0.2726926119624671,0.3199593313692947,0.2742125167462442,-1.5452581344539804,1.8179507464164473,0.03971737507379902,0.43999999999999995,"{""000000000000"": 1, ""000000000001"": 1, ""000000000010"": 4, ""000000000011"": 50, ""000000000100"": 30, ""000000000101"": 6, ""000000000110"": 2, ""000000001001"": 1, ""000000001010"": 2, ""000000010100"": 1, ""111111101111"": 1, ""111111111111"": 1}"
ising_0.1,2,12,0.01968626640460739,1,42,100,1,8612,8692,486.51953125,1043.2190719999926,0.3124099870362661,000000000100,0.31168546769775035,0.2805169209279753,0.31168546769775035,-2.8051692092797533,0.31168546769775035,0.00072451933851575,0.43999999999999995,"{""000000000100"": 99, ""111111011100"": 1}"
ising_0.1,2,12,0.018227016243376824,1,42,100,1,8612,8692,496.48046875,1046.1866863999894,0.3124099870362661,000000000100,0.3366389248581585,0.33916371679459467,0.07513681197466847,0.16831946242907925,0.8415973121453962,0.024228937821892393,0.43999999999999995,"{""000000000010"": 1, ""000000000011"": 12, ""000000000100"": 80, ""000000000101"": 3, ""000000000110"": 2, ""000000001000"": 1, ""000000001010"": 1}"
ising_0.1,2,12,0.021262343752724643,1,42,100,1,8612,8692,485.0078125,1042.0538314000005,0.3124099870362661,000000000100,0.2885816927287841,0.25972352345590566,0.40293021329732054,-2.452944388194665,1.4429084636439204,0.023828294307482012,0.43999999999999995,"{""000000000001"": 1, ""000000000011"": 4, ""000000000100"": 72, ""000000000101"": 13, ""000000000110"": 3, ""000000000111"": 1, ""000000001000"": 1, ""000000001100"": 1, ""000000010100"": 1, ""111111011110"": 1, ""111111100010"": 1, ""111111111001"": 1}"
ising_0.1,2,12,0.022964601441806228,1,42,100,1,8612,8692,480.76953125,1036.0499450000061,0.3124099870362661,000000000101,0.33398811465830286,0.33064823351171985,0.27864710793170383,-1.9371310650181568,1.4695477044965324,0.021578127622036758,0.43999999999999995,"{""000000000001"": 1, ""000000000011"": 3, ""000000000100"": 19, ""000000000101"": 63, ""000000000110"": 5, ""000000000111"": 2, ""000000001001"": 1, ""000000001011"": 2, ""000000001100"": 1, ""000000001110"": 1, ""000000010110"": 1, ""111111100011"": 1}"
ising_0.1,2,12,0.024803141437003108,1,42,100,1,8612,8692,485.34375,1038.859540999998,0.3124099870362661,000000000101,0.3092311495666308,0.28387419530216706,0.273931193780829,-2.288310506793068,0.7421547589599139,0.0031788374696353205,0.43999999999999995,"{""000000000011"": 1, ""000000000100"": 2, ""000000000101"": 92, ""000000000111"": 1, ""000000001011"": 1, ""000000001100"": 1, ""111111011011"": 1, ""111111111011"": 1}"
ising_0.1,2,12,0.026788874464158525,1,42,100,1,8612,8692,491.87890625,1036.3441021000035,0.3124099870362661,000000000101,0.2863093016352723,0.3241021294511282,0.15828330102839738,-0.2863093016352723,1.259760927195198,0.026100685400993806,0.43999999999999995,"{""000000000000"": 1, ""000000000001"": 1, ""000000000010"": 2, ""000000000011"": 2, ""000000000100"": 5, ""000000000101"": 45, ""000000000110"": 28, ""000000000111"": 5, ""000000001000"": 5, ""000000001001"": 1, ""000000001100"": 1, ""000000001110"": 1, ""000000001111"": 1, ""000000010110"": 1, ""111111111011"": 1}"
ising_0.1,2,12,0.028933584758977816,1,42,100,1,8612,8692,482.3671875,1040.0110181999917,0.3124099870362661,000000000110,0.3181038507320794,0.3133322929710982,0.051161348876492194,0.0,0.5301730845534657,0.005693863695813317,0.43999999999999995,"{""000000000000"": 1, ""000000000001"": 1, ""000000000011"": 1, ""000000000101"": 2, ""000000000110"": 92, ""000000000111"": 1, ""000000001000"": 1, ""000000001010"": 1}"
ising_0.1,2,12,0.03375186684038456,1,42,100,1,8612,8692,488.98828125,1037.7798828000086,0.3124099870362661,000000000111,0.3181413806228783,0.3195048436826906,0.082335298282982,-0.3181413806228783,0.6362827612457566,0.005731393586612177,0.43999999999999995,"{""000000000101"": 3, ""000000000110"": 3, ""000000000111"": 84, ""000000001000"": 3, ""000000001001"": 3, ""000000001100"": 2, ""000000001110"": 1, ""111111111001"": 1}"
ising_0.1,2,12,0.03125,1,42,100,1,8612,8692,485.10546875,1044.895134499995,0.3124099870362661,000000000110,0.2945243112740431,0.30188741905589417,0.11929916848581612,-0.2454369260617026,1.0799224746714913,0.017885675762222997,0.43999999999999995,"{""000000000000"": 1, ""000000000011"": 1, ""000000000101"": 6, ""000000000110"": 68, ""000000000111"": 13, ""000000001000"": 6, ""000000001010"": 1, ""000000001011"": 1, ""000000010110"": 1, ""111111111011"": 1, ""111111111101"": 1}"
ising_0.1,2,12,0.03937253280921478,1,42,100,1,8612,8692,484.20703125,1037.400372499993,0.3124099870362661,000000001000,0.31168546769775035,0.35726946734854637,0.43800013709172214,0.07792136692443759,4.675282015466255,0.00072451933851575,0.43999999999999995,"{""000000000010"": 1, ""000000000110"": 2, ""000000000111"": 2, ""000000001000"": 88, ""000000001001"": 2, ""000000001011"": 1, ""000000001100"": 3, ""000001111000"": 1}"
ising_0.1,2,12,0.03645403248675365,1,42,100,1,8612,8692,487.41015625,1039.373137699993,0.3124099870362661,000000000111,0.29455905925088866,0.34337170335532163,0.5074219134667999,-1.346555699432634,5.049583872872376,0.017850927785377446,0.43999999999999995,"{""000000000010"": 1, ""000000000011"": 1, ""000000000101"": 3, ""000000000110"": 5, ""000000000111"": 51, ""000000001000"": 27, ""000000001001"": 5, ""000000001010"": 1, ""000000001011"": 1, ""000000001100"": 1, ""000000001101"": 1, ""000000001110"": 1, ""000001111000"": 1, ""111111100000"": 1}"
ising_0.1,2,12,0.04252468750544926,1,42,100,1,8612,8692,486.92578125,1037.8133871000027,0.3124099870362661,000000001001,0.3246544043198823,0.29327114523562703,0.17743612974179304,-0.9018177897774509,0.8657450781863528,0.012244417283616194,0.43999999999999995,"{""000000000011"": 2, ""000000000100"": 1, ""000000000110"": 3, ""000000000111"": 6, ""000000001000"": 20, ""000000001001"": 53, ""000000001010"": 4, ""000000001011"": 2, ""000000001100"": 1, ""000000001101"": 2, ""000000001110"": 1, ""000000001111"": 1, ""000000011000"": 1, ""111111100111"": 1, ""111111110011"": 1, ""111111110111"": 1}"
ising_0.1,2,12,0.045929202883612456,1,42,100,1,8612,8692,494.95703125,1042.3785818000033,0.3124099870362661,000000001001,0.30058930319247257,0.2822199568862659,0.2171441701300313,-1.3693512700990416,0.8683690981115876,0.011820683843793534,0.43999999999999995,"{""000000000011"": 1, ""000000000110"": 1, ""000000000111"": 4, ""000000001000"": 8, ""000000001001"": 53, ""000000001010"": 18, ""000000001011"": 5, ""000000001100"": 3, ""000000001101"": 2, ""000000001111"": 1, ""000000011010"": 1, ""111111010111"": 1, ""111111101011"": 1, ""111111110111"": 1}"
ising_0.1,2,12,0.049606282874006216,1,42,100,1,8612,8692,484.1875,1039.6378237000026,0.3124099870362661,000000001010,0.3092311495666308,0.3104680741648973,0.051052710152938025,0.18553868973997847,0.6803085290465877,0.0031788374696353205,0.43999999999999995,"{""000000000110"": 3, ""000000001000"": 4, ""000000001001"": 6, ""000000001010"": 78, ""000000001011"": 4, ""000000001100"": 1, ""000000001110"": 3, ""000000010110"": 1}"
ising_0.1,2,12,0.05357774892831705,1,42,100,1,8612,8692,484.81640625,1033.2706588,0.3124099870362661,000000001011,0.3149402317987995,0.3676211432996896,0.3571303183897108,-0.20041651114469058,3.378449759296213,0.0025302447625333846,0.43999999999999995,"{""000000000101"": 2, ""000000000110"": 1, ""000000001000"": 1, ""000000001001"": 2, ""000000001010"": 4, ""000000001011"": 73, ""000000001100"": 6, ""000000001101"": 4, ""000000001111"": 1, ""000000010101"": 2, ""000000110101"": 1, ""000000110110"": 1, ""000001110110"": 1, ""111111111001"": 1}"
ising_0.1,2,12,0.05786716951795563,1,42,100,1,8612,8692,482.109375,1035.3792494999943,0.3124099870362661,000000001100,0.3181038507320794,0.33665990869145074,0.3172659842115552,-0.742242318374852,3.075003890410101,0.005693863695813317,0.43999999999999995,"{""000000000100"": 1, ""000000000101"": 1, ""000000001000"": 2, ""000000001010"": 4, ""000000001011"": 7, ""000000001100"": 64, ""000000001101"": 3, ""000000001110"": 6, ""000000010000"": 1, ""000000010001"": 1, ""000000010010"": 1, ""000000010011"": 1, ""000000010100"": 4, ""000000010101"": 1, ""000001110100"": 1, ""111111100100"": 1, ""111111101010"": 1}"
ising_0.1,2,12,0.0625,1,42,100,1,8612,8692,488.93359375,1035.5778179000044,0.3124099870362661,000000001101,0.3190680038802134,0.2542726553999239,1.2341093219306167,-11.314642291444489,2.84706834231575,0.00665801684394729,0.43999999999999995,"{""000000000011"": 1, ""000000000100"": 1, ""000000001011"": 5, ""000000001100"": 12, ""000000001101"": 50, ""000000001110"": 10, ""000000001111"": 6, ""000000010000"": 2, ""000000010010"": 1, ""000000010011"": 3, ""000000011110"": 1, ""000000100011"": 1, ""000000110110"": 1, ""000001110011"": 1, ""000001110100"": 1, ""111000110011"": 1, ""111111101011"": 1, ""111111110011"": 1, ""111111110100"": 1}"
ising_0.1,2,12,0.06750373368076912,1,42,100,1,8612,8692,486.46484375,1040.5654034999898,0.3124099870362661,000000001110,0.3181413806228783,0.2645118336035931,1.2096517134229008,-10.475941176224778,5.522025392239959,0.005731393586612177,0.43999999999999995,"{""000000001000"": 1, ""000000001001"": 1, ""000000001010"": 1, ""000000001011"": 2, ""000000001100"": 5, ""000000001101"": 7, ""000000001110"": 61, ""000000001111"": 2, ""000000010000"": 5, ""000000010001"": 1, ""000000010010"": 5, ""000000010011"": 3, ""000000011010"": 1, ""000000110010"": 1, ""000011110011"": 1, ""111000110011"": 1, ""111111110010"": 1, ""111111111000"": 1}"
ising_0.1,2,12,0.07290806497350724,1,42,100,1,8612,8692,476.640625,1040.9643588000035,0.3124099870362661,000000001111,0.3155989920545238,0.3235941665199051,0.20104829621460263,-0.4628785216799682,1.3675956322362697,0.0031890050182576957,0.43999999999999995,"{""000000001001"": 3, ""000000001010"": 1, ""000000001011"": 1, ""000000001100"": 3, ""000000001101"": 2, ""000000001110"": 11, ""000000001111"": 49, ""000000010000"": 8, ""000000010001"": 11, ""000000010011"": 3, ""000000011001"": 1, ""000000011110"": 1, ""000000100001"": 1, ""000001000001"": 2, ""111111101010"": 1, ""111111110001"": 1, ""111111110010"": 1}"
ising_0.1,2,12,0.07874506561842956,1,42,100,1,8612,8692,483.59375,1044.5579056999995,0.3124099870362661,000000010000,0.31168546769775035,0.29882844215521814,0.11603351032276424,-0.31168546769775035,0.9350564030932511,0.00072451933851575,0.43999999999999995,"{""000000000000"": 1, ""000000001000"": 1, ""000000001011"": 1, ""000000001100"": 5, ""000000001110"": 8, ""000000001111"": 8, ""000000010000"": 55, ""000000010001"": 11, ""000000010010"": 2, ""000000010011"": 3, ""000000010100"": 1, ""000000011001"": 1, ""000000110000"": 1, ""111111110000"": 1, ""111111110010"": 1}"
ising_0.1,2,12,0.08504937501089851,1,42,100,1,8612,8692,486.25,1036.2494009000075,0.3124099870362661,000000010001,0.30661804852433333,0.31437368151641937,0.2760729129331582,-0.5951997412531176,2.0020354933059408,0.00579193851193277,0.43999999999999995,"{""000000000111"": 1, ""000000001010"": 2, ""000000001011"": 1, ""000000001100"": 2, ""000000001101"": 2, ""000000001110"": 4, ""000000001111"": 5, ""000000010000"": 12, ""000000010001"": 30, ""000000010010"": 18, ""000000010011"": 7, ""000000010100"": 2, ""000000010101"": 2, ""000000010110"": 2, ""000000010111"": 1, ""000000011000"": 1, ""000000011011"": 1, ""000000100101"": 1, ""000001100110"": 1, ""000001101111"": 1, ""111111011111"": 1, ""111111101110"": 1, ""111111101111"": 2}"
ising_0.1,2,12,0.09185840576722491,1,42,100,1,8612,8692,488.35546875,1040.7103975999926,0.3124099870362661,000000010011,0.3172887089253877,0.2852258499181906,0.22696501888203077,-1.519645921695278,0.7848720694470118,0.0048787218891215844,0.43999999999999995,"{""000000001011"": 1, ""000000001100"": 2, ""000000001101"": 1, ""000000001110"": 3, ""000000001111"": 2, ""000000010000"": 2, ""000000010001"": 9, ""000000010010"": 13, ""000000010011"": 33, ""000000010100"": 10, ""000000010101"": 7, ""000000010110"": 5, ""000000011000"": 1, ""000000011001"": 1, ""000000011010"": 1, ""000000100000"": 1, ""000000100001"": 1, ""000000101010"": 1, ""000000101111"": 1, ""111110100101"": 1, ""111111101101"": 1, ""111111101111"": 1, ""111111110010"": 1, ""111111111101"": 1}"
ising_0.1,2,12,0.09921256574801243,1,42,100,1,8612,8692,478.85546875,1041.004538299996,0.3124099870362661,000000010100,0.3092311495666308,0.2994903683552819,0.11460605080775037,-0.3092311495666308,0.6803085290465877,0.0031788374696353205,0.43999999999999995,"{""000000001010"": 1, ""000000001011"": 1, ""000000001100"": 2, ""000000001110"": 1, ""000000001111"": 1, ""000000010000"": 2, ""000000010001"": 1, ""000000010010"": 3, ""000000010011"": 11, ""000000010100"": 43, ""000000010101"": 10, ""000000010110"": 6, ""000000010111"": 3, ""000000011000"": 5, ""000000011001"": 1, ""000000011011"": 1, ""000000011100"": 3, ""000000011101"": 1, ""000000101100"": 1, ""111111101100"": 1, ""111111110001"": 1, ""111111110010"": 1}"
ising_0.1,2,12,0.125,1,42,100,1,8612,8692,483.921875,1030.211687300005,0.3124099870362661,000000011001,0.30679615757712825,0.3109685853201772,0.19987563048523538,-0.6994952392758523,1.2517283229146832,0.0056138294591378535,0.43999999999999995,"{""000000000011"": 1, ""000000000111"": 1, ""000000001000"": 1, ""000000001010"": 1, ""000000010000"": 2, ""000000010011"": 1, ""000000010101"": 2, ""000000010110"": 5, ""000000010111"": 9, ""000000011000"": 8, ""000000011001"": 16, ""000000011010"": 16, ""000000011011"": 6, ""000000011100"": 3, ""000000011101"": 2, ""000000011110"": 6, ""000000011111"": 2, ""000000100000"": 2, ""000000100001"": 3, ""000000100010"": 1, ""000000100011"": 1, ""000000100110"": 1, ""000000101001"": 1, ""000000101110"": 1, ""000000101111"": 1, ""000001001000"": 2, ""000001100110"": 1, ""111111000111"": 1, ""111111100111"": 1, ""111111101111"": 1, ""111111110111"": 1}"
ising_0.1,2,12,0.11573433903591127,1,42,100,1,8612,8692,483.68359375,1041.143058799993,0.3124099870362661,000000011000,0.3181038507320794,0.28311242715155066,0.4675023663697919,-3.697957264760423,1.8423514688232931,0.005693863695813317,0.43999999999999995,"{""000000000001"": 1, ""000000000011"": 1, ""000000001000"": 1, ""000000001001"": 2, ""000000001110"": 2, ""000000001111"": 1, ""000000010000"": 1, ""000000010001"": 3, ""000000010010"": 2, ""000000010011"": 1, ""000000010100"": 3, ""000000010101"": 2, ""000000010110"": 11, ""000000010111"": 13, ""000000011000"": 24, ""000000011001"": 7, ""000000011010"": 4, ""000000011011"": 2, ""000000011100"": 1, ""000000011101"": 1, ""000000011110"": 1, ""000000011111"": 1, ""000000100000"": 1, ""000000100001"": 1, ""000000100010"": 1, ""000000100011"": 2, ""000000101000"": 1, ""000000101010"": 1, ""000000101101"": 1, ""000001001000"": 1, ""000001101000"": 1, ""000010001011"": 1, ""111011101001"": 1, ""111111100101"": 1, ""111111101000"": 1, ""111111110110"": 1}"
ising_0.1,2,12,0.1071554978566341,1,42,100,1,8612,8692,487.8984375,1041.832410300005,0.3124099870362661,000000010110,0.3149402317987995,0.2658381865683503,0.4470361653071553,-4.036961153057339,0.6585113937611262,0.0025302447625333846,0.43999999999999995,"{""000000001001"": 1, ""000000001010"": 3, ""000000001011"": 2, ""000000001100"": 2, ""000000001110"": 1, ""000000010000"": 1, ""000000010001"": 1, ""000000010010"": 3, ""000000010011"": 4, ""000000010100"": 7, ""000000010101"": 12, ""000000010110"": 38, ""000000010111"": 4, ""000000011000"": 5, ""000000011010"": 5, ""000000011011"": 1, ""000000011101"": 1, ""000000100000"": 2, ""000000100001"": 1, ""000000101000"": 1, ""000000101010"": 1, ""000000101101"": 1, ""000000101110"": 1, ""111011100110"": 1, ""111111101101"": 1}"
ising_0.1,2,12,0.13500746736153824,1,42,100,1,8612,8692,479.23828125,1036.2163169999985,0.3124099870362661,000000011100,0.3181413806228783,0.2859863767956374,0.2184788789398477,-0.6476449534108594,1.1362192165102796,0.005731393586612177,0.43999999999999995,"{""000000000011"": 2, ""000000001010"": 1, ""000000010001"": 1, ""000000010010"": 1, ""000000010011"": 3, ""000000010100"": 2, ""000000010101"": 1, ""000000010110"": 1, ""000000010111"": 1, ""000000011000"": 3, ""000000011001"": 5, ""000000011010"": 6, ""000000011011"": 13, ""000000011100"": 18, ""000000011101"": 8, ""000000011110"": 7, ""000000011111"": 1, ""000000100000"": 1, ""000000100001"": 2, ""000000100010"": 1, ""000000100011"": 3, ""000000100100"": 6, ""000000100101"": 2, ""000000100110"": 1, ""000000101111"": 1, ""000001100100"": 2, ""111111000111"": 1, ""111111010001"": 1, ""111111100111"": 2, ""111111101111"": 1, ""111111110011"": 1, ""111111111010"": 1}"
ising_0.1,2,12,0.14581612994701448,1,42,100,1,8612,8692,487.140625,1032.4334207000065,0.3124099870362661,000000011110,0.3155989920545238,0.35557486438143016,0.61057196740738,-0.47339848808178575,6.143660378661396,0.0031890050182576957,0.43999999999999995,"{""000000000011"": 2, ""000000001010"": 1, ""000000010100"": 1, ""000000011000"": 1, ""000000011001"": 2, ""000000011010"": 1, ""000000011011"": 5, ""000000011100"": 7, ""000000011101"": 16, ""000000011110"": 18, ""000000011111"": 10, ""000000100000"": 6, ""000000100001"": 4, ""000000100010"": 8, ""000000100011"": 3, ""000000100100"": 3, ""000000100101"": 1, ""000000100110"": 2, ""000000100111"": 2, ""000010000010"": 1, ""001001001000"": 1, ""111111010011"": 1, ""111111100010"": 1, ""111111100111"": 1, ""111111110010"": 1, ""111111111111"": 1}"
ising_0.1,2,12,0.15749013123685912,1,42,100,1,8612,8692,484.8359375,1039.7252894999983,0.3124099870362661,000000100000,0.31168546769775035,0.10217439237966877,1.8950363222501931,-15.155705866803112,5.610338418559507,0.00072451933851575,0.43999999999999995,"{""000000000000"": 1, ""000000000001"": 1, ""000000001010"": 1, ""000000010001"": 1, ""000000010110"": 1, ""000000010111"": 1, ""000000011000"": 2, ""000000011001"": 3, ""000000011011"": 2, ""000000011100"": 3, ""000000011101"": 2, ""000000011110"": 8, ""000000011111"": 12, ""000000100000"": 22, ""000000100001"": 7, ""000000100010"": 4, ""000000100011"": 6, ""000000100100"": 3, ""000000100110"": 3, ""000000100111"": 1, ""000000101000"": 2, ""000000101001"": 1, ""000000101011"": 1, ""000000101100"": 2, ""000001011111"": 1, ""000001100100"": 1, ""000001101110"": 1, ""000011100010"": 1, ""001001000000"": 1, ""100111101100"": 1, ""110011100001"": 1, ""111001001010"": 1, ""111111100000"": 1, ""111111100001"": 1}"
ising_0.1,2,12,0.17009875002179703,1,42,100,1,8612,8692,485.765625,1042.9841236999928,0.3124099870362661,000000100010,0.31112713747322057,0.28713878426514033,0.5382421767909531,-3.94094374132746,2.0381082048970387,0.0012828495630455294,0.43999999999999995,"{""000000000101"": 1, ""000000001010"": 1, ""000000001110"": 1, ""000000010110"": 1, ""000000011001"": 1, ""000000011010"": 1, ""000000011011"": 2, ""000000011100"": 4, ""000000011101"": 1, ""000000011110"": 2, ""000000011111"": 4, ""000000100000"": 4, ""000000100001"": 7, ""000000100010"": 16, ""000000100011"": 12, ""000000100100"": 14, ""000000100101"": 2, ""000000100110"": 5, ""000000100111"": 2, ""000000101011"": 2, ""000000101100"": 1, ""000000101101"": 1, ""000000101110"": 2, ""000000110000"": 1, ""000000110010"": 1, ""000000110100"": 1, ""000000110110"": 1, ""000001010111"": 1, ""000001101110"": 1, ""000010001110"": 1, ""000010101011"": 1, ""000011100010"": 1, ""111001001011"": 1, ""111101010101"": 1, ""111111011110"": 1, ""111111100001"": 1}"
ising_0.1,2,12,0.19842513149602486,1,42,100,1,8612,8692,486.390625,1039.3458491999918,0.3124099870362661,000000101000,0.3092311495666308,0.32314655129712916,0.21777417827562925,-0.3324234857841281,1.8090022249647901,0.0031788374696353205,0.43999999999999995,"{""000000010011"": 1, ""000000010100"": 1, ""000000010110"": 1, ""000000010111"": 2, ""000000011000"": 1, ""000000011010"": 1, ""000000011100"": 1, ""000000011110"": 1, ""000000100000"": 2, ""000000100001"": 1, ""000000100011"": 3, ""000000100100"": 1, ""000000100101"": 4, ""000000100110"": 7, ""000000100111"": 8, ""000000101000"": 18, ""000000101001"": 9, ""000000101010"": 6, ""000000101011"": 4, ""000000101100"": 3, ""000000101101"": 2, ""000000101110"": 3, ""000000110000"": 2, ""000000110001"": 1, ""000000110110"": 1, ""000000111000"": 2, ""000000111001"": 1, ""000000111010"": 1, ""000001001110"": 1, ""000001010000"": 1, ""000001010111"": 1, ""000001011010"": 1, ""000001011011"": 1, ""000010000011"": 1, ""000011101010"": 1, ""111111010101"": 1, ""111111100001"": 1, ""111111111001"": 2, ""111111111111"": 1}"
ising_0.1,2,12,0.18371681153444983,1,42,100,1,8612,8692,482.46484375,1041.6243292,0.3124099870362661,000000100110,0.3172887089253877,0.4480450558141133,0.9663193415584933,-3.623771044042586,6.103632795380485,0.0048787218891215844,0.43999999999999995,"{""000000000011"": 1, ""000000010000"": 1, ""000000010110"": 1, ""000000011010"": 1, ""000000011011"": 2, ""000000011100"": 1, ""000000011101"": 1, ""000000011111"": 1, ""000000100000"": 3, ""000000100001"": 1, ""000000100010"": 4, ""000000100011"": 6, ""000000100100"": 10, ""000000100101"": 9, ""000000100110"": 15, ""000000100111"": 9, ""000000101000"": 4, ""000000101001"": 2, ""000000101010"": 1, ""000000101011"": 1, ""000000101101"": 2, ""000000101110"": 1, ""000000101111"": 2, ""000000110001"": 1, ""000000110010"": 1, ""000000111000"": 1, ""000000111011"": 1, ""000001001110"": 1, ""000001011011"": 1, ""000001111101"": 1, ""000010000001"": 1, ""000010001101"": 1, ""000010101011"": 1, ""000011111010"": 1, ""001000000110"": 1, ""001001001011"": 1, ""001011011011"": 1, ""111001001110"": 1, ""111111011100"": 1, ""111111100101"": 1, ""111111110000"": 1, ""111111111001"": 1, ""111111111110"": 2}"
ising_0.1,2,12,0.2143109957132682,1,42,100,1,8612,8692,485.48046875,1042.9786341,0.3124099870362661,000000101100,0.3149402317987995,0.3654022462120162,0.45519069819551816,-0.4151484873711448,4.180115803874975,0.0025302447625333846,0.43999999999999995,"{""000000010001"": 1, ""000000010011"": 2, ""000000010100"": 1, ""000000010101"": 1, ""000000010110"": 2, ""000000011110"": 1, ""000000100000"": 2, ""000000100010"": 1, ""000000100011"": 2, ""000000100100"": 3, ""000000100101"": 3, ""000000100110"": 4, ""000000100111"": 4, ""000000101000"": 2, ""000000101001"": 3, ""000000101010"": 5, ""000000101011"": 7, ""000000101100"": 13, ""000000101101"": 5, ""000000101110"": 5, ""000000101111"": 4, ""000000110000"": 1, ""000000110001"": 3, ""000000110010"": 3, ""000000110011"": 2, ""000000110100"": 2, ""000000110110"": 1, ""000000110111"": 1, ""000000111000"": 1, ""000000111001"": 1, ""000000111100"": 1, ""000001010100"": 1, ""000001010101"": 1, ""000001010111"": 1, ""000001100000"": 1, ""000001100001"": 1, ""000010000010"": 1, ""000011010011"": 1, ""000011101010"": 1, ""001001001000"": 1, ""111111000110"": 1, ""111111011001"": 1, ""111111100010"": 1, ""111111111101"": 1}"
ising_0.1,2,12,0.25,1,42,100,1,8612,8692,480.30078125,1036.7654861999908,0.3124099870362661,000000110010,0.3129320807286708,0.26132896702419783,0.6659097130773197,-4.902602598082509,2.8286605728611223,0.0005220936924046904,0.43999999999999995,"{""000000000111"": 1, ""000000001010"": 1, ""000000001101"": 1, ""000000010001"": 2, ""000000010101"": 3, ""000000010110"": 1, ""000000011101"": 1, ""000000100000"": 2, ""000000100100"": 1, ""000000100110"": 2, ""000000100111"": 1, ""000000101010"": 1, ""000000101100"": 3, ""000000101101"": 2, ""000000101110"": 2, ""000000101111"": 1, ""000000110000"": 3, ""000000110001"": 3, ""000000110010"": 9, ""000000110011"": 8, ""000000110100"": 7, ""000000110101"": 4, ""000000110110"": 3, ""000000111000"": 2, ""000000111001"": 3, ""000000111010"": 2, ""000000111011"": 1, ""000000111100"": 1, ""000000111110"": 2, ""000001000000"": 2, ""000001000110"": 1, ""000001001100"": 3, ""000001001101"": 1, ""000001001110"": 1, ""000001001111"": 1, ""000001010100"": 1, ""000001010111"": 1, ""000001100100"": 1, ""000001111111"": 1, ""000010000011"": 1, ""000010001011"": 1, ""000010010010"": 1, ""000011001011"": 1, ""000011100110"": 1, ""000111001101"": 1, ""110011100001"": 1, ""111100000101"": 1, ""111110010110"": 1, ""111110100100"": 1, ""111111000011"": 1, ""111111001010"": 1, ""111111010110"": 1, ""111111100011"": 1}"
ising_0.1,2,12,0.23146867807182253,1,42,100,1,8612,8692,479.4609375,1046.5543412999978,0.3124099870362661,000000110000,0.3114766871751611,0.4179089338992693,0.8535747889467821,-2.8960704743733063,6.501247449336873,0.0009332998611050192,0.43999999999999995,"{""000000000100"": 1, ""000000001000"": 1, ""000000010001"": 4, ""000000010011"": 1, ""000000010110"": 1, ""000000010111"": 1, ""000000011010"": 1, ""000000011110"": 1, ""000000100010"": 1, ""000000100100"": 1, ""000000100101"": 2, ""000000100110"": 1, ""000000100111"": 1, ""000000101001"": 1, ""000000101010"": 3, ""000000101100"": 6, ""000000101101"": 2, ""000000101110"": 9, ""000000101111"": 11, ""000000110000"": 12, ""000000110001"": 5, ""000000110010"": 4, ""000000110011"": 4, ""000000110100"": 1, ""000000110101"": 1, ""000000110110"": 2, ""000000110111"": 1, ""000000111000"": 2, ""000000111001"": 2, ""000000111010"": 1, ""000000111011"": 1, ""000000111110"": 1, ""000001000100"": 1, ""000001001110"": 1, ""000001010100"": 1, ""000001100110"": 1, ""000010000011"": 2, ""000010010011"": 1, ""000011110011"": 1, ""000111001101"": 1, ""001001010010"": 1, ""001111010101"": 1, ""111001001011"": 1, ""111111010100"": 1, ""111111111100"": 1}"
ising_0.1,2,12,0.27001493472307647,1,42,100,1,8612,8692,485.02734375,1041.0496013999946,0.3124099870362661,000000111000,0.3153008325816026,0.33109427969109545,0.7278610121111205,-3.226862574889194,4.4596604248028475,0.0028908455453364734,0.43999999999999995,"{""000000000111"": 1, ""000000001010"": 1, ""000000010001"": 2, ""000000010110"": 1, ""000000100001"": 1, ""000000100100"": 3, ""000000100110"": 2, ""000000101010"": 1, ""000000101011"": 1, ""000000101100"": 1, ""000000101101"": 1, ""000000101110"": 1, ""000000101111"": 2, ""000000110000"": 4, ""000000110001"": 1, ""000000110010"": 4, ""000000110011"": 2, ""000000110100"": 2, ""000000110101"": 2, ""000000110110"": 3, ""000000110111"": 5, ""000000111000"": 8, ""000000111001"": 6, ""000000111010"": 5, ""000000111011"": 3, ""000000111100"": 1, ""000000111101"": 3, ""000000111110"": 1, ""000000111111"": 1, ""000001000000"": 2, ""000001000001"": 2, ""000001000011"": 1, ""000001000100"": 2, ""000001000101"": 1, ""000001000110"": 1, ""000001001100"": 1, ""000001001110"": 1, ""000001010001"": 1, ""000001010010"": 1, ""000001011100"": 1, ""000001100110"": 1, ""000001100111"": 1, ""000010001010"": 1, ""000010001011"": 1, ""000011111010"": 1, ""000111010101"": 1, ""001001001010"": 1, ""001100010001"": 1, ""110111001000"": 1, ""111100001001"": 1, ""111110010111"": 1, ""111110100010"": 1, ""111111001011"": 1, ""111111001101"": 1, ""111111100011"": 1, ""111111101001"": 1, ""111111111110"": 1}"
ising_0.1,2,12,0.29163225989402897,1,42,100,1,8612,8692,490.734375,1043.7976981999964,0.3124099870362661,000000111101,0.32085897525543255,0.1732112468059245,2.0977853453211095,-9.741488888082968,10.420026721000195,0.008448988219166453,0.43999999999999995,"{""000000001010"": 1, ""000000010000"": 1, ""000000100100"": 1, ""000000100101"": 1, ""000000100110"": 2, ""000000101010"": 1, ""000000101100"": 1, ""000000101101"": 1, ""000000101110"": 1, ""000000101111"": 2, ""000000110000"": 1, ""000000110010"": 1, ""000000110101"": 1, ""000000110110"": 2, ""000000110111"": 5, ""000000111000"": 4, ""000000111001"": 1, ""000000111010"": 1, ""000000111011"": 4, ""000000111100"": 4, ""000000111101"": 6, ""000000111110"": 5, ""000000111111"": 3, ""000001000000"": 4, ""000001000001"": 3, ""000001000010"": 3, ""000001000011"": 2, ""000001000100"": 2, ""000001000101"": 1, ""000001000110"": 2, ""000001000111"": 2, ""000001001000"": 1, ""000001001100"": 1, ""000001001101"": 1, ""000001001110"": 2, ""000001010000"": 1, ""000001010001"": 1, ""000001010010"": 1, ""000001011001"": 1, ""000001100110"": 1, ""000010000011"": 1, ""000010001011"": 1, ""000010111111"": 1, ""000011000100"": 1, ""000011111011"": 1, ""000111011001"": 1, ""000111100011"": 1, ""001001001011"": 1, ""001110000001"": 1, ""011110111101"": 1, ""100011000100"": 1, ""100100001001"": 1, ""100111111100"": 1, ""110011101101"": 1, ""111000100000"": 1, ""111110111100"": 1, ""111111000000"": 1, ""111111000011"": 1, ""111111000110"": 2, ""111111100010"": 1}"
ising_0.1,2,12,0.314980262473718,1,42,100,1,8612,8692,491.96875,1038.6165845000069,0.3124099870362661,000001000000,0.3116854676977506,0.41273974042788064,1.1432534001084016,-3.8278871501629994,7.056753792094384,0.000724519338515528,0.43999999999999995,"{""000000010000"": 1, ""000000010111"": 2, ""000000100101"": 1, ""000000101010"": 1, ""000000101100"": 1, ""000000101110"": 1, ""000000101111"": 2, ""000000110000"": 4, ""000000110101"": 2, ""000000110110"": 1, ""000000111000"": 3, ""000000111011"": 1, ""000000111100"": 4, ""000000111101"": 2, ""000000111110"": 3, ""000000111111"": 3, ""000001000000"": 10, ""000001000001"": 3, ""000001000010"": 4, ""000001000011"": 1, ""000001000100"": 4, ""000001000101"": 4, ""000001000110"": 3, ""000001000111"": 1, ""000001001000"": 1, ""000001001001"": 2, ""000001001010"": 1, ""000001001011"": 1, ""000001001100"": 1, ""000001001110"": 1, ""000001001111"": 1, ""000001010010"": 1, ""000001010011"": 1, ""000001010101"": 1, ""000001011101"": 1, ""000001100110"": 1, ""000001101111"": 1, ""000001111111"": 1, ""000010000000"": 1, ""000010000011"": 1, ""000010010001"": 1, ""000010111010"": 1, ""000011100101"": 1, ""000110111001"": 1, ""000111110111"": 1, ""001110000011"": 1, ""010011000011"": 1, ""010110101001"": 1, ""110011101110"": 1, ""111001001011"": 1, ""111101100111"": 1, ""111110100111"": 1, ""111110111101"": 1, ""111111000000"": 1, ""111111000010"": 1, ""111111011011"": 1, ""111111011111"": 1, ""111111100101"": 1, ""111111101111"": 1, ""111111111111"": 2}"
ising_0.1,2,12,0.3401975000435943,1,42,100,1,8612,8692,483.13671875,1038.6924737000081,0.3124099870362661,000001001000,0.31338168194766397,0.41127400302800615,1.5319777437202329,-8.346323644390303,9.085814232007811,0.000971694911397869,0.43999999999999995,"{""000000001011"": 1, ""000000010001"": 1, ""000000100001"": 1, ""000000101000"": 1, ""000000101010"": 1, ""000000101100"": 1, ""000000110000"": 1, ""000000110100"": 1, ""000000110110"": 3, ""000000111000"": 2, ""000000111001"": 1, ""000000111010"": 1, ""000000111011"": 1, ""000000111100"": 3, ""000000111110"": 1, ""000000111111"": 1, ""000001000000"": 3, ""000001000001"": 3, ""000001000010"": 4, ""000001000011"": 4, ""000001000100"": 2, ""000001000101"": 4, ""000001000110"": 4, ""000001000111"": 6, ""000001001000"": 6, ""000001001010"": 2, ""000001001011"": 4, ""000001001100"": 2, ""000001001101"": 1, ""000001001110"": 1, ""000001001111"": 1, ""000001010000"": 1, ""000001010010"": 1, ""000001010101"": 1, ""000001010110"": 1, ""000001011000"": 1, ""000001011011"": 1, ""000001101101"": 1, ""000001110011"": 1, ""000001110110"": 1, ""000010000111"": 1, ""000010010000"": 1, ""000010010100"": 1, ""000010101110"": 1, ""000010111000"": 1, ""000011001101"": 1, ""000011101001"": 1, ""000110101100"": 1, ""000110111111"": 1, ""000111101011"": 1, ""001000010110"": 1, ""001111001011"": 1, ""010011000011"": 1, ""011111011111"": 1, ""100011000101"": 1, ""110011001101"": 1, ""111010000111"": 1, ""111110000100"": 1, ""111110101100"": 1, ""111111000101"": 1, ""111111000111"": 1, ""111111100110"": 1, ""111111111001"": 1}"
ising_0.1,2,12,0.36743362306889965,1,42,100,1,8612,8692,483.92578125,1039.6555735000002,0.3124099870362661,000001001011,0.3152012832087733,0.491797498834351,1.258687862419904,-3.289782929384283,8.253681283493309,0.002791296172507174,0.43999999999999995,"{""000000000100"": 1, ""000000001010"": 1, ""000000010111"": 1, ""000000011110"": 1, ""000000100101"": 1, ""000000101010"": 1, ""000000101100"": 1, ""000000110101"": 1, ""000000110110"": 1, ""000000110111"": 2, ""000000111000"": 1, ""000000111001"": 2, ""000000111011"": 1, ""000000111100"": 1, ""000000111110"": 1, ""000001000000"": 2, ""000001000001"": 2, ""000001000011"": 3, ""000001000100"": 3, ""000001000101"": 4, ""000001000110"": 1, ""000001000111"": 2, ""000001001000"": 1, ""000001001001"": 1, ""000001001010"": 2, ""000001001011"": 5, ""000001001100"": 4, ""000001001101"": 3, ""000001001110"": 4, ""000001001111"": 4, ""000001010000"": 3, ""000001010001"": 3, ""000001010010"": 1, ""000001010011"": 2, ""000001010100"": 2, ""000001010110"": 1, ""000001010111"": 1, ""000001011000"": 1, ""000001011111"": 1, ""000001100001"": 1, ""000001100011"": 1, ""000001100110"": 1, ""000001110010"": 1, ""000001110011"": 1, ""000001110100"": 1, ""000001110111"": 1, ""000010010100"": 1, ""000010010101"": 1, ""000010100000"": 1, ""000010101010"": 1, ""000010101100"": 1, ""000010101110"": 1, ""000011001101"": 1, ""000100010011"": 1, ""000110111000"": 1, ""000110111100"": 1, ""001110000001"": 1, ""011110111001"": 2, ""110011101100"": 1, ""111110001000"": 1, ""111110100000"": 1, ""111110111101"": 1, ""111111001111"": 1, ""111111100000"": 1, ""111111110011"": 1}"
ising_0.1,2,12,0.4286219914265361,1,42,100,1,8612,8692,478.171875,1037.341162800003,0.3124099870362661,000001011110,0.3256768306101224,0.40330244001598564,1.3090362720090465,-6.384697426466576,6.975210361089325,0.013266843573856324,0.43999999999999995,"{""000000001010"": 1, ""000000010001"": 1, ""000000100001"": 1, ""000000100100"": 1, ""000000100110"": 2, ""000000101000"": 1, ""000000101011"": 1, ""000000101110"": 1, ""000001000000"": 1, ""000001000101"": 2, ""000001000110"": 1, ""000001000111"": 1, ""000001001001"": 1, ""000001001010"": 1, ""000001001100"": 1, ""000001001110"": 3, ""000001010001"": 2, ""000001010010"": 2, ""000001010011"": 3, ""000001010100"": 1, ""000001010110"": 2, ""000001010111"": 3, ""000001011000"": 4, ""000001011001"": 2, ""000001011010"": 1, ""000001011011"": 3, ""000001011100"": 4, ""000001011101"": 1, ""000001011110"": 4, ""000001011111"": 1, ""000001100000"": 3, ""000001100001"": 1, ""000001100011"": 1, ""000001100101"": 3, ""000001100110"": 1, ""000001100111"": 1, ""000001101010"": 1, ""000001101011"": 1, ""000001101100"": 2, ""000001101111"": 1, ""000001110000"": 1, ""000001110110"": 1, ""000001111010"": 1, ""000010000011"": 1, ""000010001011"": 1, ""000010010001"": 1, ""000010010100"": 1, ""000010100000"": 1, ""000010100010"": 1, ""000010100100"": 1, ""000010100110"": 1, ""000010101001"": 1, ""000010111101"": 1, ""000011000011"": 1, ""000011110000"": 1, ""000100010010"": 1, ""000110011100"": 1, ""000110110010"": 1, ""001001001000"": 1, ""001110100001"": 1, ""001111010111"": 1, ""011001011011"": 1, ""011110011101"": 1, ""100100001000"": 1, ""110000010110"": 1, ""110110100010"": 1, ""111110001000"": 1, ""111110100001"": 1, ""111110100111"": 1, ""111110101110"": 1, ""111111011011"": 1, ""111111101110"": 1}"
ising_0.1,2,12,0.39685026299204973,1,42,100,1,8612,8692,481.26171875,1043.6465284000005,0.3124099870362661,000001001111,0.32662540172975374,0.44421054635246515,0.9927704601322148,-2.9802152039484042,7.726913349796187,0.014215414693487638,0.43999999999999995,"{""000000010100"": 1, ""000000100100"": 1, ""000000101010"": 1, ""000000101110"": 1, ""000000110000"": 1, ""000000110001"": 1, ""000000110011"": 2, ""000000110100"": 1, ""000000111000"": 1, ""000000111001"": 1, ""000000111011"": 2, ""000000111101"": 1, ""000000111110"": 1, ""000001000100"": 2, ""000001000101"": 1, ""000001000111"": 1, ""000001001000"": 3, ""000001001001"": 2, ""000001001010"": 1, ""000001001100"": 1, ""000001001101"": 1, ""000001001110"": 1, ""000001001111"": 5, ""000001010000"": 1, ""000001010001"": 2, ""000001010010"": 1, ""000001010011"": 2, ""000001010100"": 2, ""000001010101"": 2, ""000001010110"": 3, ""000001010111"": 3, ""000001011000"": 2, ""000001011001"": 2, ""000001011010"": 1, ""000001011011"": 2, ""000001011100"": 2, ""000001011110"": 1, ""000001011111"": 1, ""000001100000"": 2, ""000001100011"": 1, ""000001100100"": 1, ""000001100101"": 1, ""000001100110"": 1, ""000001100111"": 1, ""000001101100"": 1, ""000001101110"": 2, ""000001101111"": 1, ""000001110011"": 1, ""000001110101"": 1, ""000001110110"": 1, ""000010000000"": 1, ""000010000010"": 1, ""000010010001"": 1, ""000010010100"": 1, ""000010100100"": 1, ""000010100101"": 1, ""000010101100"": 1, ""000010101111"": 1, ""000010111101"": 1, ""000011001001"": 1, ""000011111111"": 1, ""000100010111"": 1, ""000110111010"": 1, ""001001000000"": 1, ""001110010001"": 1, ""001110011011"": 1, ""011111001111"": 1, ""110011111101"": 1, ""111010101100"": 1, ""111110100011"": 1, ""111110100111"": 1, ""111111010001"": 1, ""111111011010"": 1, ""111111100010"": 1, ""111111110100"": 1, ""111111110101"": 1}"
ising_0.1,2,12,0.46293735614364534,1,42,100,1,8612,8692,486.5,1041.7905207000003,0.3124099870362661,000001100101,0.3181038507320792,0.3885837351599055,1.2761727488287524,-5.908116310992679,6.441602977324604,0.005693863695813095,0.43999999999999995,"{""000000001010"": 1, ""000000010101"": 1, ""000000011110"": 1, ""000000100100"": 1, ""000000100101"": 1, ""000000101111"": 1, ""000000111000"": 1, ""000001000000"": 1, ""000001000011"": 2, ""000001000101"": 1, ""000001001000"": 1, ""000001001100"": 1, ""000001001101"": 1, ""000001001110"": 1, ""000001010010"": 1, ""000001010011"": 3, ""000001010110"": 1, ""000001010111"": 2, ""000001011000"": 1, ""000001011001"": 2, ""000001011010"": 1, ""000001011011"": 3, ""000001011100"": 3, ""000001011101"": 2, ""000001011110"": 3, ""000001100000"": 3, ""000001100001"": 3, ""000001100010"": 1, ""000001100011"": 1, ""000001100100"": 1, ""000001100101"": 3, ""000001100110"": 1, ""000001100111"": 1, ""000001101001"": 1, ""000001101010"": 2, ""000001101011"": 1, ""000001101100"": 1, ""000001101101"": 1, ""000001101110"": 1, ""000001101111"": 3, ""000001110000"": 1, ""000001110010"": 1, ""000001110110"": 1, ""000001111001"": 1, ""000001111100"": 1, ""000010001011"": 1, ""000010010101"": 2, ""000010011000"": 1, ""000010011011"": 1, ""000010011100"": 1, ""000010011101"": 1, ""000010100000"": 1, ""000010100001"": 1, ""000010101111"": 1, ""000010110011"": 1, ""000010111001"": 1, ""000010111100"": 1, ""000011111001"": 1, ""000110011000"": 1, ""000111001111"": 1, ""001001001010"": 1, ""001001011110"": 1, ""001001110101"": 1, ""001110000001"": 1, ""001110101010"": 1, ""011001011110"": 1, ""011110011000"": 1, ""100100001001"": 1, ""101110100010"": 1, ""110000010110"": 1, ""111101111111"": 1, ""111110001000"": 1, ""111110010111"": 1, ""111110100011"": 1, ""111110100100"": 1, ""111111010100"": 1, ""111111010110"": 1, ""111111100100"": 1}"
ising_0.1,2,12,0.5,1,42,100,1,8612,8692,489.5859375,1042.8214386000036,0.3124099870362661,000001110000,0.3144660615165564,0.356711892414927,1.160208872653915,-5.703340569358814,6.14819499784565,0.0020560744802903264,0.43999999999999995,"{""000000001111"": 1, ""000000010001"": 1, ""000000010111"": 1, ""000000011001"": 1, ""000000011100"": 1, ""000000100100"": 1, ""000000100101"": 1, ""000000100110"": 1, ""000000111011"": 1, ""000001001110"": 1, ""000001010001"": 1, ""000001010010"": 1, ""000001010100"": 1, ""000001010110"": 1, ""000001010111"": 3, ""000001011000"": 1, ""000001011011"": 1, ""000001011100"": 3, ""000001011110"": 1, ""000001100000"": 3, ""000001100001"": 2, ""000001100010"": 1, ""000001100100"": 3, ""000001100101"": 2, ""000001100110"": 3, ""000001100111"": 2, ""000001101011"": 2, ""000001101100"": 2, ""000001101101"": 1, ""000001101110"": 1, ""000001101111"": 1, ""000001110000"": 3, ""000001110011"": 2, ""000001110100"": 1, ""000001110111"": 1, ""000001111000"": 1, ""000001111001"": 1, ""000001111011"": 1, ""000001111110"": 1, ""000010000011"": 3, ""000010000110"": 1, ""000010001000"": 1, ""000010001010"": 1, ""000010001100"": 2, ""000010001101"": 1, ""000010010000"": 2, ""000010010100"": 1, ""000010011000"": 1, ""000010011001"": 1, ""000010011101"": 1, ""000010100001"": 1, ""000010100100"": 1, ""000010101001"": 1, ""000010101110"": 1, ""000011000011"": 1, ""000100111000"": 1, ""000110001000"": 1, ""000110010000"": 1, ""000110100010"": 1, ""000111000100"": 1, ""001010011101"": 1, ""001110000001"": 1, ""001110110010"": 1, ""011001101011"": 1, ""011111010100"": 1, ""100010111101"": 1, ""110010010110"": 1, ""110110100010"": 1, ""111001001010"": 1, ""111100011001"": 1, ""111101100111"": 1, ""111110001000"": 1, ""111110100011"": 1, ""111110100101"": 1, ""111110100110"": 1, ""111111011111"": 1, ""111111100100"": 1, ""111111101111"": 1}"
ising_0.1,2,12,0.5400298694461529,1,42,100,1,8612,8692,483.71875,1033.6866960000043,0.3124099870362661,000001010010,0.3167211066022404,0.32899227414055143,0.9707012740301639,-5.084580993883502,5.5873579971893,0.004311119565974297,0.43999999999999995,"{""000000000011"": 1, ""000000001010"": 1, ""000000010000"": 1, ""000000011111"": 1, ""000000100000"": 1, ""000000101010"": 1, ""000000111000"": 1, ""000000111001"": 1, ""000000111100"": 1, ""000001000000"": 1, ""000001001000"": 1, ""000001010010"": 3, ""000001010101"": 1, ""000001010110"": 1, ""000001010111"": 1, ""000001011000"": 1, ""000001011011"": 1, ""000001011100"": 1, ""000001011110"": 1, ""000001100000"": 1, ""000001100001"": 1, ""000001100011"": 1, ""000001100101"": 2, ""000001100110"": 2, ""000001100111"": 1, ""000001101001"": 1, ""000001101010"": 1, ""000001101100"": 2, ""000001101101"": 1, ""000001101110"": 1, ""000001101111"": 3, ""000001110000"": 2, ""000001110010"": 1, ""000001110011"": 1, ""000001110100"": 1, ""000001110110"": 2, ""000001111000"": 1, ""000001111001"": 1, ""000001111010"": 1, ""000001111110"": 1, ""000010000001"": 2, ""000010000011"": 1, ""000010000100"": 1, ""000010000101"": 1, ""000010000110"": 1, ""000010001100"": 1, ""000010001101"": 1, ""000010010000"": 2, ""000010010011"": 2, ""000010010100"": 1, ""000010010110"": 2, ""000010010111"": 1, ""000010011011"": 1, ""000010011100"": 1, ""000010100000"": 1, ""000010101000"": 1, ""000010110001"": 1, ""000010110100"": 1, ""000010111010"": 1, ""000011000001"": 1, ""000011000010"": 1, ""000011001000"": 1, ""000011111101"": 1, ""000100000110"": 1, ""000101100110"": 1, ""000101101111"": 1, ""000110010101"": 1, ""000110100000"": 1, ""000110100010"": 1, ""001000001111"": 1, ""001000010011"": 1, ""001000010100"": 1, ""001001011101"": 1, ""001110010001"": 1, ""011110101111"": 1, ""100100000010"": 1, ""101110000011"": 1, ""110110100010"": 1, ""111100001010"": 1, ""111101111111"": 1, ""111110000011"": 1, ""111110001110"": 1, ""111110010110"": 1, ""111111001110"": 1, ""111111100001"": 1, ""111111100011"": 1, ""111111111110"": 1}"
ising_0.1,2,12,0.629960524947436,1,42,100,1,8612,8692,483.3359375,1041.1973728000012,0.3124099870362661,000001111000,0.29220512596664117,0.2440886818908009,1.0810826325815688,-4.110352105264086,4.689892271764591,0.020204861069624935,0.43999999999999995,"{""000000000000"": 1, ""000000000101"": 1, ""000000001010"": 2, ""000000011110"": 1, ""000000100000"": 1, ""000000101100"": 1, ""000001000000"": 1, ""000001000010"": 1, ""000001000101"": 1, ""000001001110"": 1, ""000001010010"": 1, ""000001011011"": 1, ""000001011110"": 1, ""000001100100"": 1, ""000001101000"": 1, ""000001101001"": 1, ""000001101100"": 1, ""000001101110"": 3, ""000001101111"": 1, ""000001110000"": 1, ""000001110010"": 1, ""000001110011"": 1, ""000001110110"": 2, ""000001110111"": 1, ""000001111000"": 3, ""000001111010"": 1, ""000001111011"": 1, ""000001111100"": 3, ""000001111110"": 2, ""000010000000"": 2, ""000010000001"": 1, ""000010000011"": 1, ""000010000100"": 1, ""000010000111"": 1, ""000010001001"": 2, ""000010001010"": 2, ""000010001011"": 2, ""000010001100"": 2, ""000010001110"": 1, ""000010001111"": 1, ""000010010001"": 1, ""000010010100"": 1, ""000010100000"": 1, ""000010101000"": 1, ""000010101011"": 1, ""000010110010"": 1, ""000010111010"": 2, ""000011000011"": 1, ""000011000100"": 1, ""000011010010"": 1, ""000011111001"": 1, ""000011111110"": 1, ""000100001100"": 1, ""000100010001"": 1, ""000101101110"": 1, ""000110111000"": 1, ""001000001000"": 1, ""001000010001"": 1, ""001000010110"": 1, ""001000011001"": 1, ""001001110101"": 1, ""001110000001"": 1, ""010001100111"": 1, ""011101110100"": 1, ""011110000110"": 1, ""100101101000"": 1, ""101001011100"": 1, ""101101110010"": 1, ""110011111001"": 1, ""110110001101"": 1, ""110111000000"": 1, ""111010101011"": 1, ""111011111000"": 1, ""111100000001"": 1, ""111101101110"": 1, ""111110000000"": 1, ""111110001010"": 1, ""111110001111"": 1, ""111110010011"": 1, ""111111000000"": 1, ""111111001011"": 1, ""111111010100"": 1, ""111111010110"": 1, ""111111100010"": 1, ""111111100101"": 1}"
ising_0.1,2,12,0.5832645197880579,1,42,100,1,8612,8692,476.0078125,1042.5591237000044,0.3124099870362661,000001100111,0.3103390088536151,0.3309581430011773,0.8923050581932751,-3.7977078710561027,5.065363822475107,0.0020709781826510065,0.43999999999999995,"{""000000000000"": 1, ""000000001010"": 1, ""000000010001"": 1, ""000000101011"": 1, ""000000110110"": 1, ""000000111000"": 1, ""000001000101"": 1, ""000001001010"": 1, ""000001001110"": 1, ""000001010000"": 1, ""000001011000"": 1, ""000001011101"": 1, ""000001011111"": 2, ""000001100100"": 1, ""000001100111"": 3, ""000001101001"": 1, ""000001101010"": 1, ""000001101100"": 2, ""000001101110"": 1, ""000001101111"": 1, ""000001110000"": 1, ""000001110011"": 2, ""000001110100"": 2, ""000001110101"": 1, ""000001110110"": 2, ""000001110111"": 1, ""000001111000"": 1, ""000001111010"": 2, ""000001111011"": 1, ""000001111100"": 2, ""000001111111"": 1, ""000010000000"": 1, ""000010000001"": 1, ""000010000010"": 1, ""000010000011"": 2, ""000010000100"": 1, ""000010000101"": 2, ""000010000111"": 1, ""000010001001"": 1, ""000010001011"": 1, ""000010001100"": 1, ""000010001101"": 1, ""000010010000"": 1, ""000010010001"": 1, ""000010010100"": 2, ""000010010111"": 1, ""000010011010"": 1, ""000010011011"": 1, ""000010100101"": 1, ""000010110001"": 2, ""000010111110"": 1, ""000011000010"": 1, ""000011001001"": 1, ""000011001100"": 1, ""000011001101"": 1, ""000011010110"": 1, ""000011111000"": 1, ""000011111001"": 1, ""000011111101"": 1, ""000100001110"": 1, ""000101110011"": 1, ""000110110001"": 1, ""001000000010"": 1, ""001000010110"": 1, ""001001000010"": 1, ""001001111101"": 1, ""011101110101"": 1, ""011110000110"": 1, ""101001011100"": 1, ""110111000000"": 1, ""111100100001"": 1, ""111101101110"": 1, ""111101101111"": 1, ""111110000001"": 1, ""111110001010"": 1, ""111110001110"": 1, ""111110001111"": 1, ""111110010001"": 1, ""111110010011"": 1, ""111110010101"": 1, ""111110100011"": 1, ""111110100101"": 1, ""111111001100"": 1, ""111111001111"": 1, ""111111100010"": 1, ""111111110010"": 1, ""111111111100"": 1}"
ising_0.1,2,12,0.7348672461377993,1,42,100,1,8612,8692,492.43359375,1039.9828332999896,0.3124099870362661,000001101100,0.3047641546257014,0.3712277894427036,0.845255131629662,-3.0142427347911833,3.9765459901504183,0.007645832410564712,0.43999999999999995,"{""000000010001"": 1, ""000000100100"": 1, ""000000101010"": 1, ""000000101011"": 1, ""000000111100"": 1, ""000001000010"": 1, ""000001000100"": 1, ""000001000110"": 1, ""000001011000"": 2, ""000001100010"": 1, ""000001100100"": 1, ""000001101010"": 1, ""000001101100"": 2, ""000001101110"": 1, ""000001101111"": 1, ""000001110011"": 1, ""000001110100"": 2, ""000001111000"": 1, ""000001111010"": 2, ""000001111011"": 1, ""000001111100"": 1, ""000001111111"": 1, ""000010000000"": 1, ""000010000011"": 1, ""000010000100"": 1, ""000010000101"": 2, ""000010000110"": 1, ""000010001011"": 1, ""000010001100"": 1, ""000010001101"": 2, ""000010010000"": 1, ""000010010100"": 1, ""000010010101"": 1, ""000010010110"": 1, ""000010011100"": 1, ""000010100000"": 2, ""000010100001"": 2, ""000010100011"": 1, ""000010100101"": 1, ""000010100110"": 1, ""000010100111"": 2, ""000010101001"": 1, ""000010101010"": 1, ""000010101011"": 1, ""000010101100"": 2, ""000010110000"": 2, ""000010110111"": 1, ""000010111001"": 1, ""000011000000"": 1, ""000011000010"": 1, ""000011000110"": 1, ""000011010111"": 1, ""000011100010"": 1, ""000011101001"": 1, ""000011111100"": 1, ""000100000000"": 1, ""000100000011"": 1, ""000100010101"": 1, ""000100011000"": 1, ""000100110011"": 1, ""000101011011"": 1, ""000101100011"": 1, ""000101111110"": 1, ""000110011001"": 1, ""000111000111"": 1, ""001000000110"": 1, ""001000010011"": 1, ""001000100100"": 1, ""001001010100"": 1, ""001100110001"": 1, ""001110000001"": 1, ""001110001011"": 1, ""001110101101"": 1, ""010010100111"": 1, ""011010011111"": 1, ""011101110001"": 1, ""101001011100"": 1, ""101111101001"": 1, ""110011111101"": 1, ""110100011110"": 1, ""111010100011"": 1, ""111100101010"": 1, ""111101100001"": 1, ""111101110111"": 1, ""111110010111"": 1, ""111110101110"": 1, ""111111010111"": 1, ""111111100010"": 1, ""111111100011"": 1}"
ising_0.1,2,12,0.6803950000871886,1,42,100,1,8612,8692,494.203125,1044.9201261999988,0.3124099870362661,000001111110,0.3021089595754458,0.3205962242658836,0.7203614303639857,-3.255562221096595,3.9679982750207814,0.010301027460820289,0.43999999999999995,"{""000000001110"": 1, ""000000010101"": 1, ""000000011111"": 1, ""000000100000"": 1, ""000000101010"": 2, ""000000110001"": 1, ""000001000000"": 1, ""000001000010"": 1, ""000001001111"": 1, ""000001011011"": 1, ""000001011110"": 1, ""000001100111"": 1, ""000001101100"": 3, ""000001101111"": 1, ""000001110000"": 1, ""000001110010"": 1, ""000001110110"": 2, ""000001110111"": 1, ""000001111000"": 1, ""000001111010"": 1, ""000001111011"": 1, ""000001111100"": 3, ""000001111110"": 4, ""000001111111"": 1, ""000010000000"": 1, ""000010000010"": 1, ""000010000011"": 2, ""000010000100"": 1, ""000010000101"": 1, ""000010000111"": 1, ""000010001000"": 2, ""000010001011"": 1, ""000010001110"": 2, ""000010010000"": 2, ""000010010011"": 2, ""000010010100"": 1, ""000010010111"": 1, ""000010011001"": 3, ""000010011110"": 1, ""000010100101"": 1, ""000010100110"": 1, ""000010101001"": 1, ""000010101100"": 1, ""000010101101"": 1, ""000010101110"": 2, ""000010110001"": 1, ""000010110011"": 1, ""000010111010"": 2, ""000010111100"": 1, ""000011000010"": 1, ""000011001000"": 1, ""000011001100"": 1, ""000011101011"": 1, ""000011110000"": 1, ""000011111101"": 1, ""000100000000"": 1, ""000100001000"": 1, ""000100010101"": 1, ""000100011000"": 1, ""000101010010"": 1, ""000101010110"": 1, ""000101100011"": 1, ""000110110000"": 1, ""000111000110"": 1, ""001000001010"": 1, ""001000010011"": 1, ""001000100101"": 1, ""001010110101"": 1, ""001110000001"": 1, ""001110100101"": 1, ""011011100000"": 1, ""101001011100"": 1, ""110011111000"": 1, ""110110100000"": 1, ""111000000110"": 1, ""111010100011"": 1, ""111100000010"": 1, ""111110001111"": 1, ""111110010011"": 1, ""111110101101"": 1, ""111111001111"": 1, ""111111100000"": 1}"
ising_0.1,2,12,0.7937005259840995,1,42,100,1,8612,8692,482.76171875,1035.0715665000025,0.3124099870362661,000010100001,0.27444264524038486,0.2210809449932931,0.6447870535314302,-2.7908111248388425,2.62653207663157,0.03796734179588124,0.43999999999999995,"{""000000010111"": 1, ""000000011100"": 1, ""000000011110"": 1, ""000000100001"": 1, ""000000101010"": 1, ""000000101110"": 1, ""000001000010"": 1, ""000001010000"": 2, ""000001011101"": 1, ""000001100000"": 1, ""000001101001"": 2, ""000001101100"": 1, ""000001101110"": 1, ""000001110110"": 2, ""000001111100"": 2, ""000001111110"": 2, ""000001111111"": 1, ""000010000000"": 2, ""000010000010"": 1, ""000010000011"": 2, ""000010000100"": 1, ""000010000101"": 1, ""000010000110"": 1, ""000010001010"": 1, ""000010001110"": 2, ""000010011000"": 1, ""000010011011"": 1, ""000010100001"": 4, ""000010100111"": 1, ""000010101011"": 1, ""000010101110"": 4, ""000010101111"": 1, ""000010110000"": 2, ""000010110111"": 1, ""000010111001"": 1, ""000011000000"": 2, ""000011000011"": 1, ""000011000100"": 1, ""000011000111"": 1, ""000011010000"": 1, ""000011010011"": 1, ""000011011101"": 1, ""000011100011"": 1, ""000011100100"": 1, ""000011100110"": 1, ""000011101101"": 2, ""000011110110"": 1, ""000011111000"": 1, ""000100000111"": 1, ""000100001111"": 1, ""000100010001"": 1, ""000100010011"": 1, ""000100011010"": 1, ""000100101000"": 1, ""000101010001"": 1, ""000101011010"": 1, ""000101100011"": 1, ""000110100001"": 1, ""000111000111"": 1, ""001000000111"": 1, ""001000100100"": 1, ""001001000010"": 1, ""001001010101"": 1, ""010010100110"": 1, ""010101001111"": 1, ""101001011100"": 1, ""101110100011"": 1, ""110011011110"": 1, ""110110100100"": 1, ""111001000110"": 1, ""111001001010"": 1, ""111011100100"": 1, ""111100111111"": 1, ""111101001001"": 1, ""111101001010"": 1, ""111101100001"": 1, ""111101101110"": 1, ""111101110011"": 1, ""111101111000"": 1, ""111110110011"": 1, ""111111010111"": 1, ""111111100010"": 1, ""111111100101"": 1}"
ising_0.1,2,12,0.8572439828530722,1,42,100,1,8612,8692,483.52734375,1040.1378508000053,0.3124099870362661,000011010010,0.312256082095969,0.26426348540935646,0.5748210460137363,-1.9415349517141913,2.131214864047559,0.00015390494029710045,0.43999999999999995,"{""000000000110"": 1, ""000000000111"": 1, ""000000100000"": 1, ""000000101010"": 2, ""000000110001"": 1, ""000000110100"": 1, ""000000110101"": 1, ""000000111100"": 1, ""000001000000"": 1, ""000001010010"": 1, ""000001011010"": 1, ""000001100001"": 1, ""000001101010"": 1, ""000001101011"": 1, ""000001101110"": 1, ""000001110110"": 1, ""000001111010"": 1, ""000010000101"": 1, ""000010001010"": 1, ""000010001100"": 1, ""000010010010"": 1, ""000010010100"": 1, ""000010011100"": 1, ""000010011101"": 2, ""000010011110"": 1, ""000010100000"": 1, ""000010100001"": 2, ""000010100011"": 1, ""000010100101"": 1, ""000010101110"": 1, ""000010101111"": 2, ""000010110000"": 1, ""000010110101"": 1, ""000010111000"": 2, ""000010111010"": 1, ""000010111100"": 1, ""000010111110"": 1, ""000011000000"": 1, ""000011000001"": 1, ""000011000010"": 1, ""000011000011"": 2, ""000011000111"": 2, ""000011001000"": 1, ""000011001001"": 1, ""000011001101"": 1, ""000011001111"": 1, ""000011010010"": 2, ""000011010101"": 2, ""000011010111"": 1, ""000011100101"": 1, ""000011100110"": 1, ""000011101100"": 1, ""000011101101"": 1, ""000011101110"": 1, ""000011110010"": 1, ""000011111110"": 2, ""000011111111"": 1, ""000100010000"": 1, ""000100011100"": 1, ""000100111111"": 1, ""000101011011"": 1, ""000110101101"": 1, ""000111010111"": 1, ""001000010110"": 1, ""001000110100"": 1, ""001001010101"": 1, ""001001011010"": 1, ""001001011100"": 1, ""001100100001"": 1, ""001110001011"": 1, ""001110010001"": 1, ""001110101101"": 1, ""010010100111"": 1, ""101111000011"": 1, ""110011110001"": 1, ""110100011100"": 1, ""110110100000"": 1, ""111000011100"": 1, ""111001100110"": 1, ""111100000011"": 1, ""111100110011"": 1, ""111100111110"": 1, ""111101000001"": 1, ""111101001011"": 1, ""111101100001"": 1, ""111110000010"": 1, ""111110111110"": 1, ""111111000001"": 1, ""111111010110"": 1, ""111111100011"": 1}"
ising_0.1,2,12,0.9258747122872896,1,42,100,1,8612,8692,485.80859375,1041.1003236000106,0.3124099870362661,000010111000,0.3181038507320796,0.31450861450245143,0.7653770782964571,-3.3815102049175754,2.8795025654810122,0.005693863695813484,0.43999999999999995,"{""000000000110"": 1, ""000000010111"": 1, ""000000100001"": 1, ""000000100110"": 1, ""000000101010"": 1, ""000000110100"": 1, ""000000110110"": 1, ""000001000000"": 1, ""000001100001"": 1, ""000001101110"": 1, ""000001110000"": 1, ""000001110100"": 1, ""000001111010"": 1, ""000010000000"": 1, ""000010001010"": 2, ""000010001011"": 1, ""000010001100"": 1, ""000010010001"": 2, ""000010011001"": 1, ""000010011101"": 2, ""000010011110"": 1, ""000010100100"": 2, ""000010101010"": 1, ""000010101100"": 2, ""000010101111"": 1, ""000010111000"": 4, ""000010111111"": 1, ""000011000001"": 1, ""000011000011"": 1, ""000011000100"": 1, ""000011000111"": 1, ""000011001000"": 1, ""000011001001"": 1, ""000011001100"": 1, ""000011010000"": 1, ""000011010010"": 1, ""000011010011"": 2, ""000011010110"": 2, ""000011011100"": 2, ""000011100001"": 1, ""000011100110"": 1, ""000011101101"": 1, ""000011101111"": 2, ""000011110000"": 2, ""000011110111"": 1, ""000011111000"": 1, ""000011111100"": 1, ""000011111111"": 1, ""000100010101"": 1, ""000100011010"": 1, ""000100100011"": 1, ""000100100111"": 1, ""000100111011"": 1, ""000100111110"": 1, ""000101101111"": 1, ""000110111110"": 1, ""000111001111"": 1, ""000111100010"": 1, ""001000011100"": 1, ""001000011110"": 1, ""001000101010"": 1, ""001001000101"": 1, ""001001001100"": 1, ""001010110101"": 1, ""001100010111"": 1, ""001100011001"": 1, ""001100100101"": 1, ""001100110111"": 1, ""001101001011"": 1, ""010010100111"": 1, ""011010000100"": 1, ""011011001010"": 1, ""100000000111"": 1, ""100010001001"": 1, ""110100011111"": 1, ""111001100110"": 1, ""111011010010"": 1, ""111011110011"": 1, ""111100001001"": 1, ""111100010011"": 1, ""111100110011"": 1, ""111101000001"": 1, ""111101100001"": 1, ""111111001001"": 1, ""111111001111"": 1, ""111111100010"": 1, ""111111101101"": 1}"
ising_0.1,2,12,1.0,1,42,100,1,8612,8692,486.140625,1041.3779307000077,0.3124099870362661,000011001100,0.2937573208801003,0.2738922696769812,0.6368826955331474,-2.9329712664373457,2.5602139349811353,0.018652666156165787,0.43999999999999995,"{""000000000100"": 1, ""000000000110"": 1, ""000000001100"": 1, ""000000010111"": 1, ""000000100000"": 1, ""000000100010"": 1, ""000001001000"": 1, ""000001010010"": 1, ""000001101101"": 1, ""000001110000"": 1, ""000001111010"": 1, ""000010000001"": 1, ""000010000100"": 1, ""000010000111"": 2, ""000010001010"": 1, ""000010001011"": 2, ""000010010110"": 1, ""000010011101"": 1, ""000010100100"": 1, ""000010100111"": 1, ""000010101001"": 1, ""000010110000"": 1, ""000010110011"": 2, ""000010110111"": 1, ""000010111000"": 1, ""000010111100"": 2, ""000010111101"": 1, ""000010111111"": 1, ""000011000000"": 1, ""000011000011"": 1, ""000011001001"": 1, ""000011001100"": 2, ""000011001101"": 1, ""000011001110"": 2, ""000011001111"": 1, ""000011010000"": 1, ""000011010101"": 1, ""000011011100"": 1, ""000011100010"": 1, ""000011100110"": 1, ""000011101001"": 1, ""000011101100"": 1, ""000011101110"": 1, ""000011110011"": 2, ""000011110100"": 2, ""000011110101"": 1, ""000011110111"": 1, ""000011111000"": 1, ""000100010101"": 2, ""000100011000"": 1, ""000100110100"": 1, ""000100111011"": 1, ""000101100110"": 1, ""000101110100"": 1, ""000101111100"": 1, ""000110101101"": 1, ""000110110001"": 1, ""000111000100"": 1, ""000111000110"": 1, ""000111111100"": 1, ""001000101010"": 2, ""001001000101"": 1, ""001001001100"": 1, ""001011110101"": 1, ""001011111100"": 1, ""001100010011"": 2, ""001100010101"": 2, ""001101001000"": 1, ""010010101110"": 1, ""011010000101"": 1, ""100010001000"": 1, ""101101010010"": 1, ""110100010110"": 1, ""110110100000"": 1, ""111001100110"": 1, ""111010100011"": 1, ""111010101101"": 1, ""111011001011"": 1, ""111100011001"": 1, ""111101001001"": 1, ""111101011011"": 1, ""111101011110"": 1, ""111101100001"": 1, ""111110010110"": 1, ""111111010111"": 1, ""111111011001"": 1, ""111111100000"": 1, ""111111110011"": 1}"
ising_0.1,2,12,1.0800597388923059,1,42,100,1,8612,8692,481.9296875,1043.9513116999879,0.3124099870362661,000100010001,0.3280832987673432,0.30758874464953906,0.6056253901935548,-2.7610126961199795,2.4982620023019773,0.01567331173107711,0.43999999999999995,"{""000000000100"": 1, ""000000100001"": 1, ""000000100101"": 1, ""000000101011"": 1, ""000000101111"": 1, ""000001010010"": 1, ""000001100100"": 1, ""000001101100"": 1, ""000001110000"": 1, ""000001110100"": 1, ""000001111001"": 1, ""000001111010"": 1, ""000010000100"": 1, ""000010010101"": 1, ""000010011101"": 2, ""000010100100"": 1, ""000010101010"": 1, ""000010101100"": 1, ""000010110001"": 1, ""000010111010"": 1, ""000010111110"": 1, ""000011000011"": 1, ""000011000100"": 1, ""000011000111"": 1, ""000011001110"": 1, ""000011001111"": 2, ""000011010110"": 1, ""000011011000"": 1, ""000011011110"": 1, ""000011100100"": 1, ""000011100110"": 2, ""000011101000"": 1, ""000011101010"": 1, ""000011101101"": 1, ""000011101110"": 2, ""000011110010"": 1, ""000011110100"": 1, ""000011111001"": 2, ""000011111010"": 1, ""000011111110"": 1, ""000100000111"": 1, ""000100001010"": 1, ""000100001111"": 1, ""000100010001"": 2, ""000100010010"": 1, ""000100010101"": 1, ""000100011000"": 1, ""000100011110"": 1, ""000100100011"": 1, ""000100101000"": 1, ""000100110110"": 1, ""000100111001"": 1, ""000101000110"": 1, ""000101010000"": 1, ""000101011011"": 1, ""000110001011"": 1, ""000110101101"": 1, ""000110110000"": 1, ""000111000110"": 1, ""000111100100"": 1, ""001000000001"": 1, ""001000000011"": 1, ""001000001010"": 1, ""001000001011"": 1, ""001000011001"": 1, ""001000101010"": 1, ""001001000101"": 1, ""001001001100"": 1, ""001011001001"": 1, ""001011110101"": 1, ""001100000111"": 1, ""001100010000"": 1, ""001100011111"": 1, ""001100100001"": 1, ""001100111000"": 1, ""010000000001"": 1, ""010010101110"": 1, ""011011011111"": 1, ""100001101000"": 1, ""101100111000"": 1, ""110100010110"": 1, ""111001011110"": 1, ""111010101011"": 1, ""111011100010"": 1, ""111011100011"": 1, ""111011100100"": 1, ""111100010000"": 1, ""111100110010"": 1, ""111100110110"": 1, ""111101000010"": 1, ""111101100000"": 1, ""111110001110"": 1, ""111110001111"": 1, ""111111100010"": 1}"
ising_0.1,2,12,1.1665290395761159,1,42,100,1,8612,8692,482.19921875,1041.6092074000044,0.3124099870362661,000011101100,0.313626498354183,0.283776093689026,0.7287624952100021,-2.544516873439598,2.360417461407793,0.0012165113179168907,0.43999999999999995,"{""000000000110"": 1, ""000000010000"": 1, ""000000010011"": 1, ""000000101000"": 1, ""000001000000"": 1, ""000001001111"": 1, ""000001100100"": 1, ""000001110000"": 1, ""000001110100"": 1, ""000001111000"": 1, ""000001111001"": 1, ""000010000001"": 1, ""000010001011"": 1, ""000010010000"": 1, ""000010011101"": 2, ""000010100010"": 1, ""000010101011"": 1, ""000010101101"": 1, ""000010111000"": 1, ""000011001110"": 2, ""000011010010"": 1, ""000011010111"": 1, ""000011011111"": 1, ""000011101000"": 1, ""000011101001"": 1, ""000011101100"": 3, ""000011101110"": 2, ""000011101111"": 1, ""000011110000"": 1, ""000011110110"": 1, ""000011110111"": 1, ""000011111000"": 2, ""000011111010"": 1, ""000011111101"": 1, ""000011111111"": 1, ""000100000000"": 2, ""000100000001"": 1, ""000100000011"": 1, ""000100000111"": 1, ""000100001001"": 1, ""000100010101"": 2, ""000100010111"": 1, ""000100011001"": 1, ""000100011011"": 1, ""000100100000"": 1, ""000100100011"": 2, ""000100101011"": 1, ""000100111000"": 1, ""000101000100"": 1, ""000101110011"": 1, ""000110100100"": 1, ""000110110000"": 1, ""000111000110"": 1, ""000111010011"": 1, ""001000000000"": 1, ""001000000110"": 1, ""001000001011"": 1, ""001000001111"": 1, ""001000010101"": 1, ""001000111010"": 1, ""001001000011"": 1, ""001001000101"": 1, ""001011101101"": 1, ""001011110000"": 1, ""001100100000"": 1, ""001100110110"": 1, ""001101010111"": 1, ""010000000100"": 1, ""010010101110"": 1, ""011010000011"": 1, ""011010101100"": 1, ""011011110001"": 1, ""011100000011"": 1, ""100001110001"": 1, ""100100001010"": 1, ""101011011100"": 1, ""101111101101"": 1, ""110100011110"": 1, ""111001110110"": 1, ""111001111010"": 1, ""111010001011"": 1, ""111010001111"": 1, ""111010110000"": 1, ""111011111110"": 1, ""111100011000"": 1, ""111100011110"": 1, ""111101011010"": 1, ""111101100001"": 1, ""111110001111"": 1, ""111110010111"": 1, ""111111100111"": 1}"
ising_0.1,2,12,1.259921049894872,1,42,100,1,8612,8692,492.53125,1035.8691695000016,0.3124099870362661,000001000000,0.36647392881649576,0.40396141143529946,0.6601481940647254,-2.3315534009421577,2.080744001154124,0.05406394178022966,0.43999999999999995,"{""000001000000"": 2, ""000001001111"": 1, ""000001100101"": 1, ""000001111000"": 1, ""000010000011"": 1, ""000010001111"": 1, ""000010100011"": 1, ""000010101100"": 1, ""000010110010"": 1, ""000010111100"": 1, ""000011000010"": 1, ""000011000100"": 1, ""000011001001"": 1, ""000011001101"": 1, ""000011010010"": 1, ""000011011110"": 1, ""000011100111"": 1, ""000011101000"": 1, ""000011101011"": 1, ""000011101111"": 1, ""000011110000"": 1, ""000011110101"": 1, ""000011110111"": 1, ""000011111000"": 1, ""000011111001"": 1, ""000011111100"": 1, ""000100000100"": 1, ""000100010000"": 1, ""000100010110"": 1, ""000100011011"": 1, ""000100011100"": 1, ""000100100000"": 1, ""000100100001"": 1, ""000100101010"": 1, ""000100101100"": 1, ""000100101110"": 1, ""000100110110"": 1, ""000100111010"": 1, ""000100111011"": 1, ""000100111100"": 1, ""000100111110"": 1, ""000101000000"": 1, ""000101010001"": 1, ""000101011110"": 1, ""000101100000"": 1, ""000101100011"": 1, ""000101110010"": 1, ""000101110101"": 1, ""000101111100"": 1, ""000110000001"": 1, ""000110001001"": 1, ""000110001011"": 1, ""000110001111"": 1, ""000110100010"": 1, ""000110100101"": 1, ""000111100101"": 1, ""000111110011"": 1, ""001000000001"": 1, ""001000000111"": 1, ""001000001000"": 1, ""001000001010"": 1, ""001000001011"": 2, ""001000010000"": 1, ""001000010101"": 1, ""001000010111"": 1, ""001000011000"": 1, ""001000101010"": 1, ""001000111110"": 1, ""001001011101"": 1, ""001001111101"": 1, ""001011111001"": 1, ""001100000001"": 1, ""001100000011"": 1, ""001100100100"": 1, ""001100110010"": 1, ""001111111001"": 1, ""010000010111"": 1, ""010011100111"": 1, ""010111010011"": 1, ""011000001010"": 1, ""011001100100"": 1, ""011010000101"": 1, ""011010000110"": 1, ""011010101101"": 1, ""100010000101"": 1, ""100100001010"": 1, ""110011100000"": 1, ""110100110110"": 1, ""110111100011"": 1, ""111010110011"": 1, ""111011111100"": 1, ""111101001111"": 1, ""111101010111"": 1, ""111101110001"": 1, ""111110100110"": 1, ""111110110001"": 1, ""111111000010"": 1, ""111111001111"": 1}"
ising_0.1,2,12,1.3607900001743771,1,42,100,1,8612,8692,487.28125,1034.9682505000092,0.3124099870362661,000100110100,0.34438166847126384,0.38127728879553374,0.6937016757844275,-2.163235423228659,2.2906171860347238,0.031971681434997734,0.43999999999999995,"{""000000000001"": 1, ""000000100011"": 1, ""000001000100"": 1, ""000001011011"": 1, ""000001100000"": 1, ""000001110000"": 1, ""000010011100"": 1, ""000010100000"": 1, ""000010101001"": 1, ""000011000011"": 1, ""000011000100"": 1, ""000011000111"": 1, ""000011001011"": 1, ""000011001101"": 2, ""000011010010"": 1, ""000011011100"": 1, ""000011011110"": 1, ""000011101111"": 1, ""000011110000"": 1, ""000011111000"": 1, ""000011111001"": 1, ""000011111110"": 1, ""000011111111"": 1, ""000100010000"": 1, ""000100010011"": 1, ""000100010101"": 2, ""000100011001"": 1, ""000100011110"": 1, ""000100011111"": 1, ""000100101000"": 1, ""000100101111"": 1, ""000100110100"": 2, ""000100111100"": 1, ""000101010001"": 1, ""000101011110"": 1, ""000101100010"": 1, ""000101100111"": 1, ""000101110100"": 1, ""000101111100"": 1, ""000101111111"": 1, ""000110010001"": 1, ""000110010110"": 1, ""000110100011"": 1, ""000110100100"": 1, ""000110100111"": 1, ""000111000110"": 1, ""000111100011"": 1, ""000111101101"": 1, ""000111110010"": 1, ""001000000001"": 1, ""001000000111"": 1, ""001000001010"": 2, ""001000001011"": 2, ""001000010101"": 2, ""001000010111"": 1, ""001000011000"": 1, ""001001010010"": 1, ""001001111011"": 1, ""001001111110"": 1, ""001010000011"": 1, ""001010111110"": 1, ""001011000010"": 1, ""001100010100"": 1, ""001100011101"": 1, ""001101010001"": 1, ""001101101100"": 1, ""001110110111"": 1, ""010000010111"": 1, ""010001100001"": 1, ""010010000011"": 1, ""010110111000"": 1, ""011001100110"": 1, ""011010001011"": 1, ""011010101101"": 1, ""011011101111"": 1, ""011100100110"": 1, ""011111110000"": 1, ""100010000001"": 1, ""100100101010"": 1, ""101011011100"": 1, ""110011000101"": 1, ""110100110110"": 1, ""111001110011"": 1, ""111010000111"": 1, ""111010101010"": 1, ""111010111000"": 1, ""111011011101"": 1, ""111011110010"": 1, ""111011111000"": 1, ""111101001011"": 1, ""111101100000"": 1, ""111110100011"": 1, ""111111001100"": 1, ""111111100110"": 1}"
ising_0.1,2,12,1.4697344922755986,1,42,100,1,8612,8692,481.2109375,1035.730202900013,0.3124099870362661,000011101111,0.3245946989335381,0.29066359390997115,0.6408470351689649,-1.8525903234952736,2.0634203208733273,0.012184711897271994,0.43999999999999995,"{""000000100011"": 1, ""000000110101"": 1, ""000000110110"": 1, ""000001100000"": 1, ""000001101101"": 1, ""000001111001"": 1, ""000010000110"": 1, ""000010011100"": 1, ""000010100100"": 1, ""000011000000"": 1, ""000011000011"": 1, ""000011000101"": 1, ""000011010111"": 1, ""000011100000"": 1, ""000011100100"": 1, ""000011101100"": 1, ""000011101111"": 2, ""000011110010"": 1, ""000011111100"": 1, ""000011111110"": 1, ""000100001011"": 1, ""000100011000"": 1, ""000100110000"": 1, ""000100111110"": 1, ""000101000101"": 1, ""000101010011"": 1, ""000101010110"": 1, ""000101011000"": 1, ""000101011110"": 1, ""000101110100"": 1, ""000101110110"": 1, ""000101111110"": 1, ""000101111111"": 1, ""000110000101"": 1, ""000110010001"": 1, ""000110100111"": 1, ""000110101010"": 1, ""000110110000"": 1, ""000110110110"": 1, ""000111000100"": 1, ""000111000110"": 1, ""000111000111"": 1, ""000111010101"": 1, ""000111100010"": 1, ""000111100100"": 1, ""000111101101"": 1, ""000111111111"": 1, ""001000000011"": 1, ""001000001010"": 2, ""001000001100"": 1, ""001000011000"": 1, ""001000111100"": 1, ""001000111110"": 1, ""001001001100"": 1, ""001001010101"": 1, ""001001011100"": 1, ""001010001011"": 1, ""001010110101"": 1, ""001011000010"": 1, ""001100010011"": 1, ""001100011001"": 1, ""001101101100"": 1, ""001110110010"": 1, ""001111000110"": 1, ""010000000111"": 1, ""010000011111"": 1, ""011010000011"": 1, ""011010001011"": 1, ""011011000110"": 1, ""011100100110"": 1, ""011110100011"": 1, ""011110111001"": 1, ""100100010001"": 1, ""101010001011"": 1, ""110000001110"": 1, ""110000100001"": 1, ""110010000101"": 1, ""110110001001"": 1, ""110111100111"": 1, ""111001100110"": 1, ""111001101010"": 1, ""111001110111"": 1, ""111010000111"": 1, ""111010101011"": 1, ""111011101001"": 1, ""111011101100"": 1, ""111011111000"": 1, ""111011111001"": 1, ""111100010100"": 1, ""111100010101"": 1, ""111101100001"": 1, ""111101100100"": 1, ""111110011101"": 1, ""111110101100"": 1, ""111111000111"": 1, ""111111001100"": 1, ""111111011010"": 1, ""111111110010"": 1}"
ising_0.1,2,12,1.587401051968199,1,42,100,1,8612,8692,485.78515625,1033.8390000999934,0.3124099870362661,001001011010,0.33725522249610673,0.2581596925210169,0.5899874287050363,-1.751021384421047,1.7626175525297954,0.02484523545984063,0.43999999999999995,"{""000000000111"": 1, ""000000100011"": 1, ""000000110000"": 1, ""000001100100"": 2, ""000001111111"": 1, ""000010000001"": 1, ""000010001100"": 1, ""000010001101"": 1, ""000010100001"": 1, ""000011000011"": 1, ""000011001000"": 1, ""000011010010"": 1, ""000011010111"": 1, ""000011101100"": 1, ""000011101101"": 1, ""000011110010"": 1, ""000011111010"": 1, ""000011111011"": 1, ""000011111110"": 1, ""000100000101"": 1, ""000100001100"": 1, ""000100011100"": 1, ""000100101000"": 1, ""000100111010"": 1, ""000101000000"": 1, ""000101001100"": 1, ""000101001101"": 1, ""000101011011"": 1, ""000101011111"": 1, ""000101100101"": 1, ""000101100111"": 1, ""000101110110"": 1, ""000101111111"": 1, ""000110000011"": 1, ""000110000100"": 2, ""000110001010"": 1, ""000110010001"": 1, ""000110010010"": 1, ""000110100111"": 1, ""000110110000"": 1, ""000110110101"": 1, ""000110111001"": 1, ""000111000111"": 1, ""000111001111"": 1, ""000111010101"": 1, ""000111100011"": 1, ""000111111010"": 1, ""001000000110"": 1, ""001000001011"": 1, ""001000010110"": 1, ""001000011001"": 1, ""001000011010"": 1, ""001000011110"": 1, ""001000101111"": 1, ""001001000001"": 1, ""001001000010"": 1, ""001001011010"": 2, ""001001110011"": 1, ""001010000011"": 1, ""001010011000"": 1, ""001010110101"": 1, ""001011101110"": 1, ""001011101111"": 1, ""001011110010"": 1, ""001100010110"": 1, ""001100011001"": 1, ""001100110100"": 1, ""001101101100"": 1, ""001110010111"": 1, ""001111011000"": 1, ""010000110110"": 1, ""010001100001"": 1, ""010110010001"": 1, ""010111011001"": 1, ""011010000011"": 1, ""011100100000"": 1, ""100011101100"": 1, ""100100101000"": 1, ""100100110110"": 1, ""101010001010"": 1, ""101010010111"": 1, ""110100011110"": 1, ""111001000110"": 1, ""111001011101"": 1, ""111001111010"": 1, ""111010001010"": 1, ""111010011001"": 1, ""111010100101"": 1, ""111011101101"": 2, ""111101010101"": 1, ""111101110100"": 1, ""111110100001"": 1, ""111110100010"": 1, ""111110100110"": 1, ""111111001010"": 1, ""111111001111"": 1}"
ising_0.1,2,12,1.7144879657061445,1,42,100,1,8612,8692,487.28515625,1034.4236267000088,0.3124099870362661,000110010001,0.34357116196232695,0.27361327354088333,0.5559556214323288,-1.7285924086229574,1.7590127719217052,0.031161174926060853,0.43999999999999995,"{""000000110011"": 1, ""000001000000"": 1, ""000001011011"": 1, ""000001100100"": 1, ""000001100101"": 1, ""000010001100"": 1, ""000011001001"": 1, ""000011010010"": 1, ""000011010111"": 1, ""000011011101"": 2, ""000011100011"": 1, ""000011100110"": 1, ""000011101001"": 1, ""000011101111"": 1, ""000011110000"": 1, ""000011111010"": 1, ""000011111011"": 1, ""000011111110"": 1, ""000100010100"": 1, ""000100111000"": 1, ""000100111110"": 1, ""000101000110"": 1, ""000101001110"": 1, ""000101011011"": 1, ""000101011110"": 2, ""000101100111"": 1, ""000101101101"": 1, ""000101111100"": 1, ""000110000100"": 1, ""000110010001"": 2, ""000110010101"": 1, ""000110100001"": 1, ""000110100011"": 1, ""000110101001"": 1, ""000110101010"": 1, ""000110110110"": 1, ""000110111000"": 1, ""000110111110"": 1, ""000111000100"": 1, ""000111000110"": 1, ""000111001110"": 1, ""000111100000"": 1, ""000111110000"": 1, ""001000000000"": 1, ""001000000100"": 1, ""001000000111"": 1, ""001000001011"": 1, ""001000011000"": 2, ""001000011110"": 1, ""001001000011"": 2, ""001001000100"": 1, ""001001011101"": 1, ""001001101100"": 1, ""001001101111"": 1, ""001001110000"": 1, ""001001110101"": 1, ""001001111000"": 1, ""001001111100"": 1, ""001010011011"": 1, ""001010100100"": 1, ""001011010010"": 1, ""001011111101"": 1, ""001100010111"": 2, ""001111001000"": 1, ""001111010101"": 1, ""001111110110"": 1, ""010000010111"": 1, ""010000100010"": 1, ""010000100100"": 1, ""010011001110"": 1, ""010110101000"": 1, ""011001110010"": 1, ""011010000011"": 1, ""011110101110"": 1, ""100001110100"": 1, ""100011101110"": 1, ""100110000100"": 1, ""101000100110"": 1, ""110010010110"": 1, ""110111100010"": 1, ""111000000101"": 1, ""111001000000"": 1, ""111001010100"": 1, ""111001101010"": 1, ""111001111010"": 1, ""111010001010"": 1, ""111011101101"": 1, ""111100101010"": 1, ""111101010001"": 1, ""111101100000"": 1, ""111110100010"": 1, ""111111000111"": 1, ""111111001011"": 1, ""111111101100"": 1}"
ising_0.1,2,12,1.8517494245745791,1,42,100,1,8612,8692,482.5703125,960.531639000008,0.3124099870362661,000111001101,0.38189029996741847,0.37165133227197966,0.5393432081047131,-1.6004599989957755,1.6286254441126784,0.06948031293115237,0.43999999999999995,"{""000000000101"": 1, ""000000011100"": 1, ""000001001111"": 1, ""000001011100"": 1, ""000010111111"": 1, ""000011000110"": 1, ""000011000111"": 1, ""000011010010"": 1, ""000011010111"": 1, ""000011011101"": 1, ""000011100011"": 1, ""000011101111"": 1, ""000011111001"": 1, ""000011111010"": 1, ""000100000011"": 1, ""000100101011"": 1, ""000100111000"": 1, ""000100111001"": 1, ""000101001110"": 1, ""000101010001"": 1, ""000101011111"": 1, ""000110000011"": 1, ""000110010001"": 1, ""000110010011"": 1, ""000110010100"": 1, ""000110100010"": 1, ""000110101001"": 2, ""000111001011"": 1, ""000111001100"": 1, ""000111001101"": 2, ""000111010101"": 1, ""000111100010"": 1, ""000111110011"": 1, ""000111111110"": 1, ""001000001000"": 1, ""001000001010"": 1, ""001000001011"": 1, ""001000010100"": 1, ""001000010101"": 1, ""001000011010"": 1, ""001000011110"": 1, ""001000101111"": 1, ""001000110011"": 1, ""001000111110"": 1, ""001001000000"": 1, ""001001000101"": 1, ""001001001100"": 1, ""001001011100"": 1, ""001001100000"": 1, ""001001101010"": 1, ""001010011000"": 1, ""001010100001"": 1, ""001010100101"": 1, ""001010101110"": 1, ""001011001100"": 1, ""001011110011"": 1, ""001100001001"": 1, ""001100110110"": 1, ""001101011110"": 1, ""001110100011"": 1, ""001111000110"": 1, ""001111010101"": 1, ""010000000111"": 1, ""010000001111"": 1, ""010000010100"": 1, ""010000100010"": 1, ""010001100100"": 1, ""010011110001"": 1, ""010011111000"": 2, ""010110111000"": 1, ""010111011111"": 1, ""010111100100"": 1, ""011001111101"": 1, ""011010000011"": 1, ""011010001011"": 1, ""011011010101"": 1, ""011101000111"": 1, ""011110101110"": 1, ""100001110100"": 1, ""101000010110"": 1, ""110000101000"": 1, ""110001110110"": 1, ""110100010100"": 1, ""111001000100"": 1, ""111001111000"": 1, ""111001111010"": 1, ""111010001011"": 1, ""111011011011"": 1, ""111011101100"": 1, ""111100000000"": 1, ""111101110011"": 1, ""111110100001"": 1, ""111110100011"": 1, ""111110100111"": 1, ""111111000010"": 1, ""111111001010"": 1, ""111111101110"": 1}"
ising_0.1,2,12,2.0,1,42,100,1,8612,8692,483.671875,652.157707499995,0.3124099870362661,000110000001,0.3919320913047813,0.3152714014301964,0.5859694086600916,-1.53091282630987,1.385951641854677,0.07952210426851519,0.43999999999999995,"{""000000000100"": 1, ""000000101011"": 1, ""000000111010"": 1, ""000001110010"": 1, ""000010011100"": 1, ""000011000011"": 1, ""000011010111"": 1, ""000011011110"": 1, ""000011101110"": 1, ""000011111011"": 1, ""000101010001"": 1, ""000101011011"": 1, ""000101011110"": 1, ""000101101101"": 1, ""000101101110"": 1, ""000101111110"": 1, ""000110000001"": 2, ""000110000011"": 1, ""000110011010"": 1, ""000110100110"": 1, ""000110101000"": 1, ""000111000101"": 1, ""000111001101"": 1, ""000111010101"": 1, ""000111100010"": 1, ""000111100110"": 1, ""000111110011"": 1, ""000111111111"": 2, ""001000000100"": 1, ""001000000101"": 1, ""001000001010"": 1, ""001000001111"": 1, ""001000010101"": 1, ""001000010111"": 1, ""001000011010"": 1, ""001000011100"": 2, ""001000100000"": 1, ""001000100101"": 1, ""001000101010"": 1, ""001000111100"": 1, ""001001000000"": 1, ""001001001100"": 1, ""001001011100"": 1, ""001001100000"": 1, ""001001101010"": 1, ""001001101101"": 1, ""001001111001"": 1, ""001010011011"": 1, ""001010100001"": 1, ""001010110000"": 1, ""001011010011"": 1, ""001011111011"": 1, ""001100000010"": 1, ""001100001001"": 1, ""001100010000"": 1, ""001100010011"": 1, ""001111110000"": 1, ""010000000101"": 1, ""010000000111"": 1, ""010000100101"": 1, ""010000101011"": 1, ""010000110000"": 1, ""010001100001"": 1, ""010011000111"": 1, ""010011101101"": 1, ""010110111000"": 1, ""010111000100"": 1, ""010111010111"": 1, ""010111011001"": 1, ""011001110100"": 1, ""011010000011"": 1, ""011010001011"": 1, ""011010010111"": 1, ""011010101000"": 1, ""011100000000"": 1, ""011100001111"": 1, ""100000110100"": 1, ""100011000011"": 1, ""100011101000"": 1, ""100101001010"": 1, ""100111000011"": 1, ""110001110110"": 1, ""110011101100"": 1, ""110011101101"": 1, ""111000010101"": 1, ""111001011000"": 1, ""111001100110"": 1, ""111001110011"": 1, ""111010101000"": 1, ""111100011100"": 1, ""111100110111"": 1, ""111101100001"": 1, ""111110100110"": 1, ""111110101101"": 1, ""111110110110"": 1, ""111111000100"": 1, ""111111000111"": 1}"
