ham,num_system_qubits,num_ancilla,time,segments,replication_seed,n_circuits,n_shots,depth,size,peak_MB,runtime,exact_eig,most_likely_bs,est_energy_med,est_energy_mean,est_energy_std,est_energy_min,est_energy_max,estimation_error,alpha,counts
ising,2,6,0.0012303916502879625,1,42,100,1,129,151,220.94140625,72.72099249999883,3.1240998703626572,000000,0.0,0.0,0.0,0.0,0.0,3.1240998703626572,4.4,"{""000000"": 100}"
ising,2,6,0.002109491677524035,1,42,100,1,129,151,219.50390625,72.65445949999958,3.1240998703626572,000000,0.0,0.4653953910826105,4.653953910826106,0.0,46.53953910826105,3.1240998703626572,4.4,"{""000000"": 99, ""000001"": 1}"
ising,2,6,0.0009765625,1,42,100,1,129,151,220.9375,72.81210760000067,3.1240998703626572,000000,0.0,0.0,0.0,0.0,0.0,3.1240998703626572,4.4,"{""000000"": 100}"
ising,2,6,0.0018083490474361146,1,42,100,1,129,151,219.375,72.70435560000078,3.1240998703626572,000000,0.0,0.0,0.0,0.0,0.0,3.1240998703626572,4.4,"{""000000"": 100}"
ising,2,6,0.0013288964845452902,1,42,100,1,129,151,220.48828125,72.84774330000073,3.1240998703626572,000000,0.0,0.0,0.0,0.0,0.0,3.1240998703626572,4.4,"{""000000"": 100}"
ising,2,6,0.0016743046540099089,1,42,100,1,129,151,217.69140625,72.86793380000017,3.1240998703626572,000000,0.0,0.0,0.0,0.0,0.0,3.1240998703626572,4.4,"{""000000"": 100}"
ising,2,6,0.0010547458387620175,1,42,100,1,129,151,218.734375,73.07503159999942,3.1240998703626572,000000,0.0,0.0,0.0,0.0,0.0,3.1240998703626572,4.4,"{""000000"": 100}"
ising,2,6,0.001953125,1,42,100,1,129,151,218.52734375,73.01126950000071,3.1240998703626572,000000,0.0,0.5026548245743669,5.026548245743669,0.0,50.26548245743669,3.1240998703626572,4.4,"{""000000"": 99, ""000001"": 1}"
ising,2,6,0.0015501963398126943,1,42,100,1,129,151,219.18359375,73.16129849999925,3.1240998703626572,000000,0.0,0.0,0.0,0.0,0.0,3.1240998703626572,4.4,"{""000000"": 100}"
ising,2,6,0.0011391885152110507,1,42,100,1,129,151,219.42578125,73.32291820000137,3.1240998703626572,000000,0.0,0.0,0.0,0.0,0.0,3.1240998703626572,4.4,"{""000000"": 100}"
ising,2,6,0.0014352875901128893,1,42,100,1,129,151,219.5703125,73.36866480000026,3.1240998703626572,000000,0.0,0.0,0.0,0.0,0.0,3.1240998703626572,4.4,"{""000000"": 100}"
ising,2,6,0.0031003926796253885,1,42,100,1,129,151,222.03125,68.11909860000014,3.1240998703626572,000000,0.0,0.6333053943124599,4.45547108924168,0.0,31.665269715622994,3.1240998703626572,4.4,"{""000000"": 98, ""000001"": 2}"
ising,2,6,0.00390625,1,42,100,1,129,151,220.98828125,68.26295349999964,3.1240998703626572,000000,0.0,0.0,7.1444245785905816,-50.26548245743669,25.132741228718345,3.1240998703626572,4.4,"{""000000"": 95, ""000001"": 3, ""111110"": 1, ""111111"": 1}"
ising,2,6,0.00421898335504807,1,42,100,1,129,151,222.0078125,68.27344990000165,3.1240998703626572,000000,0.0,0.0,6.614842051160802,-46.53953910826105,23.269769554130527,3.1240998703626572,4.4,"{""000000"": 95, ""000001"": 3, ""111110"": 1, ""111111"": 1}"
ising,2,6,0.0033486093080198178,1,42,100,1,129,151,221.32421875,68.78468459999931,3.1240998703626572,000000,0.0,0.5863614497490373,4.1252080128559765,0.0,29.31807248745186,3.1240998703626572,4.4,"{""000000"": 98, ""000001"": 2}"
ising,2,6,0.0049215666011518475,1,42,100,1,129,151,221.46484375,68.42388180000125,3.1240998703626572,000000,0.0,0.39895739865312047,6.933372288357887,-39.895739865312045,39.895739865312045,3.1240998703626572,4.4,"{""000000"": 94, ""000001"": 3, ""000010"": 1, ""111110"": 1, ""111111"": 1}"
ising,2,6,0.0028705751802257785,1,42,100,1,129,151,221.4140625,69.88855599999988,3.1240998703626572,000000,0.0,0.3420038294101021,3.4200382941010212,0.0,34.20038294101021,3.1240998703626572,4.4,"{""000000"": 99, ""000001"": 1}"
ising,2,6,0.004556754060844206,1,42,100,1,129,151,221.39453125,70.21127679999881,3.1240998703626572,000000,0.0,0.0,6.124514980944376,-43.08978238184429,21.544891190922144,3.1240998703626572,4.4,"{""000000"": 95, ""000001"": 3, ""111110"": 1, ""111111"": 1}"
ising,2,6,0.0036166980948722292,1,42,100,1,129,151,220.7890625,71.28703700000005,3.1240998703626572,000000,0.0,0.8143458578741228,4.653894502318287,0.0,27.144861929137427,3.1240998703626572,4.4,"{""000000"": 97, ""000001"": 3}"
ising,2,6,0.0022783770304221013,1,42,100,1,129,151,221.5703125,71.83943480000016,3.1240998703626572,000000,0.0,0.43089782381844316,4.308978238184432,0.0,43.089782381844316,3.1240998703626572,4.4,"{""000000"": 99, ""000001"": 1}"
ising,2,6,0.0026577929690905803,1,42,100,1,129,151,224.72265625,72.04872029999933,3.1240998703626572,000000,0.0,0.36938456669284364,3.6938456669284365,0.0,36.93845666928436,3.1240998703626572,4.4,"{""000000"": 99, ""000001"": 1}"
ising,2,6,0.002460783300575925,1,42,100,1,129,151,221.8515625,72.46796449999965,3.1240998703626572,000000,0.0,0.39895739865312024,3.9895739865312025,0.0,39.895739865312024,3.1240998703626572,4.4,"{""000000"": 99, ""000001"": 1}"
ising,2,6,0.005315585938181161,1,42,100,1,129,151,223.4140625,68.94599070000004,3.1240998703626572,000000,0.0,0.36938456669284364,6.41943407266403,-36.93845666928436,36.93845666928436,3.1240998703626572,4.4,"{""000000"": 94, ""000001"": 3, ""000010"": 1, ""111110"": 1, ""111111"": 1}"
ising,2,6,0.006200785359250777,1,42,100,1,129,151,221.734375,68.40738160000001,3.1240998703626572,000000,0.0,0.7916317428905748,9.106285260997181,-31.665269715622994,47.49790457343449,3.1240998703626572,4.4,"{""000000"": 89, ""000001"": 3, ""000010"": 1, ""000011"": 2, ""111110"": 1, ""111111"": 4}"
ising,2,6,0.0072333961897444584,1,42,100,1,129,151,223.01953125,68.34256119999918,3.1240998703626572,000000,0.0,1.4929674061025584,42.47945094830357,-271.44861929137426,312.1659121850804,3.1240998703626572,4.4,"{""000000"": 86, ""000001"": 3, ""000010"": 1, ""000011"": 3, ""010111"": 1, ""101100"": 1, ""111110"": 1, ""111111"": 4}"
ising,2,6,0.005741150360451557,1,42,100,1,129,151,223.25390625,69.0731209000005,3.1240998703626572,000000,0.0,0.5130057441151532,8.226136667147951,-34.20038294101021,51.30057441151532,3.1240998703626572,4.4,"{""000000"": 91, ""000001"": 3, ""000010"": 1, ""000011"": 1, ""111110"": 1, ""111111"": 3}"
ising,2,6,0.006697218616039631,1,42,100,1,129,151,223.37109375,68.39336469999944,3.1240998703626572,000000,0.0,1.6124939868098531,45.8803446995133,-293.18072487451883,337.1578336056966,3.1240998703626572,4.4,"{""000000"": 86, ""000001"": 3, ""000010"": 1, ""000011"": 3, ""010111"": 1, ""101100"": 1, ""111110"": 1, ""111111"": 4}"
ising,2,6,0.009113508121688405,1,42,100,1,129,151,222.6796875,68.43110940000042,3.1240998703626572,000000,0.0,4.308978238184432,40.97021293444291,-215.44891190922158,280.0835854819881,3.1240998703626572,4.4,"{""000000"": 77, ""000001"": 10, ""000010"": 1, ""000011"": 3, ""000111"": 1, ""010000"": 1, ""011010"": 1, ""101100"": 1, ""111100"": 1, ""111110"": 2, ""111111"": 2}"
ising,2,6,0.0078125,1,42,100,1,129,151,221.29296875,71.33342530000118,3.1240998703626572,000000,0.0,-1.1309733552923256,26.618075665770203,-251.32741228718345,37.69911184307752,3.1240998703626572,4.4,"{""000000"": 84, ""000001"": 6, ""000010"": 1, ""000011"": 3, ""101100"": 1, ""111110"": 1, ""111111"": 4}"
ising,2,6,0.00843796671009614,1,42,100,1,129,151,223.33984375,71.60608800000045,3.1240998703626572,000000,0.0,4.304907367514147,44.17775513594846,-232.69769554130525,302.50700420369685,3.1240998703626572,4.4,"{""000000"": 81, ""000001"": 6, ""000010"": 1, ""000011"": 3, ""000111"": 1, ""010000"": 1, ""011010"": 1, ""101100"": 1, ""111100"": 1, ""111110"": 1, ""111111"": 3}"
ising,2,6,0.009843133202303695,1,42,100,1,129,151,222.40234375,70.91598679999879,3.1240998703626572,000000,0.0,1.0971328462960817,48.57116933304103,-299.2180489898403,259.3223091245283,3.1240998703626572,4.4,"{""000000"": 75, ""000001"": 11, ""000010"": 1, ""000011"": 3, ""000111"": 1, ""010000"": 1, ""011010"": 1, ""100010"": 1, ""101100"": 1, ""111100"": 1, ""111110"": 2, ""111111"": 2}"
ising,2,6,0.010631171876362321,1,42,100,1,129,151,221.421875,71.01538830000027,3.1240998703626572,000000,0.0,1.4775382667713748,45.00576087565028,-277.0384250196327,240.09996835034838,3.1240998703626572,4.4,"{""000000"": 73, ""000001"": 13, ""000010"": 2, ""000011"": 3, ""000111"": 1, ""010000"": 1, ""011010"": 1, ""100010"": 1, ""101100"": 1, ""111100"": 1, ""111110"": 2, ""111111"": 1}"
ising,2,6,0.011482300720903114,1,42,100,1,129,151,221.27734375,71.3655404000001,3.1240998703626572,000000,0.0,1.3680153176404086,41.846529953009004,-256.5028720575766,222.30248911656642,3.1240998703626572,4.4,"{""000000"": 68, ""000001"": 17, ""000010"": 2, ""000011"": 3, ""000111"": 1, ""010000"": 1, ""011010"": 1, ""100010"": 1, ""101100"": 1, ""111100"": 2, ""111110"": 2, ""111111"": 1}"
ising,2,6,0.012401570718501554,1,42,100,1,129,151,224.92578125,68.18083569999908,3.1240998703626572,000000,0.0,2.2957320543826674,38.770367728970776,-237.48952286717244,205.82425315154947,3.1240998703626572,4.4,"{""000000"": 65, ""000001"": 18, ""000010"": 4, ""000011"": 3, ""000100"": 1, ""000111"": 1, ""010000"": 1, ""011010"": 1, ""100010"": 1, ""101100"": 1, ""111100"": 1, ""111110"": 2, ""111111"": 1}"
ising,2,6,0.013394437232079262,1,42,100,1,129,151,223.421875,68.55742999999893,3.1240998703626572,000000,0.0,2.638626523870669,37.55470089529919,-219.88554365588908,219.88554365588908,3.1240998703626572,4.4,"{""000000"": 60, ""000001"": 22, ""000010"": 4, ""000011"": 3, ""000100"": 1, ""000111"": 1, ""010000"": 1, ""011110"": 1, ""100010"": 1, ""101100"": 1, ""111100"": 1, ""111110"": 2, ""111111"": 2}"
ising,2,6,0.014466792379488917,1,42,100,1,129,151,224.19140625,68.48961659999986,3.1240998703626572,000000,0.0,1.425105251279715,29.1175305568732,-203.5864644685307,108.57944771654971,3.1240998703626572,4.4,"{""000000"": 49, ""000001"": 31, ""000010"": 3, ""000011"": 2, ""000100"": 2, ""000111"": 1, ""001010"": 1, ""010000"": 1, ""100010"": 1, ""101100"": 1, ""111100"": 1, ""111110"": 2, ""111111"": 5}"
ising,2,6,0.015625,1,42,100,1,129,151,222.1171875,68.63884809999945,3.1240998703626572,000000,0.0,2.0106192982974678,27.797917678175512,-188.49555921538757,100.53096491487338,3.1240998703626572,4.4,"{""000000"": 42, ""000001"": 36, ""000010"": 3, ""000011"": 2, ""000100"": 2, ""000111"": 1, ""001010"": 2, ""010000"": 1, ""100010"": 1, ""101100"": 1, ""111100"": 2, ""111110"": 2, ""111111"": 5}"
ising,2,6,0.01968626640460739,1,42,100,1,129,151,221.578125,68.13278660000105,3.1240998703626572,000001,4.986967483164006,4.8872281335007255,21.002754139027243,-94.7523821801161,149.60902449492016,1.8628676128013484,4.4,"{""000000"": 22, ""000001"": 57, ""000010"": 2, ""000011"": 3, ""001010"": 2, ""010000"": 1, ""011110"": 1, ""101101"": 1, ""111100"": 1, ""111101"": 1, ""111110"": 3, ""111111"": 6}"
ising,2,6,0.022964601441806228,1,42,100,1,129,151,223.390625,68.21116409999922,3.1240998703626572,000001,4.275047867626276,0.9832610095540435,16.314070697047075,-123.97638816116203,42.750478676262766,1.1509479972636192,4.4,"{""000000"": 14, ""000001"": 67, ""000010"": 2, ""000011"": 3, ""001010"": 1, ""100011"": 1, ""101101"": 1, ""111100"": 1, ""111101"": 1, ""111110"": 3, ""111111"": 6}"
ising,2,6,0.024803141437003108,1,42,100,1,129,151,223.21484375,68.02195400000164,3.1240998703626572,000001,3.9581587144528743,1.6228450729256785,12.314064507793285,-114.78660271913336,11.874476143358622,0.834058844090217,4.4,"{""000000"": 13, ""000001"": 73, ""000010"": 1, ""000011"": 3, ""100011"": 1, ""111100"": 1, ""111110"": 2, ""111111"": 6}"
ising,2,6,0.01687593342019228,1,42,100,1,129,151,222.52734375,74.04003479999847,3.1240998703626572,000001,5.817442388532632,1.6288838687891372,24.985261929584713,-174.52327165597893,93.0790782165221,2.6933425181699744,4.4,"{""000000"": 35, ""000001"": 44, ""000010"": 4, ""000011"": 2, ""001010"": 2, ""010000"": 1, ""100010"": 1, ""101101"": 1, ""111100"": 1, ""111101"": 1, ""111110"": 2, ""111111"": 6}"
ising,2,6,0.026788874464158525,1,42,100,1,129,151,222.0546875,68.29522639999959,3.1240998703626572,000001,3.664759060931485,1.0994277182794454,13.172345161614805,-106.27801276701307,10.994277182794455,0.5406591905688276,4.4,"{""000000"": 8, ""000001"": 77, ""000010"": 1, ""000011"": 4, ""100011"": 1, ""101111"": 1, ""111100"": 2, ""111110"": 1, ""111111"": 5}"
ising,2,6,0.021262343752724643,1,42,100,1,129,151,222.60546875,69.90021049999996,3.1240998703626572,000001,4.617307083660545,2.9089034627061436,23.458106796576295,-133.90190542615582,138.51921250981636,1.4932072132978882,4.4,"{""000000"": 20, ""000001"": 60, ""000010"": 2, ""000011"": 3, ""001010"": 1, ""010000"": 1, ""011110"": 1, ""100011"": 1, ""101101"": 1, ""111100"": 1, ""111101"": 1, ""111110"": 3, ""111111"": 5}"
ising,2,6,0.018227016243376824,1,42,100,1,129,151,222.984375,73.20608709999942,3.1240998703626572,000001,5.386222797730536,3.5549070465021537,16.207921698989708,-102.33823315688016,86.17956476368857,2.2621229273678787,4.4,"{""000000"": 30, ""000001"": 51, ""000010"": 4, ""000011"": 2, ""001010"": 2, ""010000"": 1, ""101101"": 1, ""111100"": 1, ""111101"": 1, ""111110"": 2, ""111111"": 5}"
ising,2,6,0.028933584758977816,1,42,100,1,129,151,225.78515625,69.06518619999952,3.1240998703626572,000001,3.39310774114218,1.4929674061025593,12.184684167436764,-98.40012449312323,13.57243096456872,0.26900787077952293,4.4,"{""000000"": 3, ""000001"": 81, ""000010"": 2, ""000011"": 4, ""000100"": 1, ""100011"": 1, ""101111"": 1, ""111100"": 1, ""111110"": 1, ""111111"": 5}"
ising,2,6,0.03375186684038456,1,42,100,1,129,151,224.32421875,69.38813350000055,3.1240998703626572,000001,2.908721194266316,1.9779304121010948,11.677995012401592,-84.35291463372316,49.44826030252737,0.21537867609634143,4.4,"{""000000"": 4, ""000001"": 76, ""000010"": 3, ""000011"": 5, ""000100"": 1, ""000111"": 1, ""010001"": 1, ""100011"": 1, ""101111"": 1, ""111100"": 1, ""111110"": 1, ""111111"": 5}"
ising,2,6,0.03645403248675365,1,42,100,1,129,151,224.546875,68.96083390000058,3.1240998703626572,000001,2.693111398865268,1.8851779792056875,11.189424549184306,-78.10023056709277,45.78289378070956,0.4309884714973893,4.4,"{""000000"": 7, ""000001"": 68, ""000010"": 6, ""000011"": 6, ""000111"": 1, ""001010"": 1, ""010001"": 1, ""100011"": 1, ""101111"": 1, ""111100"": 2, ""111110"": 2, ""111111"": 4}"
ising,2,6,0.03125,1,42,100,1,129,151,224.9453125,69.63519319999978,3.1240998703626572,000001,3.141592653589793,1.5707963267948966,11.46712834035225,-91.106186954104,21.991148575128552,0.017492783227135877,4.4,"{""000000"": 3, ""000001"": 80, ""000010"": 2, ""000011"": 4, ""000100"": 1, ""000111"": 1, ""100011"": 1, ""101111"": 1, ""111100"": 1, ""111110"": 1, ""111111"": 5}"
ising,2,6,0.045929202883612456,1,42,100,1,129,151,225.90234375,68.8494754000003,3.1240998703626572,000001,2.137523933813138,2.949783028662131,10.701774091135873,-40.612954742449624,66.26324194820728,0.986575936549519,4.4,"{""000000"": 10, ""000001"": 35, ""000010"": 25, ""000011"": 11, ""000100"": 1, ""000111"": 2, ""001010"": 2, ""010010"": 1, ""011111"": 1, ""101101"": 1, ""101110"": 1, ""110110"": 1, ""111100"": 2, ""111110"": 5, ""111111"": 2}"
ising,2,6,0.04252468750544926,1,42,100,1,129,151,222.953125,69.67884740000045,3.1240998703626572,000001,2.308653541830274,2.770384250196329,12.81418783903244,-43.86441729477521,71.5682597967385,0.8154463285323832,4.4,"{""000000"": 10, ""000001"": 46, ""000010"": 18, ""000011"": 7, ""000100"": 1, ""000111"": 1, ""001010"": 1, ""010010"": 1, ""010111"": 1, ""011111"": 1, ""101101"": 1, ""101110"": 1, ""101111"": 1, ""111100"": 2, ""111101"": 1, ""111110"": 4, ""111111"": 3}"
ising,2,6,0.03937253280921478,1,42,100,1,129,151,223.63671875,72.03325239999867,3.1240998703626572,000001,2.493483741582003,2.717897278324383,15.015771814809561,-72.31102850587808,77.29799598904208,0.6306161287806544,4.4,"{""000000"": 9, ""000001"": 61, ""000010"": 7, ""000011"": 6, ""000111"": 1, ""001010"": 2, ""010001"": 1, ""010111"": 1, ""011111"": 1, ""100011"": 1, ""101101"": 1, ""101111"": 1, ""111100"": 2, ""111110"": 3, ""111111"": 3}"
ising,2,6,0.05786716951795563,1,42,100,1,129,151,225.2265625,69.32512320000023,3.1240998703626572,000010,3.39310774114218,2.561796344562346,7.527571034138369,-30.537969670279622,30.537969670279622,0.26900787077952293,4.4,"{""000000"": 5, ""000001"": 14, ""000010"": 59, ""000011"": 4, ""000100"": 1, ""000101"": 1, ""000110"": 1, ""000111"": 2, ""001110"": 2, ""010010"": 1, ""101110"": 3, ""111110"": 7}"
ising,2,6,0.05357774892831705,1,42,100,1,129,151,222.96875,69.84903400000076,3.1240998703626572,000010,3.664759060931485,1.942322302293687,7.855802778498245,-34.8152110788491,32.982831548383366,0.5406591905688276,4.4,"{""000000"": 7, ""000001"": 16, ""000010"": 54, ""000011"": 7, ""000100"": 1, ""000101"": 1, ""000111"": 2, ""010010"": 1, ""101101"": 2, ""101110"": 1, ""110110"": 1, ""111110"": 7}"
ising,2,6,0.049606282874006216,1,42,100,1,129,151,223.58203125,72.13355840000077,3.1240998703626572,000010,3.9581587144528743,2.6717571322556903,9.705155721127573,-37.6025077873023,61.35146007401955,0.834058844090217,4.4,"{""000000"": 10, ""000001"": 24, ""000010"": 38, ""000011"": 9, ""000100"": 1, ""000101"": 1, ""000111"": 1, ""001010"": 1, ""010010"": 1, ""011111"": 1, ""101101"": 1, ""101110"": 1, ""110110"": 1, ""111100"": 1, ""111110"": 7, ""111111"": 2}"
ising,2,6,0.0625,1,42,100,1,129,151,224.90625,72.21681459999854,3.1240998703626572,000010,3.141592653589793,2.9059732045705586,8.679673617105479,-28.274333882308138,47.12388980384689,0.017492783227135877,4.4,"{""000000"": 5, ""000001"": 11, ""000010"": 58, ""000011"": 6, ""000100"": 2, ""000110"": 1, ""000111"": 2, ""001101"": 1, ""001110"": 2, ""010010"": 1, ""011110"": 1, ""101110"": 3, ""110101"": 1, ""111110"": 6}"
ising,2,6,0.06750373368076912,1,42,100,1,129,151,224.80859375,69.21264549999978,3.1240998703626572,000010,2.908721194266316,3.5050090390909103,9.47303126668235,-27.632851345529996,43.63081791399473,0.21537867609634143,4.4,"{""000000"": 4, ""000001"": 11, ""000010"": 48, ""000011"": 12, ""000100"": 5, ""000101"": 1, ""000110"": 1, ""001000"": 1, ""001101"": 2, ""001110"": 1, ""010010"": 1, ""010101"": 1, ""011110"": 2, ""101101"": 1, ""101110"": 2, ""110101"": 1, ""111100"": 1, ""111110"": 5}"
ising,2,6,0.07874506561842956,1,42,100,1,129,151,224.72265625,69.42160930000136,3.1240998703626572,000010,3.1168546769775034,3.8773672181600145,8.224058856152444,-23.688095545029025,37.40225612373004,0.007245193385153836,4.4,"{""000000"": 5, ""000001"": 11, ""000010"": 23, ""000011"": 22, ""000100"": 9, ""000101"": 5, ""000110"": 6, ""001000"": 1, ""001010"": 1, ""001101"": 1, ""010010"": 1, ""010101"": 1, ""011011"": 1, ""011110"": 2, ""101101"": 1, ""101110"": 1, ""110101"": 1, ""111011"": 1, ""111100"": 1, ""111110"": 3, ""111111"": 3}"
ising,2,6,0.07290806497350724,1,42,100,1,129,151,225.9375,69.79481019999912,3.1240998703626572,000010,2.6931113988652697,4.497496036105001,9.571889344265061,-25.584558289220062,40.396670982979046,0.4309884714973875,4.4,"{""000000"": 5, ""000001"": 11, ""000010"": 34, ""000011"": 18, ""000100"": 7, ""000101"": 2, ""000110"": 4, ""001000"": 1, ""001010"": 1, ""001101"": 1, ""001110"": 1, ""010010"": 1, ""010101"": 1, ""011011"": 1, ""011101"": 1, ""011110"": 2, ""101101"": 1, ""101110"": 1, ""110101"": 1, ""111100"": 1, ""111110"": 4, ""111111"": 1}"
ising,2,6,0.08504937501089851,1,42,100,1,129,151,224.70703125,69.85880309999993,3.1240998703626572,000011,3.4629803127454113,3.2898312971081407,7.673399164410513,-21.932208647387604,35.78412989836925,0.33888044238275405,4.4,"{""000000"": 7, ""000001"": 10, ""000010"": 14, ""000011"": 28, ""000100"": 10, ""000101"": 7, ""000110"": 5, ""001000"": 1, ""001010"": 1, ""001101"": 1, ""010010"": 2, ""010101"": 1, ""011011"": 1, ""011111"": 1, ""101101"": 1, ""101110"": 2, ""110101"": 1, ""111000"": 1, ""111011"": 1, ""111100"": 1, ""111110"": 1, ""111111"": 3}"
ising,2,6,0.09921256574801243,1,42,100,1,129,151,222.24609375,71.4459397999999,3.1240998703626572,000100,3.9581587144528743,2.929037448695127,7.785191943661809,-31.665269715622994,29.686190358396555,0.834058844090217,4.4,"{""000000"": 4, ""000001"": 3, ""000010"": 5, ""000011"": 22, ""000100"": 22, ""000101"": 9, ""000110"": 9, ""000111"": 1, ""001000"": 2, ""001001"": 1, ""001010"": 2, ""001100"": 1, ""001101"": 1, ""001110"": 1, ""010101"": 1, ""011011"": 1, ""011110"": 1, ""100000"": 1, ""100010"": 1, ""101100"": 1, ""101110"": 1, ""111000"": 1, ""111001"": 1, ""111011"": 1, ""111100"": 2, ""111101"": 2, ""111110"": 2, ""111111"": 1}"
ising,2,6,0.125,1,42,100,1,129,151,221.45703125,71.41813980000006,3.1240998703626572,000100,3.141592653589793,3.5421457169224917,5.280418192448463,-14.137166941154069,22.776546738526,0.017492783227135877,4.4,"{""000000"": 5, ""000001"": 3, ""000010"": 4, ""000011"": 9, ""000100"": 26, ""000101"": 11, ""000110"": 11, ""001000"": 5, ""001010"": 1, ""001011"": 1, ""001100"": 6, ""001110"": 1, ""010100"": 1, ""010101"": 1, ""010111"": 1, ""011011"": 1, ""011101"": 1, ""101110"": 1, ""110011"": 1, ""110111"": 1, ""111000"": 1, ""111001"": 1, ""111011"": 1, ""111100"": 4, ""111110"": 1, ""111111"": 1}"
ising,2,6,0.09185840576722491,1,42,100,1,129,151,224.71484375,74.62974119999853,3.1240998703626572,000011,3.2062859007197075,2.992533507338394,7.552706779212349,-30.99409704029051,32.062859007197076,0.0821860303570503,4.4,"{""000000"": 4, ""000001"": 7, ""000010"": 8, ""000011"": 27, ""000100"": 20, ""000101"": 8, ""000110"": 5, ""001000"": 1, ""001001"": 2, ""001010"": 1, ""001101"": 1, ""001110"": 1, ""010101"": 1, ""011011"": 1, ""011110"": 1, ""100011"": 1, ""101110"": 3, ""111000"": 1, ""111001"": 1, ""111011"": 1, ""111100"": 1, ""111101"": 1, ""111110"": 2, ""111111"": 1}"
ising,2,6,0.1071554978566341,1,42,100,1,129,151,224.265625,73.09554289999869,3.1240998703626572,000100,3.664759060931485,3.069235713530119,8.20847753515212,-29.31807248745188,27.485692956986135,0.5406591905688276,4.4,"{""000000"": 4, ""000001"": 2, ""000010"": 6, ""000011"": 13, ""000100"": 25, ""000101"": 9, ""000110"": 9, ""000111"": 1, ""001000"": 3, ""001001"": 2, ""001010"": 2, ""001100"": 2, ""001110"": 1, ""010100"": 1, ""011011"": 1, ""011101"": 1, ""011110"": 2, ""100000"": 1, ""100010"": 1, ""101101"": 1, ""101110"": 1, ""101111"": 1, ""111000"": 1, ""111001"": 1, ""111011"": 2, ""111100"": 2, ""111101"": 2, ""111110"": 2, ""111111"": 1}"
ising,2,6,0.14581612994701448,1,42,100,1,129,151,225.05859375,69.56208939999851,3.1240998703626572,000101,3.0297503237234285,3.164405893666692,5.930422188692913,-12.119001294893714,20.87161334120584,0.09434954663922879,4.4,"{""000000"": 3, ""000001"": 4, ""000010"": 5, ""000011"": 8, ""000100"": 11, ""000101"": 12, ""000110"": 8, ""000111"": 5, ""001000"": 3, ""001001"": 1, ""001010"": 3, ""001011"": 4, ""001100"": 6, ""010101"": 2, ""010111"": 1, ""011010"": 1, ""011011"": 1, ""011101"": 2, ""011111"": 1, ""101110"": 1, ""110000"": 1, ""110011"": 1, ""110101"": 1, ""110111"": 1, ""111000"": 4, ""111001"": 1, ""111010"": 1, ""111011"": 1, ""111100"": 5, ""111110"": 2}"
ising,2,6,0.11573433903591127,1,42,100,1,129,151,223.91796875,74.45051109999986,3.1240998703626572,000100,3.39310774114218,3.588211436257856,6.375178970423485,-27.14486192913744,25.44830805856635,0.26900787077952293,4.4,"{""000000"": 5, ""000001"": 3, ""000010"": 4, ""000011"": 11, ""000100"": 32, ""000101"": 7, ""000110"": 8, ""000111"": 1, ""001000"": 4, ""001010"": 1, ""001011"": 1, ""001100"": 5, ""001110"": 1, ""010100"": 2, ""011011"": 1, ""011101"": 1, ""011110"": 1, ""100000"": 1, ""101110"": 1, ""111000"": 1, ""111001"": 1, ""111010"": 1, ""111011"": 1, ""111100"": 3, ""111110"": 1, ""111111"": 2}"
ising,2,6,0.13500746736153824,1,42,100,1,129,151,224.421875,72.4963732999986,3.1240998703626572,000100,2.908721194266316,3.105059874879292,5.721021878580029,-13.089245374198422,21.08822865843079,0.21537867609634143,4.4,"{""000000"": 4, ""000001"": 4, ""000010"": 2, ""000011"": 9, ""000100"": 18, ""000101"": 13, ""000110"": 13, ""000111"": 1, ""001000"": 3, ""001010"": 2, ""001011"": 2, ""001100"": 6, ""001110"": 1, ""010100"": 1, ""010101"": 1, ""010111"": 1, ""011010"": 1, ""011011"": 1, ""011101"": 1, ""101110"": 1, ""110000"": 1, ""110010"": 1, ""110011"": 1, ""110101"": 1, ""110111"": 1, ""111000"": 2, ""111001"": 1, ""111011"": 1, ""111100"": 4, ""111110"": 1, ""111111"": 1}"
ising,2,6,0.17009875002179703,1,42,100,1,129,151,227.625,68.73006619999978,3.1240998703626572,000110,3.4629803127454113,3.11668228147087,4.860150646187614,-10.388940938236233,15.006248021896784,0.33888044238275405,4.4,"{""000000"": 1, ""000001"": 2, ""000010"": 6, ""000011"": 6, ""000100"": 4, ""000101"": 9, ""000110"": 9, ""000111"": 9, ""001000"": 5, ""001001"": 6, ""001010"": 4, ""001011"": 4, ""001100"": 3, ""001101"": 2, ""001110"": 1, ""001111"": 1, ""010000"": 1, ""010001"": 1, ""010010"": 2, ""010100"": 1, ""010101"": 1, ""010111"": 2, ""011000"": 1, ""011010"": 1, ""101110"": 1, ""101111"": 1, ""110000"": 1, ""110101"": 1, ""110111"": 3, ""111000"": 2, ""111001"": 2, ""111010"": 2, ""111100"": 2, ""111101"": 1, ""111110"": 1, ""111111"": 1}"
ising,2,6,0.19842513149602486,1,42,100,1,129,151,225.10546875,69.07560980000017,3.1240998703626572,000100,2.9686190358396556,2.092876420266957,5.926756608019371,-14.34832533989167,13.35878566127845,0.15548083452300165,4.4,"{""000000"": 4, ""000010"": 4, ""000011"": 3, ""000100"": 6, ""000101"": 6, ""000110"": 5, ""000111"": 6, ""001000"": 6, ""001001"": 6, ""001010"": 5, ""001011"": 2, ""001100"": 4, ""001101"": 3, ""001110"": 1, ""010001"": 2, ""010100"": 2, ""010101"": 3, ""010111"": 3, ""011000"": 2, ""011010"": 1, ""011011"": 1, ""100011"": 3, ""100110"": 1, ""101110"": 1, ""101111"": 2, ""110000"": 1, ""110001"": 1, ""110010"": 1, ""110100"": 1, ""110110"": 1, ""110111"": 2, ""111000"": 2, ""111001"": 1, ""111010"": 2, ""111011"": 1, ""111100"": 2, ""111110"": 1, ""111111"": 2}"
ising,2,6,0.15749013123685912,1,42,100,1,129,151,223.93359375,71.15645560000121,3.1240998703626572,000101,3.1168546769775034,3.197892898578919,5.148577981744686,-9.973934966328011,19.32449899726052,0.007245193385153836,4.4,"{""000000"": 1, ""000001"": 3, ""000010"": 7, ""000011"": 6, ""000100"": 6, ""000101"": 10, ""000110"": 10, ""000111"": 9, ""001000"": 5, ""001001"": 3, ""001010"": 4, ""001011"": 4, ""001100"": 4, ""001101"": 1, ""001111"": 1, ""010100"": 1, ""010101"": 1, ""010111"": 1, ""011010"": 1, ""011101"": 2, ""011111"": 1, ""110000"": 1, ""110101"": 1, ""110111"": 3, ""111000"": 3, ""111001"": 2, ""111010"": 1, ""111011"": 1, ""111100"": 4, ""111110"": 3}"
ising,2,6,0.18371681153444983,1,42,100,1,129,151,229.47265625,71.52048910000121,3.1240998703626572,000111,3.47347639244635,2.8215315926333426,5.198845377348761,-16.56581048705182,13.893905569785401,0.34937652208369263,4.4,"{""000000"": 2, ""000001"": 1, ""000010"": 6, ""000011"": 6, ""000100"": 3, ""000101"": 7, ""000110"": 5, ""000111"": 10, ""001000"": 5, ""001001"": 7, ""001010"": 5, ""001011"": 4, ""001100"": 3, ""001101"": 3, ""001110"": 1, ""010000"": 1, ""010001"": 1, ""010010"": 1, ""010100"": 1, ""010101"": 3, ""010111"": 3, ""011000"": 1, ""011010"": 1, ""100001"": 1, ""101110"": 1, ""101111"": 1, ""110000"": 1, ""110010"": 1, ""110100"": 1, ""110110"": 1, ""110111"": 2, ""111000"": 2, ""111001"": 1, ""111010"": 2, ""111011"": 1, ""111100"": 2, ""111101"": 1, ""111111"": 2}"
ising,2,6,0.2143109957132682,1,42,100,1,129,151,222.97265625,71.69125200000053,3.1240998703626572,001000,3.2066641783150494,2.372931491953137,5.8019433524098005,-13.742846478493068,12.826656713260197,0.08256430795239211,4.4,"{""000000"": 4, ""000010"": 2, ""000011"": 4, ""000100"": 2, ""000101"": 6, ""000110"": 4, ""000111"": 6, ""001000"": 7, ""001001"": 6, ""001010"": 2, ""001011"": 3, ""001100"": 6, ""001101"": 2, ""001110"": 4, ""001111"": 1, ""010001"": 5, ""010010"": 2, ""010100"": 2, ""010101"": 2, ""010110"": 1, ""010111"": 2, ""011000"": 2, ""011011"": 1, ""011100"": 1, ""100010"": 1, ""100011"": 3, ""100111"": 1, ""101100"": 1, ""101110"": 1, ""101111"": 1, ""110000"": 1, ""110011"": 2, ""110101"": 1, ""110110"": 1, ""110111"": 2, ""111000"": 2, ""111011"": 1, ""111101"": 1, ""111110"": 2, ""111111"": 2}"
ising,2,6,0.27001493472307647,1,42,100,1,129,151,224.6953125,68.75464269999975,3.1240998703626572,001101,3.9994916421161837,2.450597606169371,5.00897792840527,-11.271294627781973,11.271294627781973,0.8753917717535264,4.4,"{""000000"": 4, ""000001"": 2, ""000010"": 1, ""000011"": 1, ""000100"": 2, ""000101"": 3, ""000110"": 4, ""000111"": 4, ""001001"": 1, ""001010"": 3, ""001011"": 5, ""001100"": 6, ""001101"": 7, ""001110"": 6, ""001111"": 3, ""010000"": 3, ""010001"": 6, ""010010"": 3, ""010011"": 5, ""010101"": 2, ""010110"": 2, ""010111"": 2, ""011000"": 1, ""011001"": 1, ""011100"": 1, ""011111"": 1, ""100001"": 1, ""100011"": 3, ""101001"": 1, ""101011"": 1, ""101100"": 1, ""101101"": 1, ""101110"": 1, ""110010"": 3, ""110011"": 1, ""110100"": 2, ""110110"": 2, ""111010"": 1, ""111011"": 1, ""111110"": 2}"
ising,2,6,0.29163225989402897,1,42,100,1,129,151,226.16796875,69.98443269999916,3.1240998703626572,001110,4.207986560726985,2.7368744590968306,4.770078643651898,-10.772445595461079,10.43580667060292,1.0838866903643276,4.4,"{""000000"": 4, ""000001"": 1, ""000010"": 2, ""000100"": 1, ""000101"": 2, ""000110"": 4, ""000111"": 2, ""001000"": 1, ""001001"": 3, ""001010"": 3, ""001011"": 2, ""001100"": 6, ""001101"": 6, ""001110"": 9, ""001111"": 3, ""010000"": 4, ""010001"": 4, ""010010"": 3, ""010011"": 6, ""010100"": 1, ""010101"": 3, ""010110"": 1, ""010111"": 4, ""011000"": 1, ""011001"": 1, ""011010"": 1, ""011100"": 1, ""011110"": 1, ""011111"": 1, ""100000"": 1, ""100011"": 3, ""101000"": 1, ""101001"": 1, ""101010"": 1, ""101100"": 1, ""101110"": 1, ""110000"": 1, ""110010"": 2, ""110110"": 2, ""111000"": 1, ""111010"": 1, ""111011"": 1, ""111110"": 2}"
ising,2,6,0.23146867807182253,1,42,100,1,129,151,222.68359375,71.67509009999958,3.1240998703626572,000111,2.968969273499408,1.9680024898624646,5.098408199929371,-12.724154029283175,11.875877093997632,0.15513059686324926,4.4,"{""000000"": 5, ""000001"": 1, ""000010"": 2, ""000011"": 3, ""000100"": 2, ""000101"": 5, ""000110"": 5, ""000111"": 8, ""001000"": 5, ""001001"": 7, ""001010"": 3, ""001011"": 5, ""001100"": 7, ""001101"": 2, ""001110"": 3, ""001111"": 1, ""010001"": 5, ""010010"": 2, ""010100"": 2, ""010101"": 1, ""010110"": 1, ""011000"": 2, ""011100"": 1, ""100010"": 1, ""100011"": 2, ""100100"": 1, ""101011"": 1, ""101100"": 1, ""101110"": 1, ""101111"": 1, ""110010"": 1, ""110011"": 2, ""110100"": 1, ""110101"": 1, ""110110"": 1, ""110111"": 2, ""111000"": 1, ""111011"": 1, ""111101"": 1, ""111110"": 2, ""111111"": 1}"
ising,2,6,0.25,1,42,100,1,129,151,225.73828125,72.44230210000023,3.1240998703626572,001011,3.730641276137879,2.2226768024147785,5.201429240137793,-11.780972450961723,10.995574287564276,0.6065414057752219,4.4,"{""000000"": 4, ""000001"": 2, ""000010"": 1, ""000011"": 1, ""000100"": 2, ""000101"": 3, ""000110"": 4, ""000111"": 5, ""001001"": 5, ""001010"": 4, ""001011"": 9, ""001100"": 5, ""001101"": 4, ""001110"": 6, ""001111"": 2, ""010000"": 2, ""010001"": 3, ""010010"": 1, ""010011"": 3, ""010100"": 2, ""010101"": 2, ""010110"": 4, ""011000"": 1, ""011001"": 1, ""011100"": 1, ""100010"": 1, ""100011"": 2, ""100100"": 1, ""100111"": 1, ""101011"": 1, ""101100"": 1, ""101101"": 1, ""110001"": 1, ""110010"": 2, ""110011"": 2, ""110100"": 1, ""110101"": 1, ""110110"": 2, ""110111"": 1, ""111011"": 2, ""111110"": 3}"
ising,2,6,0.314980262473718,1,42,100,1,129,151,227.5546875,71.40517439999894,3.1240998703626572,001110,4.051911080070758,2.5651713991524874,4.666112409013928,-9.973934966328018,9.662249498630267,0.9278112097081004,4.4,"{""000000"": 1, ""000001"": 1, ""000011"": 1, ""000100"": 2, ""000101"": 1, ""000110"": 2, ""000111"": 2, ""001000"": 1, ""001001"": 1, ""001010"": 2, ""001011"": 5, ""001100"": 5, ""001101"": 7, ""001110"": 8, ""001111"": 3, ""010000"": 5, ""010001"": 5, ""010010"": 4, ""010011"": 6, ""010100"": 1, ""010101"": 2, ""010110"": 1, ""010111"": 4, ""011000"": 2, ""011001"": 2, ""011010"": 1, ""011100"": 1, ""011110"": 1, ""011111"": 1, ""100000"": 1, ""100010"": 2, ""100011"": 1, ""100101"": 1, ""101001"": 1, ""101010"": 1, ""101100"": 1, ""101110"": 2, ""101111"": 1, ""110000"": 1, ""110010"": 3, ""110110"": 1, ""111000"": 1, ""111010"": 2, ""111110"": 3}"
ising,2,6,0.3401975000435943,1,42,100,1,129,151,226.08984375,71.22073850000015,3.1240998703626572,001110,4.040143698202977,2.4212004019944984,4.465585362956458,-8.946032474592306,8.946032474592306,0.9160438278403196,4.4,"{""000010"": 1, ""000100"": 1, ""000101"": 2, ""000110"": 2, ""000111"": 1, ""001000"": 1, ""001001"": 2, ""001010"": 2, ""001011"": 3, ""001100"": 5, ""001101"": 6, ""001110"": 8, ""001111"": 4, ""010000"": 6, ""010001"": 3, ""010010"": 7, ""010011"": 6, ""010100"": 2, ""010101"": 2, ""010110"": 1, ""010111"": 4, ""011000"": 2, ""011001"": 1, ""011010"": 1, ""011100"": 1, ""011110"": 1, ""011111"": 2, ""100001"": 2, ""100010"": 2, ""100011"": 1, ""101001"": 1, ""101010"": 1, ""101100"": 1, ""101110"": 2, ""101111"": 1, ""110000"": 1, ""110001"": 1, ""110010"": 3, ""110011"": 1, ""110110"": 1, ""111000"": 1, ""111001"": 1, ""111100"": 1, ""111110"": 1, ""111111"": 1}"
ising,2,6,0.4286219914265361,1,42,100,1,129,151,224.5625,69.06517019999956,3.1240998703626572,010110,3.6647590609314875,1.951484199946017,4.167150411894773,-7.329518121862975,6.871423239246538,0.5406591905688303,4.4,"{""000001"": 2, ""000011"": 2, ""000101"": 1, ""000111"": 2, ""001001"": 1, ""001010"": 1, ""001011"": 3, ""001100"": 5, ""001101"": 2, ""001110"": 3, ""001111"": 2, ""010000"": 4, ""010001"": 4, ""010010"": 6, ""010011"": 7, ""010100"": 1, ""010101"": 7, ""010110"": 10, ""010111"": 5, ""011001"": 1, ""011010"": 3, ""011011"": 1, ""011100"": 1, ""011101"": 1, ""011110"": 2, ""100000"": 3, ""100001"": 1, ""100010"": 1, ""100011"": 3, ""100100"": 1, ""100110"": 1, ""101000"": 1, ""101001"": 1, ""101100"": 3, ""101101"": 1, ""101110"": 2, ""110000"": 1, ""110001"": 1, ""111000"": 1, ""111010"": 1, ""111110"": 1}"
ising,2,6,0.39685026299204973,1,42,100,1,129,151,226.375,72.37622419999934,3.1240998703626572,001110,3.463388875146265,1.927128524099243,4.285740584944214,-7.9163174289057485,7.668932509252444,0.3392890047836077,4.4,"{""000001"": 1, ""000011"": 1, ""000100"": 1, ""000101"": 1, ""000110"": 1, ""000111"": 1, ""001000"": 1, ""001001"": 1, ""001010"": 1, ""001011"": 2, ""001100"": 5, ""001101"": 4, ""001110"": 7, ""001111"": 7, ""010000"": 6, ""010001"": 7, ""010010"": 2, ""010011"": 6, ""010100"": 1, ""010101"": 2, ""010110"": 3, ""010111"": 5, ""011000"": 1, ""011001"": 1, ""011010"": 4, ""011100"": 1, ""011101"": 1, ""011110"": 1, ""011111"": 1, ""100000"": 1, ""100001"": 1, ""100010"": 3, ""100011"": 1, ""100100"": 1, ""100101"": 1, ""100110"": 1, ""101001"": 2, ""101010"": 1, ""101100"": 2, ""101110"": 1, ""110000"": 1, ""110001"": 1, ""110010"": 2, ""110011"": 1, ""110110"": 1, ""110111"": 1, ""111000"": 1, ""111110"": 1}"
ising,2,6,0.46293735614364534,1,42,100,1,129,151,230.4453125,71.49619259999963,3.1240998703626572,010110,3.7112115918742576,1.9828473362299603,4.0181242697393,-6.786215482284357,6.57414624846297,0.5871117215116004,4.4,"{""000011"": 2, ""000100"": 1, ""000101"": 1, ""000111"": 2, ""001001"": 1, ""001010"": 1, ""001011"": 4, ""001100"": 1, ""001101"": 1, ""001110"": 5, ""001111"": 3, ""010000"": 2, ""010001"": 3, ""010010"": 2, ""010011"": 6, ""010100"": 5, ""010101"": 8, ""010110"": 10, ""010111"": 4, ""011000"": 1, ""011001"": 2, ""011010"": 2, ""011011"": 2, ""011100"": 2, ""011101"": 2, ""011110"": 3, ""011111"": 1, ""100000"": 5, ""100010"": 1, ""100011"": 3, ""100111"": 1, ""101001"": 1, ""101010"": 1, ""101100"": 4, ""101101"": 1, ""101111"": 1, ""110001"": 1, ""110010"": 3, ""111011"": 1}"
ising,2,6,0.36743362306889965,1,42,100,1,129,151,225.8359375,74.36064140000053,3.1240998703626572,001110,4.0078573758996345,2.671904917266423,4.06653363218412,-8.28290524352591,8.28290524352591,0.8837575055369773,4.4,"{""000010"": 1, ""000100"": 1, ""000101"": 1, ""001000"": 1, ""001001"": 2, ""001010"": 2, ""001011"": 3, ""001100"": 4, ""001101"": 7, ""001110"": 8, ""001111"": 5, ""010000"": 6, ""010001"": 6, ""010010"": 8, ""010011"": 6, ""010100"": 3, ""010101"": 1, ""010110"": 4, ""010111"": 4, ""011000"": 2, ""011001"": 2, ""011010"": 1, ""011100"": 1, ""011110"": 1, ""011111"": 1, ""100001"": 2, ""100010"": 3, ""100011"": 1, ""101001"": 1, ""101010"": 1, ""101100"": 1, ""101110"": 1, ""110000"": 1, ""110010"": 2, ""110011"": 1, ""110110"": 1, ""111000"": 1, ""111100"": 1, ""111110"": 1, ""111111"": 1}"
ising,2,6,0.5400298694461529,1,42,100,1,129,151,224.55078125,69.0508260000006,3.1240998703626572,011010,4.181286716757828,1.6452454255068847,4.221719668585964,-5.817442388532632,5.635647313890987,1.057186846395171,4.4,"{""000011"": 1, ""000101"": 3, ""000111"": 1, ""001010"": 2, ""001011"": 1, ""001110"": 1, ""010000"": 2, ""010010"": 1, ""010011"": 1, ""010101"": 3, ""010110"": 4, ""010111"": 5, ""011000"": 7, ""011001"": 7, ""011010"": 9, ""011011"": 4, ""011100"": 6, ""011101"": 5, ""011110"": 3, ""011111"": 5, ""100000"": 1, ""100001"": 2, ""100010"": 4, ""100011"": 4, ""100100"": 4, ""100101"": 2, ""100110"": 2, ""100111"": 2, ""101001"": 3, ""101010"": 1, ""101110"": 1, ""110000"": 1, ""110001"": 1, ""111011"": 1}"
ising,2,6,0.5,1,42,100,1,129,151,223.65234375,69.31168859999889,3.1240998703626572,010111,3.5342917352885173,1.527599427808037,4.134477291610993,-6.283185307179586,6.086835766330224,0.41019186492586,4.4,"{""000011"": 1, ""000100"": 1, ""000101"": 1, ""000111"": 3, ""001000"": 2, ""001001"": 3, ""001010"": 1, ""001011"": 3, ""001100"": 1, ""001101"": 1, ""001110"": 1, ""001111"": 1, ""010001"": 3, ""010010"": 3, ""010011"": 1, ""010100"": 3, ""010101"": 5, ""010110"": 7, ""010111"": 8, ""011000"": 8, ""011001"": 2, ""011010"": 2, ""011011"": 2, ""011100"": 5, ""011101"": 1, ""011110"": 2, ""011111"": 2, ""100000"": 4, ""100001"": 4, ""100010"": 1, ""100011"": 4, ""100100"": 1, ""100101"": 1, ""101000"": 1, ""101001"": 2, ""101010"": 1, ""101100"": 1, ""101101"": 1, ""101110"": 2, ""110000"": 1, ""110001"": 1, ""110111"": 1, ""111111"": 1}"
ising,2,6,0.5832645197880579,1,42,100,1,129,151,225.76171875,68.40945570000076,3.1240998703626572,011100,4.039667098297905,2.021516743773243,3.71286812537537,-5.3862227977305395,5.21790333530146,0.9155672279352474,4.4,"{""000011"": 3, ""000100"": 3, ""000101"": 1, ""000110"": 2, ""001000"": 2, ""001100"": 2, ""010001"": 1, ""010011"": 1, ""010100"": 2, ""010101"": 3, ""010110"": 3, ""010111"": 4, ""011000"": 4, ""011001"": 5, ""011010"": 7, ""011011"": 8, ""011100"": 19, ""011101"": 6, ""011110"": 2, ""011111"": 1, ""100000"": 4, ""100001"": 1, ""100010"": 4, ""100011"": 3, ""100100"": 4, ""100101"": 1, ""100110"": 1, ""101000"": 1, ""101001"": 1, ""110100"": 1}"
ising,2,6,0.629960524947436,1,42,100,1,129,151,223.79296875,69.03275420000136,3.1240998703626572,011101,4.519439281617384,2.669586030831234,3.412162225311296,-4.986967483164009,4.8311247493151335,1.3953394112547266,4.4,"{""000010"": 1, ""000011"": 1, ""010010"": 1, ""010011"": 2, ""010101"": 2, ""010110"": 1, ""010111"": 1, ""011000"": 2, ""011001"": 2, ""011010"": 3, ""011011"": 5, ""011100"": 9, ""011101"": 30, ""011110"": 19, ""011111"": 2, ""100000"": 6, ""100001"": 2, ""100010"": 2, ""100011"": 4, ""100101"": 1, ""110011"": 2, ""110100"": 1, ""111011"": 1}"
ising,2,6,0.7348672461377993,1,42,100,1,129,151,228.42578125,68.99645819999932,3.1240998703626572,100001,-4.141452621762955,-3.1274647056603477,2.644512081123907,-4.275047867626276,4.141452621762955,7.265552492125613,4.4,"{""010000"": 1, ""011100"": 1, ""011101"": 1, ""011110"": 4, ""011111"": 5, ""100000"": 20, ""100001"": 60, ""100010"": 2, ""100011"": 3, ""101010"": 1, ""101101"": 1, ""111111"": 1}"
ising,2,6,0.6803950000871886,1,42,100,1,129,151,224.828125,69.16791110000122,3.1240998703626572,011111,4.473016237296153,3.624586060673528,2.4830055370070854,-4.617307083660545,4.473016237296153,1.3489163669334956,4.4,"{""011001"": 1, ""011011"": 1, ""011100"": 1, ""011101"": 4, ""011110"": 3, ""011111"": 80, ""100000"": 4, ""100001"": 2, ""100010"": 1, ""110001"": 1, ""110100"": 1, ""111001"": 1}"
ising,2,6,0.7937005259840995,1,42,100,1,129,151,223.078125,74.83724540000003,3.1240998703626572,100011,-3.5870813349729174,-2.6470186402903595,2.3751112641775136,-3.9581587144528743,3.834466254626222,6.711181205335574,4.4,"{""010010"": 1, ""010101"": 2, ""011011"": 2, ""011100"": 1, ""011110"": 3, ""011111"": 4, ""100000"": 5, ""100001"": 12, ""100010"": 22, ""100011"": 23, ""100100"": 9, ""100101"": 5, ""100110"": 5, ""101000"": 1, ""101010"": 1, ""101101"": 2, ""101110"": 2}"
ising,2,6,0.9258747122872896,1,42,100,1,129,151,231.89453125,69.24156889999904,3.1240998703626572,101100,-2.120692338213864,-1.4166224819268611,1.942274190200841,-3.3931077411421824,3.1810385073207956,5.244792208576522,4.4,"{""000110"": 1, ""010001"": 1, ""010100"": 2, ""010101"": 3, ""010110"": 1, ""010111"": 4, ""011011"": 2, ""011100"": 1, ""011101"": 1, ""011110"": 2, ""100000"": 4, ""100010"": 2, ""100011"": 5, ""100100"": 2, ""100101"": 6, ""100110"": 3, ""100111"": 8, ""101000"": 7, ""101001"": 7, ""101010"": 3, ""101011"": 2, ""101100"": 8, ""101101"": 2, ""101110"": 4, ""101111"": 2, ""110000"": 1, ""110001"": 3, ""110010"": 2, ""110011"": 2, ""110100"": 1, ""110110"": 1, ""111000"": 4, ""111010"": 1, ""111111"": 2}"
ising,2,6,0.8572439828530722,1,42,100,1,129,151,227.00390625,72.5255932,3.1240998703626572,100101,-2.9776167370068336,-1.6182201728425598,2.420928839339572,-3.6647590609314875,3.550235340277378,6.101716607369491,4.4,"{""000100"": 1, ""001010"": 1, ""001011"": 2, ""001110"": 1, ""010011"": 1, ""010101"": 2, ""010111"": 2, ""011001"": 1, ""011010"": 2, ""011011"": 2, ""011100"": 5, ""011101"": 1, ""011110"": 1, ""011111"": 1, ""100000"": 4, ""100001"": 3, ""100010"": 5, ""100011"": 8, ""100100"": 10, ""100101"": 14, ""100110"": 9, ""100111"": 4, ""101000"": 2, ""101001"": 1, ""101010"": 2, ""101011"": 1, ""101100"": 6, ""101110"": 1, ""110000"": 1, ""110101"": 1, ""111000"": 4, ""111101"": 1}"
ising,2,6,1.0,1,42,100,1,129,151,235.81640625,69.83060469999873,3.1240998703626572,101100,-1.6689710972195777,-0.9856746950637976,1.7500906793605076,-3.141592653589793,3.043417883165112,4.793070967582235,4.4,"{""000100"": 1, ""000111"": 2, ""001010"": 1, ""001011"": 1, ""001110"": 1, ""010000"": 1, ""010001"": 2, ""010011"": 3, ""010101"": 3, ""010110"": 1, ""010111"": 3, ""011010"": 1, ""011011"": 1, ""011110"": 2, ""011111"": 1, ""100000"": 3, ""100001"": 3, ""100010"": 1, ""100011"": 3, ""100101"": 2, ""100110"": 4, ""101000"": 1, ""101001"": 4, ""101010"": 3, ""101011"": 2, ""101100"": 9, ""101101"": 6, ""101110"": 8, ""101111"": 2, ""110000"": 4, ""110001"": 4, ""110010"": 5, ""110011"": 4, ""110110"": 2, ""110111"": 1, ""111000"": 1, ""111001"": 1, ""111010"": 1, ""111100"": 1, ""111110"": 1}"
ising,2,6,1.1665290395761159,1,42,100,1,129,151,225.8359375,68.78055040000072,3.1240998703626572,110110,-0.9257570433599364,-0.701892158329261,1.0550420447839735,-2.60895166765073,2.5247919364361904,4.049856913722594,4.4,"{""000000"": 5, ""000011"": 3, ""000100"": 1, ""000111"": 1, ""001001"": 1, ""001010"": 1, ""001011"": 2, ""001100"": 1, ""001111"": 1, ""010001"": 1, ""010011"": 2, ""010110"": 2, ""010111"": 1, ""011110"": 1, ""100001"": 1, ""100010"": 1, ""100011"": 2, ""100101"": 1, ""100111"": 1, ""101001"": 2, ""101011"": 1, ""101100"": 5, ""101101"": 4, ""101110"": 3, ""101111"": 3, ""110000"": 3, ""110001"": 4, ""110010"": 5, ""110011"": 5, ""110100"": 6, ""110101"": 7, ""110110"": 7, ""110111"": 4, ""111000"": 1, ""111001"": 1, ""111010"": 2, ""111011"": 4, ""111100"": 1, ""111101"": 1, ""111110"": 1, ""111111"": 1}"
ising,2,6,1.0800597388923059,1,42,100,1,129,151,225.6015625,73.5893460999996,3.1240998703626572,110010,-1.2725655224915131,-0.7235443970737461,1.460940375347812,-2.8178236569454933,2.8178236569454933,4.39666539285417,4.4,"{""000001"": 1, ""000101"": 1, ""001000"": 1, ""001001"": 1, ""001011"": 2, ""001100"": 1, ""001101"": 1, ""001110"": 1, ""001111"": 2, ""010001"": 1, ""010010"": 1, ""010011"": 3, ""010101"": 1, ""010110"": 1, ""010111"": 3, ""011001"": 1, ""011100"": 1, ""011111"": 2, ""100001"": 1, ""100010"": 3, ""100011"": 1, ""100100"": 1, ""100101"": 1, ""101001"": 2, ""101010"": 3, ""101011"": 1, ""101100"": 4, ""101101"": 7, ""101110"": 8, ""101111"": 4, ""110000"": 7, ""110001"": 4, ""110010"": 9, ""110011"": 3, ""110100"": 3, ""110110"": 3, ""110111"": 2, ""111000"": 3, ""111001"": 1, ""111010"": 1, ""111100"": 1, ""111110"": 2}"
ising,2,6,1.259921049894872,1,42,100,1,129,151,223.9375,71.84871100000055,3.1240998703626572,111010,-0.3896068346221882,-0.2781792799202424,0.8456637955997732,-2.259719640808692,2.3376410077331293,3.5137067049848456,4.4,"{""000000"": 1, ""000001"": 2, ""000010"": 3, ""000011"": 3, ""000100"": 3, ""000101"": 4, ""000110"": 2, ""000111"": 2, ""001001"": 2, ""001010"": 2, ""001011"": 1, ""001100"": 1, ""010000"": 1, ""010011"": 1, ""010100"": 1, ""010101"": 1, ""010111"": 1, ""011110"": 1, ""100011"": 2, ""100100"": 1, ""100111"": 1, ""101000"": 1, ""101001"": 2, ""101010"": 1, ""101110"": 2, ""110000"": 1, ""110001"": 1, ""110010"": 1, ""110011"": 1, ""110101"": 2, ""110110"": 5, ""110111"": 3, ""111000"": 7, ""111001"": 7, ""111010"": 9, ""111011"": 5, ""111100"": 5, ""111101"": 5, ""111110"": 1, ""111111"": 5}"
ising,2,6,1.587401051968199,1,42,100,1,129,151,225.99609375,68.80308499999956,3.1240998703626572,000110,0.3092311495666308,0.2702680247212353,0.48464393051965793,-1.113232138439871,1.7935406674864587,2.8148687207960266,4.4,"{""000000"": 1, ""000001"": 3, ""000010"": 7, ""000011"": 6, ""000100"": 5, ""000101"": 10, ""000110"": 11, ""000111"": 9, ""001000"": 4, ""001001"": 4, ""001010"": 5, ""001011"": 4, ""001100"": 3, ""001111"": 1, ""010000"": 1, ""010100"": 1, ""010101"": 1, ""010111"": 1, ""011010"": 1, ""011101"": 1, ""101110"": 1, ""110000"": 1, ""110101"": 1, ""110111"": 3, ""111000"": 3, ""111001"": 2, ""111010"": 1, ""111011"": 1, ""111100"": 3, ""111101"": 2, ""111110"": 3}"
ising,2,6,1.4697344922755986,1,42,100,1,129,151,223.140625,71.73186689999966,3.1240998703626572,000001,0.06679762293166057,0.07414536145414323,0.36806348018065277,-1.2691548357015507,2.0707263108814775,3.0573022474309965,4.4,"{""000000"": 10, ""000001"": 52, ""000010"": 13, ""000011"": 7, ""000111"": 1, ""001010"": 1, ""010001"": 1, ""010111"": 1, ""011111"": 1, ""101101"": 1, ""101110"": 1, ""101111"": 1, ""111100"": 2, ""111101"": 1, ""111110"": 4, ""111111"": 3}"
ising,2,6,1.7144879657061445,1,42,100,1,129,151,229.85546875,71.44192620000103,3.1240998703626572,001110,0.7157732540881812,0.47355558490474065,0.8056165098508079,-1.775117670138689,1.775117670138689,2.408326616274476,4.4,"{""000000"": 3, ""000001"": 2, ""000010"": 1, ""000100"": 1, ""000101"": 2, ""000110"": 3, ""000111"": 2, ""001001"": 3, ""001010"": 3, ""001011"": 3, ""001100"": 8, ""001101"": 6, ""001110"": 9, ""001111"": 2, ""010000"": 5, ""010001"": 5, ""010010"": 3, ""010011"": 7, ""010101"": 3, ""010110"": 1, ""010111"": 4, ""011001"": 1, ""011010"": 1, ""011100"": 1, ""011110"": 1, ""011111"": 1, ""100001"": 1, ""100011"": 3, ""101000"": 1, ""101001"": 1, ""101010"": 1, ""101100"": 1, ""101110"": 1, ""110000"": 1, ""110010"": 2, ""110110"": 2, ""111000"": 1, ""111010"": 1, ""111011"": 1, ""111110"": 2}"
ising,2,6,1.3607900001743771,1,42,100,1,129,151,225.04296875,74.2720457000014,3.1240998703626572,111110,-0.14429084636439204,-0.15294829714625557,0.31022955652455925,-2.1643626954658806,1.2986176172795283,3.2683907167270494,4.4,"{""000000"": 4, ""000001"": 3, ""000010"": 5, ""000011"": 3, ""000100"": 1, ""000101"": 1, ""010010"": 1, ""100010"": 1, ""110010"": 1, ""110111"": 1, ""111000"": 1, ""111001"": 2, ""111010"": 2, ""111011"": 2, ""111100"": 5, ""111101"": 13, ""111110"": 51, ""111111"": 3}"
ising,2,6,1.8517494245745791,1,42,100,1,129,151,225.80859375,72.00699259999965,3.1240998703626572,010110,0.8217682810578723,0.39126773640045787,1.0027886224771614,-1.6965538705710912,1.5905192536603978,2.302331589304785,4.4,"{""000001"": 1, ""000011"": 2, ""000101"": 2, ""000110"": 1, ""000111"": 2, ""001001"": 2, ""001010"": 1, ""001011"": 2, ""001100"": 5, ""001101"": 2, ""001110"": 3, ""001111"": 2, ""010000"": 4, ""010001"": 3, ""010010"": 6, ""010011"": 7, ""010100"": 1, ""010101"": 5, ""010110"": 10, ""010111"": 5, ""011001"": 1, ""011010"": 3, ""011011"": 1, ""011100"": 1, ""011101"": 1, ""011110"": 2, ""100000"": 5, ""100010"": 2, ""100011"": 3, ""100100"": 1, ""100110"": 1, ""101000"": 1, ""101001"": 1, ""101100"": 3, ""101101"": 1, ""101110"": 2, ""110000"": 1, ""110001"": 1, ""111000"": 1, ""111010"": 1, ""111110"": 1}"
ising,2,6,2.0,1,42,100,1,129,151,231.625,69.49165700000049,3.1240998703626572,011100,1.1780972450961724,0.6111379458936395,1.0575673990665075,-1.5707963267948966,1.521708941582556,1.9460026252664848,4.4,"{""000011"": 3, ""000100"": 1, ""000101"": 3, ""000111"": 3, ""001000"": 1, ""001100"": 2, ""010011"": 1, ""010100"": 2, ""010101"": 6, ""010110"": 2, ""010111"": 5, ""011000"": 5, ""011001"": 5, ""011010"": 10, ""011011"": 7, ""011100"": 16, ""011101"": 5, ""011110"": 2, ""011111"": 1, ""100000"": 4, ""100001"": 2, ""100010"": 3, ""100011"": 2, ""100100"": 3, ""100101"": 1, ""100110"": 2, ""101000"": 1, ""101001"": 1, ""110110"": 1}"
ising,2,8,0.0009765625,1,42,100,1,514,552,236.84375,118.53554900000017,3.1240998703626572,00000000,0.0,0.5026548245743669,5.026548245743669,-25.132741228718345,25.132741228718345,3.1240998703626572,4.4,"{""00000000"": 96, ""00000001"": 3, ""11111111"": 1}"
ising,2,8,0.0010547458387620175,1,42,100,1,514,552,244.22265625,119.59311170000001,3.1240998703626572,00000000,0.0,0.0,6.614842051160802,-46.53953910826105,23.269769554130527,3.1240998703626572,4.4,"{""00000000"": 95, ""00000001"": 3, ""11111110"": 1, ""11111111"": 1}"
ising,2,8,0.0012303916502879625,1,42,100,1,514,552,235.05859375,117.62993070000084,3.1240998703626572,00000000,0.0,0.39895739865312024,6.933372288357884,-39.895739865312024,39.895739865312024,3.1240998703626572,4.4,"{""00000000"": 94, ""00000001"": 3, ""00000010"": 1, ""11111110"": 1, ""11111111"": 1}"
ising,2,8,0.0014352875901128893,1,42,100,1,514,552,232.29296875,114.40779290000137,3.1240998703626572,00000000,0.0,0.5130057441151532,8.226136667147951,-34.20038294101021,51.30057441151532,3.1240998703626572,4.4,"{""00000000"": 91, ""00000001"": 3, ""00000010"": 1, ""00000011"": 1, ""11111110"": 1, ""11111111"": 3}"
ising,2,8,0.0011391885152110507,1,42,100,1,514,552,236.09375,118.47818980000011,3.1240998703626572,00000000,0.0,0.0,6.1245149809443795,-43.089782381844316,21.544891190922158,3.1240998703626572,4.4,"{""00000000"": 95, ""00000001"": 3, ""11111110"": 1, ""11111111"": 1}"
ising,2,8,0.0013288964845452902,1,42,100,1,514,552,233.5234375,116.97466820000045,3.1240998703626572,00000000,0.0,0.36938456669284364,6.41943407266403,-36.93845666928436,36.93845666928436,3.1240998703626572,4.4,"{""00000000"": 94, ""00000001"": 3, ""00000010"": 1, ""11111110"": 1, ""11111111"": 1}"
ising,2,8,0.0015501963398126943,1,42,100,1,514,552,238.82421875,118.82617089999985,3.1240998703626572,00000000,0.0,0.9499580914686898,8.950634767710879,-31.665269715622994,47.49790457343449,3.1240998703626572,4.4,"{""00000000"": 90, ""00000001"": 3, ""00000010"": 1, ""00000011"": 2, ""11111110"": 1, ""11111111"": 3}"
ising,2,8,0.0016743046540099089,1,42,100,1,514,552,234.109375,118.5820079999994,3.1240998703626572,00000000,0.0,1.6124939868098525,45.88034469951327,-293.1807248745186,337.1578336056964,3.1240998703626572,4.4,"{""00000000"": 86, ""00000001"": 3, ""00000010"": 1, ""00000011"": 3, ""00010111"": 1, ""11101100"": 1, ""11111110"": 1, ""11111111"": 4}"
ising,2,8,0.0018083490474361146,1,42,100,1,514,552,235.41015625,118.98559260000002,3.1240998703626572,00000000,0.0,1.4929674061025584,42.47945094830357,-271.44861929137426,312.1659121850804,3.1240998703626572,4.4,"{""00000000"": 86, ""00000001"": 3, ""00000010"": 1, ""00000011"": 3, ""00010111"": 1, ""11101100"": 1, ""11111110"": 1, ""11111111"": 4}"
ising,2,8,0.001953125,1,42,100,1,514,552,238.5390625,118.62796770000023,3.1240998703626572,00000000,0.0,-5.9061941887488105,54.570000494129836,-477.5220833456485,37.69911184307752,3.1240998703626572,4.4,"{""00000000"": 83, ""00000001"": 6, ""00000010"": 1, ""00000011"": 3, ""11011010"": 1, ""11101100"": 1, ""11111110"": 1, ""11111111"": 4}"
ising,2,8,0.002109491677524035,1,42,100,1,514,552,240.28125,116.62666800000079,3.1240998703626572,00000000,0.0,-5.7010935407619785,50.71515215341283,-442.12562152847994,34.904654331195786,3.1240998703626572,4.4,"{""00000000"": 82, ""00000001"": 7, ""00000010"": 1, ""00000011"": 3, ""11011010"": 1, ""11101100"": 1, ""11111100"": 1, ""11111110"": 1, ""11111111"": 3}"
ising,2,8,0.0022783770304221013,1,42,100,1,514,552,234.96875,112.66870050000034,3.1240998703626572,00000000,0.0,-5.278498341775928,47.030707436349495,-409.352932627521,32.31733678638324,3.1240998703626572,4.4,"{""00000000"": 79, ""00000001"": 9, ""00000010"": 1, ""00000011"": 3, ""11011010"": 1, ""11101100"": 1, ""11111100"": 1, ""11111110"": 2, ""11111111"": 3}"
ising,2,8,0.0026577929690905803,1,42,100,1,514,552,232.953125,112.23194929999954,3.1240998703626572,00000000,0.0,-5.910153067085498,49.33026610944526,-350.91533835820144,64.64229917124763,3.1240998703626572,4.4,"{""00000000"": 74, ""00000001"": 13, ""00000010"": 2, ""00000011"": 3, ""00000111"": 1, ""11011010"": 1, ""11100010"": 1, ""11101100"": 1, ""11111100"": 1, ""11111110"": 2, ""11111111"": 1}"
ising,2,8,0.0028705751802257785,1,42,100,1,514,552,232.5,113.37452409999969,3.1240998703626572,00000000,0.0,-5.130057441151532,45.74601870299945,-324.903637939597,59.850670146767875,3.1240998703626572,4.4,"{""00000000"": 70, ""00000001"": 17, ""00000010"": 2, ""00000011"": 3, ""00000111"": 1, ""11011010"": 1, ""11100010"": 1, ""11101100"": 1, ""11111100"": 1, ""11111110"": 2, ""11111111"": 1}"
ising,2,8,0.0033486093080198178,1,42,100,1,514,552,231.48828125,113.0478879000002,3.1240998703626572,00000000,0.0,3.5181686984942235,38.198824332510775,-219.88554365588894,219.88554365588894,3.1240998703626572,4.4,"{""00000000"": 59, ""00000001"": 23, ""00000010"": 4, ""00000011"": 3, ""00000100"": 1, ""00000111"": 1, ""00001010"": 1, ""00010000"": 1, ""00011110"": 1, ""11100010"": 1, ""11101100"": 1, ""11111100"": 1, ""11111110"": 2, ""11111111"": 1}"
ising,2,8,0.002460783300575925,1,42,100,1,514,552,245.35546875,119.02341109999907,3.1240998703626572,00000000,0.0,-6.782275777103044,53.17315877967058,-379.00952872046423,69.81754476429604,3.1240998703626572,4.4,"{""00000000"": 77, ""00000001"": 11, ""00000010"": 1, ""00000011"": 3, ""00000111"": 1, ""11011010"": 1, ""11100010"": 1, ""11101100"": 1, ""11111100"": 1, ""11111110"": 2, ""11111111"": 1}"
ising,2,8,0.0031003926796253885,1,42,100,1,514,552,237.78125,117.93676569999843,3.1240998703626572,00000000,0.0,-3.2456901458513565,44.399507817309555,-300.8200622984184,126.66107886249198,3.1240998703626572,4.4,"{""00000000"": 67, ""00000001"": 18, ""00000010"": 3, ""00000011"": 3, ""00000111"": 1, ""00010000"": 1, ""11011010"": 1, ""11100010"": 1, ""11101100"": 1, ""11111100"": 1, ""11111110"": 2, ""11111111"": 1}"
ising,2,8,0.00390625,1,42,100,1,514,552,237.453125,112.63761870000053,3.1240998703626572,00000000,0.0,3.8327430373795477,33.449517115405996,-188.49555921538757,194.77874452256717,3.1240998703626572,4.4,"{""00000000"": 44, ""00000001"": 36, ""00000010"": 3, ""00000011"": 2, ""00000100"": 2, ""00001010"": 2, ""00010000"": 1, ""00011111"": 1, ""11100010"": 1, ""11101100"": 1, ""11111100"": 1, ""11111110"": 2, ""11111111"": 4}"
ising,2,8,0.00421898335504807,1,42,100,1,514,552,235.59765625,113.33627850000084,3.1240998703626572,00000001,5.817442388532632,3.606814280890232,30.72498896075713,-174.52327165597893,180.34071404451157,2.6933425181699744,4.4,"{""00000000"": 36, ""00000001"": 44, ""00000010"": 4, ""00000011"": 1, ""00000100"": 1, ""00001010"": 2, ""00010000"": 1, ""00011111"": 1, ""11100010"": 1, ""11101101"": 1, ""11111100"": 1, ""11111101"": 1, ""11111110"": 2, ""11111111"": 4}"
ising,2,8,0.0036166980948722292,1,42,100,1,514,552,236.48046875,117.5593112000006,3.1240998703626572,00000000,0.0,2.8502105025594298,35.468457377623736,-203.5864644685307,210.37267995081504,3.1240998703626572,4.4,"{""00000000"": 51, ""00000001"": 31, ""00000010"": 3, ""00000011"": 2, ""00000100"": 1, ""00001010"": 1, ""00010000"": 1, ""00011111"": 1, ""11100010"": 1, ""11101100"": 1, ""11111100"": 1, ""11111110"": 2, ""11111111"": 4}"
ising,2,8,0.004556754060844206,1,42,100,1,514,552,237.02734375,113.2144857000003,3.1240998703626572,00000001,5.386222797730536,5.278498341775926,22.95391289464746,-102.33823315688016,166.9729067296466,2.2621229273678787,4.4,"{""00000000"": 28, ""00000001"": 54, ""00000010"": 4, ""00000011"": 1, ""00001010"": 2, ""00010000"": 1, ""00011111"": 1, ""11101101"": 1, ""11111100"": 1, ""11111101"": 1, ""11111110"": 2, ""11111111"": 4}"
ising,2,8,0.0049215666011518475,1,42,100,1,514,552,240.88671875,114.30653770000026,3.1240998703626572,00000001,4.986967483164006,1.3963508952859216,22.359543662027527,-169.5568944275762,79.79147973062409,1.8628676128013484,4.4,"{""00000000"": 22, ""00000001"": 61, ""00000010"": 2, ""00000011"": 2, ""00001010"": 1, ""00010000"": 1, ""11011110"": 1, ""11101101"": 1, ""11111100"": 1, ""11111101"": 1, ""11111110"": 2, ""11111111"": 5}"
ising,2,8,0.005315585938181161,1,42,100,1,514,552,233.6875,112.53820009999981,3.1240998703626572,00000001,4.617307083660545,3.04742267521596,13.722592586747695,-87.72883458955036,83.11152750588981,1.4932072132978882,4.4,"{""00000000"": 18, ""00000001"": 65, ""00000010"": 2, ""00000011"": 2, ""00001010"": 1, ""00010010"": 1, ""11101101"": 1, ""11111100"": 1, ""11111101"": 1, ""11111110"": 3, ""11111111"": 5}"
ising,2,8,0.005741150360451557,1,42,100,1,514,552,235.171875,112.41508579999936,3.1240998703626572,00000001,4.275047867626276,2.137523933813138,10.140304165674047,-81.22590948489925,42.750478676262766,1.1509479972636192,4.4,"{""00000000"": 15, ""00000001"": 72, ""00000010"": 2, ""00001010"": 1, ""11101101"": 1, ""11111100"": 1, ""11111101"": 1, ""11111110"": 3, ""11111111"": 4}"
ising,2,8,0.006200785359250777,1,42,100,1,514,552,231.90234375,112.36637359999986,3.1240998703626572,00000001,3.9581587144528743,3.562342843007587,4.518252134494001,-15.832634857811497,39.58158714452874,0.834058844090217,4.4,"{""00000000"": 10, ""00000001"": 83, ""00000010"": 2, ""00001010"": 1, ""11111100"": 1, ""11111111"": 3}"
ising,2,8,0.006697218616039631,1,42,100,1,514,552,232.48046875,112.23992999999973,3.1240998703626572,00000001,3.664759060931485,3.151692792401077,2.3881367050855773,-14.65903624372594,7.32951812186297,0.5406591905688276,4.4,"{""00000000"": 5, ""00000001"": 89, ""00000010"": 2, ""11111100"": 1, ""11111111"": 3}"
ising,2,8,0.00843796671009614,1,42,100,1,514,552,237.67578125,112.42679250000037,3.1240998703626572,00000001,2.908721194266316,2.7051107106676735,1.8141419140580022,-11.634884777065263,8.726163582798947,0.21537867609634143,4.4,"{""00000000"": 1, ""00000001"": 94, ""00000010"": 1, ""00000011"": 1, ""11111100"": 1, ""11111111"": 2}"
ising,2,8,0.009113508121688405,1,42,100,1,514,552,234.18359375,112.03815140000006,3.1240998703626572,00000001,2.6931113988652697,1.777453523251078,5.320810079347772,-45.78289378070959,8.07933419659581,0.4309884714973875,4.4,"{""00000000"": 5, ""00000001"": 85, ""00000010"": 3, ""00000011"": 1, ""11101111"": 1, ""11111100"": 2, ""11111111"": 3}"
ising,2,8,0.0078125,1,42,100,1,514,552,237.828125,117.11230949999845,3.1240998703626572,00000001,3.141592653589793,2.8902652413026098,1.7108435665636876,-12.566370614359172,3.141592653589793,0.017492783227135877,4.4,"{""00000000"": 1, ""00000001"": 97, ""11111100"": 1, ""11111111"": 1}"
ising,2,8,0.0072333961897444584,1,42,100,1,514,552,242.703125,118.2795315000003,3.1240998703626572,00000001,3.3931077411421784,3.630625283022131,2.6085255910688923,-3.3931077411421784,27.144861929137427,0.26900787077952115,4.4,"{""00000000"": 1, ""00000001"": 95, ""00000010"": 1, ""00000011"": 1, ""00001000"": 1, ""11111111"": 1}"
ising,2,8,0.009843133202303695,1,42,100,1,514,552,238.16796875,117.19963950000056,3.1240998703626572,00000001,2.493483741582003,1.720503781691582,6.073684349677689,-47.37619109005805,24.934837415820027,0.6306161287806544,4.4,"{""00000000"": 7, ""00000001"": 74, ""00000010"": 6, ""00000011"": 3, ""00001010"": 1, ""11101101"": 1, ""11111100"": 2, ""11111101"": 1, ""11111110"": 1, ""11111111"": 4}"
ising,2,8,0.010631171876362321,1,42,100,1,514,552,235.3203125,113.12533070000063,3.1240998703626572,00000001,2.3086535418302727,2.6318650376865107,12.317277981218353,-66.95095271307791,71.56825979673845,0.8154463285323845,4.4,"{""00000000"": 9, ""00000001"": 56, ""00000010"": 17, ""00000011"": 3, ""00000100"": 1, ""00000101"": 1, ""00001010"": 1, ""00001011"": 1, ""00010010"": 1, ""00011111"": 1, ""11100011"": 1, ""11101101"": 1, ""11111100"": 2, ""11111101"": 1, ""11111110"": 1, ""11111111"": 3}"
ising,2,8,0.011482300720903114,1,42,100,1,514,552,242.4296875,113.6650185999988,3.1240998703626572,00000001,2.137523933813138,1.2183886422734886,14.893895899134197,-87.63848128633866,66.26324194820728,0.986575936549519,4.4,"{""00000000"": 8, ""00000001"": 41, ""00000010"": 32, ""00000011"": 2, ""00000100"": 1, ""00000110"": 1, ""00001011"": 1, ""00010010"": 1, ""00011111"": 1, ""11010111"": 1, ""11100011"": 1, ""11101101"": 1, ""11110000"": 1, ""11111100"": 2, ""11111101"": 1, ""11111110"": 3, ""11111111"": 2}"
ising,2,8,0.012401570718501554,1,42,100,1,514,552,232.06640625,112.41389499999968,3.1240998703626572,00000010,3.9581587144528743,2.295732054382667,10.218837866554685,-81.14225364628392,35.62342843007587,0.834058844090217,4.4,"{""00000000"": 9, ""00000001"": 20, ""00000010"": 57, ""00000011"": 5, ""00000110"": 1, ""00001010"": 1, ""00010010"": 1, ""11010111"": 1, ""11101110"": 1, ""11111110"": 4}"
ising,2,8,0.013394437232079262,1,42,100,1,514,552,235.44140625,111.91480779999983,3.1240998703626572,00000010,3.664759060931485,2.0889126647309464,8.8742709129412,-75.12756074909544,12.826656713260197,0.5406591905688276,4.4,"{""00000000"": 8, ""00000001"": 8, ""00000010"": 70, ""00000011"": 5, ""00000100"": 1, ""00000110"": 1, ""00000111"": 1, ""11010111"": 1, ""11101110"": 1, ""11111110"": 3, ""11111111"": 1}"
ising,2,8,0.014466792379488917,1,42,100,1,514,552,233.234375,112.53321080000023,3.1240998703626572,00000010,3.3931077411421784,3.0368314283222495,3.8604250202692474,-30.537969670279605,11.875877093997625,0.26900787077952115,4.4,"{""00000000"": 3, ""00000001"": 4, ""00000010"": 84, ""00000011"": 3, ""00000110"": 1, ""00000111"": 2, ""11101110"": 1, ""11111110"": 2}"
ising,2,8,0.01687593342019228,1,42,100,1,514,552,239.1015625,112.18147139999928,3.1240998703626572,00000010,2.908721194266316,2.603305468868353,3.1573462822638487,-26.178490748396843,8.726163582798947,0.21537867609634143,4.4,"{""00000000"": 2, ""00000001"": 3, ""00000010"": 82, ""00000011"": 8, ""00000100"": 1, ""00000110"": 1, ""11101110"": 1, ""11111110"": 2}"
ising,2,8,0.018227016243376824,1,42,100,1,514,552,233.8046875,112.39617949999956,3.1240998703626572,00000010,2.693111398865268,4.039667098297902,12.993467875578608,-24.23800258978741,126.57623574666759,0.4309884714973893,4.4,"{""00000000"": 3, ""00000001"": 3, ""00000010"": 62, ""00000011"": 14, ""00000100"": 7, ""00000101"": 1, ""00000110"": 1, ""00001000"": 1, ""00010010"": 1, ""01011110"": 1, ""11101110"": 1, ""11111110"": 5}"
ising,2,8,0.015625,1,42,100,1,514,552,238.0859375,117.35042640000029,3.1240998703626572,00000010,3.141592653589793,2.670353755551324,3.3600936411064106,-28.274333882308138,9.42477796076938,0.017492783227135877,4.4,"{""00000000"": 2, ""00000001"": 4, ""00000010"": 88, ""00000011"": 2, ""00000110"": 1, ""11101110"": 1, ""11111110"": 2}"
ising,2,8,0.024803141437003108,1,42,100,1,514,552,236.4921875,112.29121160000068,3.1240998703626572,00000011,2.9686190358396556,2.523326180463707,3.567489507093359,-17.811714215037934,12.864015821971842,0.15548083452300165,4.4,"{""00000000"": 2, ""00000001"": 1, ""00000010"": 3, ""00000011"": 62, ""00000100"": 15, ""00000101"": 9, ""00001101"": 1, ""11101110"": 1, ""11101111"": 1, ""11110111"": 1, ""11111100"": 1, ""11111101"": 2, ""11111110"": 1}"
ising,2,8,0.01968626640460739,1,42,100,1,514,552,233.6953125,117.74618120000014,3.1240998703626572,00000010,3.1168546769775034,3.1417895143933237,5.4918429429168585,-22.441353674238027,26.18157928661103,0.007245193385153836,4.4,"{""00000000"": 5, ""00000001"": 5, ""00000010"": 32, ""00000011"": 31, ""00000100"": 6, ""00000101"": 4, ""00000110"": 3, ""00001000"": 1, ""00001010"": 1, ""00001011"": 1, ""00001101"": 1, ""00010010"": 1, ""00010101"": 1, ""11101110"": 1, ""11110100"": 1, ""11110101"": 1, ""11111100"": 1, ""11111110"": 4}"
ising,2,8,0.021262343752724643,1,42,100,1,514,552,244.1171875,118.34979930000009,3.1240998703626572,00000011,3.462980312745409,3.070509210634263,3.8274842950509016,-19.62355510555732,15.006248021896774,0.33888044238275183,4.4,"{""00000000"": 3, ""00000001"": 5, ""00000010"": 11, ""00000011"": 56, ""00000100"": 7, ""00000101"": 7, ""00000110"": 1, ""00001000"": 1, ""00001010"": 1, ""00001011"": 1, ""00001101"": 1, ""11101111"": 1, ""11110100"": 1, ""11111100"": 1, ""11111101"": 1, ""11111110"": 2}"
ising,2,8,0.022964601441806228,1,42,100,1,514,552,237.32421875,117.34696690000055,3.1240998703626572,00000011,3.2062859007197075,2.7574058746189487,3.9530331161389216,-19.237715404318244,13.893905569785401,0.0821860303570503,4.4,"{""00000000"": 3, ""00000001"": 2, ""00000010"": 2, ""00000011"": 69, ""00000100"": 8, ""00000101"": 8, ""00001101"": 2, ""11101110"": 1, ""11101111"": 1, ""11110111"": 1, ""11111100"": 1, ""11111101"": 1, ""11111110"": 1}"
ising,2,8,0.026788874464158525,1,42,100,1,514,552,234.1796875,113.02180070000031,3.1240998703626572,00000011,3.2066641783150494,2.9134834534405307,5.315815005672051,-31.150452017917626,18.323795304657427,0.08256430795239211,4.4,"{""00000000"": 3, ""00000001"": 2, ""00000010"": 2, ""00000011"": 38, ""00000100"": 30, ""00000101"": 11, ""00000110"": 2, ""00000111"": 1, ""00001010"": 2, ""00001011"": 1, ""00001100"": 1, ""00001101"": 1, ""00010100"": 1, ""11011110"": 1, ""11100010"": 1, ""11111100"": 1, ""11111101"": 1, ""11111111"": 1}"
ising,2,8,0.028933584758977816,1,42,100,1,514,552,235.52734375,112.60570749999897,3.1240998703626572,00000100,3.39310774114218,2.8756588106179977,4.882509309755864,-28.841415799708535,16.9655387057109,0.26900787077952293,4.4,"{""00000000"": 2, ""00000001"": 2, ""00000010"": 2, ""00000011"": 21, ""00000100"": 52, ""00000101"": 8, ""00000110"": 3, ""00001010"": 2, ""00001011"": 1, ""00001100"": 2, ""00010100"": 1, ""11011110"": 1, ""11100010"": 1, ""11111100"": 1, ""11111101"": 1}"
ising,2,8,0.03125,1,42,100,1,514,552,237.0078125,112.48866519999865,3.1240998703626572,00000100,3.141592653589793,2.8195794065968394,4.797686855998407,-29.059732045705587,18.84955592153876,0.017492783227135877,4.4,"{""00000000"": 3, ""00000001"": 2, ""00000010"": 2, ""00000011"": 12, ""00000100"": 60, ""00000101"": 6, ""00000110"": 5, ""00000111"": 1, ""00001001"": 1, ""00001010"": 1, ""00001100"": 2, ""00001110"": 1, ""00011000"": 1, ""11011011"": 1, ""11100010"": 1, ""11111100"": 1}"
ising,2,8,0.03375186684038456,1,42,100,1,514,552,233.72265625,113.36574269999983,3.1240998703626572,00000100,2.908721194266316,3.0105264360656365,4.32128294184292,-26.90567104696342,17.452327165597893,0.21537867609634143,4.4,"{""00000000"": 3, ""00000001"": 2, ""00000010"": 3, ""00000011"": 9, ""00000100"": 40, ""00000101"": 18, ""00000110"": 8, ""00000111"": 4, ""00001010"": 1, ""00001011"": 1, ""00001100"": 2, ""00001101"": 1, ""00001110"": 1, ""00010100"": 1, ""00011000"": 1, ""11011011"": 1, ""11101111"": 1, ""11111100"": 2, ""11111111"": 1}"
ising,2,8,0.03645403248675365,1,42,100,1,514,552,239.7421875,112.65774219999912,3.1240998703626572,00000101,3.366389248581585,3.090345330197895,5.5906964881733465,-24.911280439503727,39.7233931332627,0.2422893782189277,4.4,"{""00000000"": 1, ""00000001"": 3, ""00000010"": 2, ""00000011"": 10, ""00000100"": 21, ""00000101"": 36, ""00000110"": 8, ""00000111"": 5, ""00001000"": 2, ""00001010"": 1, ""00001011"": 1, ""00001101"": 2, ""00001110"": 1, ""00010110"": 1, ""00111011"": 1, ""11011011"": 1, ""11100111"": 1, ""11110010"": 1, ""11111100"": 1, ""11111101"": 1}"
ising,2,8,0.03937253280921478,1,42,100,1,514,552,237.3125,113.58115580000049,3.1240998703626572,00000101,3.1168546769775034,3.621785134647859,5.000090592526319,-15.584273384887519,36.77888518833454,0.007245193385153836,4.4,"{""00000001"": 2, ""00000010"": 2, ""00000011"": 11, ""00000100"": 11, ""00000101"": 38, ""00000110"": 13, ""00000111"": 4, ""00001000"": 3, ""00001010"": 1, ""00001011"": 2, ""00001101"": 2, ""00001110"": 1, ""00010110"": 2, ""00011011"": 2, ""00111011"": 1, ""11100111"": 1, ""11110010"": 1, ""11111011"": 1, ""11111100"": 1, ""11111101"": 1}"
ising,2,8,0.04252468750544926,1,42,100,1,514,552,238.296875,118.14827009999863,3.1240998703626572,00000110,3.4629803127454113,4.877030607116454,9.412311577319773,-8.080287396405959,71.5682597967385,0.33888044238275405,4.4,"{""00000000"": 1, ""00000001"": 2, ""00000010"": 1, ""00000011"": 8, ""00000100"": 7, ""00000101"": 23, ""00000110"": 23, ""00000111"": 13, ""00001000"": 3, ""00001001"": 1, ""00001010"": 2, ""00001011"": 1, ""00001100"": 1, ""00001101"": 2, ""00010110"": 2, ""00011001"": 1, ""00011011"": 1, ""00111010"": 1, ""01011110"": 1, ""01111100"": 1, ""11110010"": 1, ""11111010"": 1, ""11111100"": 2, ""11111111"": 1}"
ising,2,8,0.045929202883612456,1,42,100,1,514,552,237.41796875,113.25253220000013,3.1240998703626572,00000110,3.2062859007197075,3.804792602187386,6.246360987601041,-11.756381635972259,50.23181244460876,0.0821860303570503,4.4,"{""00000000"": 1, ""00000001"": 1, ""00000010"": 6, ""00000011"": 2, ""00000100"": 4, ""00000101"": 10, ""00000110"": 33, ""00000111"": 13, ""00001000"": 9, ""00001001"": 1, ""00001010"": 2, ""00001011"": 3, ""00001100"": 1, ""00001110"": 1, ""00010000"": 1, ""00010110"": 2, ""00011001"": 1, ""00111010"": 1, ""01011110"": 1, ""11101010"": 1, ""11110010"": 1, ""11111010"": 3, ""11111100"": 1, ""11111111"": 1}"
ising,2,8,0.049606282874006216,1,42,100,1,514,552,232.6328125,112.93597109999973,3.1240998703626572,00000110,2.9686190358396556,3.9235248257014117,6.482842899484784,-10.884936464745403,47.00313473412788,0.15548083452300165,4.4,"{""00000000"": 1, ""00000001"": 2, ""00000010"": 7, ""00000011"": 3, ""00000100"": 2, ""00000101"": 7, ""00000110"": 27, ""00000111"": 14, ""00001000"": 11, ""00001001"": 3, ""00001010"": 3, ""00001011"": 2, ""00001101"": 1, ""00001111"": 2, ""00010001"": 1, ""00010101"": 1, ""00010110"": 2, ""00011011"": 1, ""00111010"": 2, ""01011111"": 1, ""11101010"": 2, ""11111001"": 1, ""11111011"": 1, ""11111100"": 2, ""11111111"": 1}"
ising,2,8,0.05357774892831705,1,42,100,1,514,552,246.58984375,118.5031457999994,3.1240998703626572,00000111,3.2066641783150494,4.328996640725316,7.556602244717622,-10.078087417561584,55.42948079658871,0.08256430795239211,4.4,"{""00000000"": 1, ""00000001"": 3, ""00000010"": 3, ""00000011"": 3, ""00000100"": 2, ""00000101"": 7, ""00000110"": 14, ""00000111"": 20, ""00001000"": 13, ""00001001"": 8, ""00001010"": 2, ""00001011"": 3, ""00001100"": 1, ""00001101"": 1, ""00001111"": 2, ""00010101"": 1, ""00010110"": 3, ""00010111"": 2, ""00011011"": 1, ""00111001"": 1, ""01011111"": 1, ""01111001"": 1, ""11101010"": 1, ""11110110"": 1, ""11111001"": 2, ""11111010"": 1, ""11111100"": 1, ""11111111"": 1}"
ising,2,8,0.05786716951795563,1,42,100,1,514,552,237.3046875,118.26695300000029,3.1240998703626572,00001000,2.968969273499408,4.02931544260634,8.052766124792576,-30.113831202636852,47.50350837599053,0.15513059686324926,4.4,"{""00000000"": 1, ""00000001"": 4, ""00000010"": 2, ""00000011"": 3, ""00000100"": 4, ""00000101"": 4, ""00000110"": 9, ""00000111"": 16, ""00001000"": 16, ""00001001"": 8, ""00001010"": 2, ""00001011"": 4, ""00001100"": 1, ""00001101"": 3, ""00001110"": 2, ""00010000"": 2, ""00010001"": 1, ""00010010"": 1, ""00010101"": 1, ""00010111"": 1, ""00011000"": 1, ""00011001"": 2, ""00011011"": 1, ""01011010"": 1, ""01011111"": 1, ""01110000"": 1, ""10111001"": 1, ""11101010"": 1, ""11111001"": 2, ""11111010"": 1, ""11111100"": 1, ""11111110"": 2}"
ising,2,8,0.0625,1,42,100,1,514,552,241.4609375,113.73235899999963,3.1240998703626572,00001000,3.141592653589793,3.5068027995696065,5.5430066548275585,-12.566370614359172,47.51658888554562,0.017492783227135877,4.4,"{""00000000"": 1, ""00000001"": 2, ""00000011"": 4, ""00000100"": 3, ""00000101"": 4, ""00000110"": 7, ""00000111"": 11, ""00001000"": 17, ""00001001"": 9, ""00001010"": 6, ""00001011"": 7, ""00001100"": 4, ""00001101"": 3, ""00001111"": 1, ""00010000"": 3, ""00010001"": 2, ""00010101"": 2, ""00011001"": 1, ""00011011"": 1, ""00100000"": 1, ""00100010"": 1, ""01111001"": 1, ""11100000"": 1, ""11101010"": 1, ""11110111"": 1, ""11111001"": 2, ""11111010"": 1, ""11111100"": 1, ""11111110"": 2}"
ising,2,8,0.06750373368076912,1,42,100,1,514,552,235.2109375,112.82868229999985,3.1240998703626572,00001000,2.908721194266316,2.9123570957591487,5.1942617517789476,-28.360031644096576,19.997458210580923,0.21537867609634143,4.4,"{""00000000"": 1, ""00000001"": 2, ""00000010"": 1, ""00000011"": 2, ""00000100"": 3, ""00000101"": 2, ""00000110"": 8, ""00000111"": 9, ""00001000"": 21, ""00001001"": 8, ""00001010"": 5, ""00001011"": 7, ""00001100"": 3, ""00001101"": 2, ""00001111"": 2, ""00010000"": 2, ""00010001"": 3, ""00010011"": 1, ""00010101"": 2, ""00010110"": 1, ""00011001"": 1, ""00011011"": 1, ""00011110"": 1, ""00100000"": 1, ""00110111"": 2, ""10110010"": 1, ""11010111"": 1, ""11101000"": 1, ""11110101"": 1, ""11110110"": 1, ""11110111"": 2, ""11111001"": 1, ""11111110"": 1}"
ising,2,8,0.07290806497350724,1,42,100,1,514,552,234.53515625,113.28897940000024,3.1240998703626572,00001000,3.0297503237234285,3.4438162012989637,6.322220092798005,-26.25783613893638,39.05011528354641,0.09434954663922879,4.4,"{""00000000"": 1, ""00000001"": 2, ""00000010"": 3, ""00000100"": 2, ""00000101"": 2, ""00000110"": 6, ""00000111"": 8, ""00001000"": 13, ""00001001"": 5, ""00001010"": 12, ""00001011"": 7, ""00001100"": 7, ""00001101"": 1, ""00001110"": 2, ""00010000"": 1, ""00010001"": 2, ""00010010"": 1, ""00010011"": 1, ""00010101"": 3, ""00010110"": 1, ""00011000"": 1, ""00011001"": 1, ""00011011"": 1, ""00011110"": 1, ""00100000"": 1, ""00100100"": 1, ""00110110"": 1, ""00110111"": 1, ""00111001"": 1, ""01110100"": 1, ""10110010"": 1, ""11010111"": 1, ""11101010"": 1, ""11110101"": 1, ""11110110"": 1, ""11110111"": 1, ""11111000"": 1, ""11111001"": 1, ""11111010"": 1, ""11111110"": 1}"
ising,2,8,0.07874506561842956,1,42,100,1,514,552,234.35546875,112.91056709999975,3.1240998703626572,00001010,3.1168546769775034,2.8269871920185956,7.262028174035563,-25.558208351215526,36.77888518833454,0.007245193385153836,4.4,"{""00000001"": 1, ""00000010"": 2, ""00000100"": 5, ""00000101"": 2, ""00000110"": 4, ""00000111"": 5, ""00001000"": 8, ""00001001"": 2, ""00001010"": 15, ""00001011"": 6, ""00001100"": 6, ""00001101"": 2, ""00001110"": 2, ""00001111"": 3, ""00010001"": 2, ""00010010"": 4, ""00010100"": 1, ""00010101"": 3, ""00010110"": 1, ""00011000"": 1, ""00011001"": 1, ""00011010"": 1, ""00011110"": 1, ""00100001"": 2, ""00100010"": 1, ""00100100"": 1, ""00110110"": 1, ""00110111"": 1, ""00111001"": 1, ""01110110"": 1, ""10101110"": 1, ""10110011"": 1, ""10111001"": 1, ""11010110"": 1, ""11011111"": 1, ""11101011"": 1, ""11110010"": 2, ""11110110"": 1, ""11111000"": 2, ""11111001"": 1, ""11111101"": 1, ""11111110"": 1}"
ising,2,8,0.08504937501089851,1,42,100,1,514,552,242.45703125,112.74777819999872,3.1240998703626572,00001100,3.1743986200166265,3.7515620054741956,7.396758603030324,-23.663698803760308,34.05263974199654,0.0502987496539693,4.4,"{""00000000"": 1, ""00000001"": 1, ""00000010"": 1, ""00000011"": 1, ""00000100"": 4, ""00000101"": 1, ""00000110"": 2, ""00000111"": 7, ""00001000"": 6, ""00001001"": 1, ""00001010"": 10, ""00001011"": 6, ""00001100"": 11, ""00001101"": 4, ""00001110"": 1, ""00001111"": 1, ""00010000"": 1, ""00010001"": 1, ""00010010"": 4, ""00010011"": 2, ""00010100"": 3, ""00010101"": 2, ""00011000"": 2, ""00011011"": 2, ""00011100"": 1, ""00100001"": 2, ""00100100"": 1, ""00110011"": 1, ""00110111"": 1, ""00111001"": 1, ""01000001"": 1, ""01110010"": 1, ""01110110"": 2, ""10101110"": 1, ""11010111"": 1, ""11011111"": 1, ""11101011"": 1, ""11110010"": 2, ""11110011"": 1, ""11110100"": 1, ""11110101"": 1, ""11110110"": 2, ""11111000"": 2, ""11111110"": 1}"
ising,2,8,0.09185840576722491,1,42,100,1,514,552,232.1875,112.8195338000005,3.1240998703626572,00001100,3.2062859007197075,3.444085438356419,6.811507222503957,-21.909620321584665,31.52847802374379,0.0821860303570503,4.4,"{""00000000"": 1, ""00000001"": 2, ""00000010"": 1, ""00000100"": 4, ""00000101"": 1, ""00000110"": 2, ""00000111"": 1, ""00001000"": 4, ""00001001"": 2, ""00001010"": 5, ""00001011"": 7, ""00001100"": 9, ""00001101"": 5, ""00001110"": 5, ""00001111"": 3, ""00010000"": 4, ""00010001"": 1, ""00010010"": 4, ""00010011"": 3, ""00010100"": 1, ""00010101"": 3, ""00010110"": 1, ""00010111"": 1, ""00011000"": 1, ""00011011"": 1, ""00011100"": 1, ""00011110"": 1, ""00100000"": 1, ""00100001"": 1, ""00100010"": 1, ""00110011"": 1, ""00110100"": 1, ""00110111"": 1, ""00111101"": 1, ""01100110"": 1, ""01110110"": 2, ""10101110"": 1, ""11010111"": 1, ""11011111"": 1, ""11100011"": 1, ""11101010"": 1, ""11110010"": 4, ""11110011"": 1, ""11110101"": 1, ""11110110"": 1, ""11111000"": 3, ""11111110"": 1}"
ising,2,8,0.11573433903591127,1,42,100,1,514,552,234.19921875,112.47896020000007,3.1240998703626572,00001110,3.075003890410101,3.060159044042604,6.563894461165882,-17.601746407175064,25.872446526209124,0.04909597995255632,4.4,"{""00000000"": 1, ""00000001"": 1, ""00000011"": 1, ""00000100"": 1, ""00000101"": 1, ""00000110"": 3, ""00000111"": 2, ""00001000"": 1, ""00001001"": 2, ""00001010"": 3, ""00001011"": 4, ""00001100"": 1, ""00001101"": 2, ""00001110"": 10, ""00001111"": 4, ""00010000"": 3, ""00010001"": 9, ""00010010"": 5, ""00010011"": 2, ""00010100"": 3, ""00010111"": 2, ""00011000"": 4, ""00011001"": 2, ""00011011"": 1, ""00011100"": 1, ""00011110"": 2, ""00011111"": 1, ""00100001"": 1, ""00100101"": 1, ""00101001"": 1, ""00101011"": 1, ""00110000"": 1, ""00110001"": 1, ""01100000"": 1, ""01100111"": 1, ""01110000"": 1, ""01110111"": 1, ""01111010"": 1, ""10101101"": 1, ""10110000"": 1, ""11001111"": 1, ""11010001"": 1, ""11010111"": 1, ""11011010"": 1, ""11100110"": 1, ""11101101"": 1, ""11101111"": 1, ""11110001"": 1, ""11110010"": 2, ""11111000"": 2, ""11111001"": 1, ""11111110"": 2}"
ising,2,8,0.1071554978566341,1,42,100,1,514,552,239.671875,113.09325070000159,3.1240998703626572,00001110,3.2066641783150494,2.9455500952236813,6.459682586950715,-21.759506924280693,26.569503191753267,0.08256430795239211,4.4,"{""00000100"": 1, ""00000101"": 1, ""00000111"": 2, ""00001000"": 1, ""00001001"": 4, ""00001010"": 4, ""00001011"": 4, ""00001100"": 3, ""00001101"": 2, ""00001110"": 11, ""00001111"": 5, ""00010000"": 5, ""00010001"": 6, ""00010010"": 5, ""00010011"": 3, ""00010100"": 3, ""00010101"": 2, ""00011000"": 3, ""00011001"": 1, ""00011010"": 2, ""00011011"": 1, ""00011100"": 1, ""00011110"": 2, ""00100101"": 1, ""00101001"": 1, ""00101011"": 2, ""00101111"": 1, ""00110010"": 2, ""01100001"": 1, ""01110000"": 1, ""01110100"": 1, ""10100001"": 1, ""10110000"": 1, ""11000010"": 1, ""11001111"": 1, ""11010111"": 1, ""11101101"": 2, ""11101111"": 1, ""11110001"": 2, ""11110010"": 2, ""11110011"": 1, ""11110111"": 1, ""11111000"": 2, ""11111001"": 1, ""11111110"": 1}"
ising,2,8,0.09921256574801243,1,42,100,1,514,552,239.05859375,117.15889080000125,3.1240998703626572,00001011,3.092311495666308,2.9859359802153866,7.034835578550249,-26.470186402903597,29.191420519089945,0.03178837469634921,4.4,"{""00000000"": 1, ""00000001"": 1, ""00000011"": 2, ""00000100"": 1, ""00000101"": 1, ""00000110"": 1, ""00000111"": 3, ""00001000"": 4, ""00001001"": 1, ""00001010"": 3, ""00001011"": 7, ""00001100"": 6, ""00001101"": 5, ""00001110"": 6, ""00001111"": 6, ""00010000"": 3, ""00010001"": 3, ""00010010"": 3, ""00010011"": 4, ""00010100"": 1, ""00010101"": 3, ""00010110"": 1, ""00010111"": 1, ""00011000"": 1, ""00011010"": 1, ""00011011"": 1, ""00011100"": 1, ""00011110"": 1, ""00100000"": 1, ""00100001"": 1, ""00100011"": 1, ""00101011"": 1, ""00111101"": 1, ""01100000"": 1, ""01100110"": 1, ""01110100"": 1, ""01110110"": 1, ""10010101"": 1, ""10101101"": 1, ""11011111"": 1, ""11101010"": 1, ""11101101"": 1, ""11110000"": 1, ""11110001"": 2, ""11110010"": 3, ""11110011"": 2, ""11110101"": 1, ""11110110"": 1, ""11111000"": 2, ""11111001"": 1, ""11111111"": 1}"
ising,2,8,0.125,1,42,100,1,514,552,244.6015625,118.41265430000021,3.1240998703626572,00001110,2.945243112740431,2.9236446632470012,6.737716771274776,-19.438604544086846,22.776546738526,0.17885675762222641,4.4,"{""00000000"": 3, ""00000010"": 1, ""00000011"": 2, ""00000101"": 2, ""00000110"": 1, ""00000111"": 1, ""00001000"": 3, ""00001001"": 1, ""00001010"": 3, ""00001011"": 2, ""00001100"": 1, ""00001110"": 8, ""00001111"": 5, ""00010000"": 3, ""00010001"": 4, ""00010010"": 4, ""00010011"": 4, ""00010100"": 3, ""00010101"": 1, ""00010110"": 2, ""00010111"": 2, ""00011000"": 3, ""00011001"": 2, ""00011011"": 1, ""00011110"": 2, ""00011111"": 1, ""00100000"": 1, ""00100101"": 2, ""00100111"": 1, ""00101001"": 1, ""00101010"": 1, ""00110000"": 1, ""00110011"": 2, ""00110110"": 1, ""00111100"": 1, ""01010111"": 1, ""01011010"": 1, ""01100100"": 1, ""01100111"": 1, ""01110000"": 1, ""01110100"": 1, ""10011101"": 1, ""10101101"": 1, ""10110000"": 1, ""11000100"": 1, ""11001111"": 1, ""11010001"": 1, ""11100011"": 2, ""11100110"": 1, ""11101100"": 1, ""11101110"": 1, ""11101111"": 1, ""11110010"": 1, ""11110101"": 1, ""11111000"": 1, ""11111001"": 1, ""11111110"": 2}"
ising,2,8,0.13500746736153824,1,42,100,1,514,552,239.14453125,117.85174220000044,3.1240998703626572,00010100,3.2723113435496054,2.3760616255662965,6.828953960101542,-22.72438433020559,21.08822865843079,0.14821147318694816,4.4,"{""00000000"": 2, ""00000011"": 3, ""00000101"": 1, ""00000110"": 1, ""00000111"": 2, ""00001000"": 1, ""00001010"": 3, ""00001011"": 1, ""00001100"": 2, ""00001101"": 1, ""00001110"": 3, ""00001111"": 1, ""00010000"": 2, ""00010001"": 4, ""00010010"": 4, ""00010011"": 4, ""00010100"": 8, ""00010101"": 3, ""00010110"": 3, ""00010111"": 2, ""00011000"": 5, ""00011001"": 2, ""00011010"": 1, ""00011011"": 1, ""00011100"": 1, ""00011110"": 1, ""00100011"": 1, ""00100101"": 1, ""00100110"": 1, ""00100111"": 1, ""00101011"": 1, ""00101100"": 2, ""00101111"": 1, ""00110010"": 2, ""00110110"": 1, ""01010111"": 1, ""01011010"": 1, ""01100000"": 1, ""01100011"": 1, ""01100110"": 1, ""01110100"": 1, ""10000011"": 1, ""10011101"": 1, ""10100100"": 1, ""10101100"": 1, ""10110000"": 1, ""11001111"": 1, ""11011110"": 1, ""11100000"": 1, ""11100010"": 1, ""11100100"": 1, ""11101000"": 1, ""11101001"": 1, ""11101100"": 1, ""11101110"": 1, ""11101111"": 1, ""11110100"": 1, ""11110101"": 2, ""11110111"": 1, ""11111011"": 1, ""11111110"": 1}"
ising,2,8,0.14581612994701448,1,42,100,1,514,552,239.30859375,113.69242800000029,3.1240998703626572,00010100,3.366389248581587,2.8412325258028597,6.605171508384009,-21.03993280363492,18.851779792056888,0.24228937821892993,4.4,"{""00000000"": 1, ""00000011"": 2, ""00000100"": 1, ""00000101"": 2, ""00001000"": 1, ""00001010"": 3, ""00001100"": 1, ""00001101"": 2, ""00001110"": 3, ""00001111"": 1, ""00010000"": 3, ""00010001"": 1, ""00010010"": 4, ""00010011"": 2, ""00010100"": 8, ""00010101"": 3, ""00010110"": 3, ""00010111"": 2, ""00011000"": 5, ""00011001"": 2, ""00011010"": 1, ""00011011"": 1, ""00011100"": 3, ""00011110"": 2, ""00100001"": 1, ""00100011"": 2, ""00100100"": 3, ""00100110"": 2, ""00101000"": 1, ""00101010"": 1, ""00101111"": 1, ""00110000"": 1, ""00110010"": 3, ""00110110"": 1, ""01000100"": 1, ""01010010"": 1, ""01011010"": 1, ""01100000"": 1, ""01100110"": 1, ""01101110"": 1, ""01110000"": 2, ""10000011"": 1, ""10011101"": 1, ""10100010"": 1, ""10101110"": 1, ""11001110"": 1, ""11001111"": 2, ""11010111"": 1, ""11011101"": 1, ""11100010"": 1, ""11100100"": 1, ""11101000"": 1, ""11101100"": 1, ""11101101"": 1, ""11110100"": 1, ""11110111"": 1, ""11111000"": 1, ""11111010"": 1, ""11111110"": 1}"
ising,2,8,0.15749013123685912,1,42,100,1,514,552,239.734375,113.47603810000146,3.1240998703626572,00011001,3.5064615115996913,2.655560184784833,6.5948661512482225,-19.480341731109394,18.545285328016146,0.3823616412370341,4.4,"{""00000011"": 1, ""00000100"": 3, ""00000101"": 1, ""00001000"": 1, ""00001001"": 2, ""00001010"": 1, ""00001100"": 2, ""00001110"": 2, ""00001111"": 1, ""00010010"": 2, ""00010011"": 3, ""00010100"": 3, ""00010101"": 2, ""00010110"": 4, ""00010111"": 4, ""00011000"": 4, ""00011001"": 5, ""00011010"": 2, ""00011011"": 4, ""00011100"": 2, ""00011101"": 1, ""00011110"": 1, ""00011111"": 1, ""00100001"": 2, ""00100011"": 2, ""00100100"": 1, ""00100101"": 1, ""00100110"": 2, ""00101000"": 1, ""00101011"": 1, ""00101101"": 1, ""00110001"": 1, ""00110010"": 2, ""00110011"": 1, ""00110110"": 1, ""00111000"": 1, ""01000010"": 1, ""01010100"": 1, ""01010101"": 1, ""01011010"": 1, ""01100001"": 1, ""01100100"": 1, ""01101110"": 1, ""01110000"": 1, ""01110111"": 1, ""10000011"": 1, ""10000101"": 1, ""10100010"": 1, ""10101110"": 1, ""10111001"": 1, ""11000111"": 1, ""11001110"": 1, ""11010000"": 1, ""11010010"": 1, ""11010111"": 1, ""11100011"": 1, ""11100100"": 1, ""11101100"": 2, ""11101101"": 1, ""11110011"": 1, ""11110100"": 1, ""11110110"": 1, ""11111000"": 1, ""11111010"": 1, ""11111101"": 1, ""11111110"": 1}"
ising,2,8,0.17009875002179703,1,42,100,1,514,552,239.8125,112.86093110000002,3.1240998703626572,00011000,2.957962350470039,2.048930018374368,5.695266623418292,-18.036355795549017,15.871993100083136,0.16613751989261827,4.4,"{""00000011"": 2, ""00000100"": 2, ""00000101"": 2, ""00000110"": 1, ""00000111"": 1, ""00001000"": 1, ""00001001"": 1, ""00001010"": 3, ""00001011"": 3, ""00001100"": 1, ""00001101"": 2, ""00001110"": 2, ""00001111"": 2, ""00010011"": 2, ""00010100"": 3, ""00010101"": 2, ""00010110"": 3, ""00011000"": 6, ""00011001"": 2, ""00011011"": 2, ""00011100"": 1, ""00011101"": 1, ""00011110"": 1, ""00011111"": 1, ""00100001"": 2, ""00100010"": 2, ""00100011"": 2, ""00100100"": 1, ""00100101"": 2, ""00100111"": 3, ""00101000"": 1, ""00101001"": 1, ""00101010"": 2, ""00101100"": 1, ""00101101"": 1, ""00101111"": 1, ""00110000"": 1, ""00110001"": 1, ""00110010"": 2, ""00110100"": 1, ""00111010"": 1, ""00111111"": 1, ""01000010"": 1, ""01000011"": 1, ""01100100"": 1, ""01101000"": 1, ""01101110"": 1, ""10000011"": 1, ""10000101"": 1, ""10100010"": 1, ""10101000"": 1, ""10111000"": 1, ""11000010"": 1, ""11000111"": 1, ""11010010"": 1, ""11010111"": 1, ""11011011"": 1, ""11100000"": 1, ""11100100"": 1, ""11101100"": 2, ""11101111"": 1, ""11110011"": 1, ""11110101"": 1, ""11110111"": 1, ""11111000"": 1, ""11111010"": 1, ""11111101"": 1, ""11111110"": 1}"
ising,2,8,0.18371681153444983,1,42,100,1,514,552,231.90625,113.67253080000046,3.1240998703626572,00011000,2.671904917266423,1.862317727334697,5.059609833128565,-16.699405732915142,13.893905569785401,0.45219495309623436,4.4,"{""00000001"": 1, ""00000010"": 1, ""00000011"": 4, ""00000100"": 3, ""00000101"": 1, ""00001001"": 1, ""00001010"": 2, ""00001011"": 2, ""00001100"": 2, ""00001101"": 2, ""00001110"": 1, ""00001111"": 1, ""00010001"": 1, ""00010010"": 1, ""00010011"": 1, ""00010100"": 2, ""00010101"": 2, ""00010110"": 3, ""00011000"": 5, ""00011001"": 2, ""00011011"": 1, ""00011100"": 2, ""00011110"": 1, ""00011111"": 2, ""00100000"": 1, ""00100001"": 3, ""00100010"": 2, ""00100011"": 2, ""00100101"": 3, ""00100110"": 1, ""00100111"": 1, ""00101010"": 2, ""00101100"": 1, ""00101101"": 1, ""00110000"": 1, ""00110011"": 1, ""00110100"": 2, ""00110111"": 1, ""00111010"": 1, ""00111110"": 1, ""00111111"": 1, ""01000010"": 2, ""01001010"": 1, ""01010001"": 1, ""01100100"": 1, ""01101000"": 1, ""10000011"": 1, ""10000101"": 1, ""10101010"": 1, ""10111001"": 1, ""11001110"": 1, ""11010111"": 1, ""11011010"": 1, ""11011110"": 1, ""11100000"": 1, ""11100010"": 1, ""11100100"": 1, ""11100101"": 1, ""11101000"": 1, ""11101100"": 3, ""11101101"": 1, ""11101111"": 1, ""11110000"": 1, ""11110010"": 2, ""11110110"": 1, ""11111000"": 1, ""11111011"": 2}"
ising,2,8,0.19842513149602486,1,42,100,1,514,552,238.3046875,113.2341688000015,3.1240998703626572,00011000,2.9686190358396556,2.580224711983967,5.274499201102932,-14.472017799718321,14.96678763902493,0.15548083452300165,4.4,"{""00000001"": 2, ""00000011"": 3, ""00000100"": 2, ""00001001"": 1, ""00001010"": 1, ""00001100"": 2, ""00001101"": 1, ""00001111"": 4, ""00010010"": 3, ""00010100"": 3, ""00010101"": 2, ""00010110"": 1, ""00011000"": 4, ""00011001"": 2, ""00011011"": 1, ""00011100"": 1, ""00011101"": 1, ""00011110"": 2, ""00011111"": 2, ""00100000"": 2, ""00100001"": 2, ""00100011"": 3, ""00100101"": 1, ""00100110"": 2, ""00101010"": 1, ""00101100"": 1, ""00101101"": 2, ""00101111"": 1, ""00110000"": 2, ""00110011"": 1, ""00110100"": 2, ""00110111"": 1, ""00111000"": 1, ""00111001"": 1, ""00111010"": 1, ""00111110"": 1, ""01000010"": 2, ""01000011"": 1, ""01000100"": 1, ""01001101"": 1, ""01010101"": 1, ""01010110"": 1, ""01100000"": 1, ""01100100"": 1, ""01100101"": 1, ""01101110"": 1, ""01111000"": 1, ""01111001"": 1, ""10001011"": 1, ""10011101"": 1, ""10111001"": 1, ""11000100"": 1, ""11001101"": 1, ""11001111"": 1, ""11010111"": 1, ""11011011"": 2, ""11100000"": 1, ""11100010"": 2, ""11100101"": 1, ""11100111"": 1, ""11101000"": 1, ""11101011"": 2, ""11101100"": 2, ""11110000"": 1, ""11110010"": 1, ""11111011"": 1, ""11111101"": 1, ""11111110"": 1}"
ising,2,8,0.2143109957132682,1,42,100,1,514,552,235.06640625,113.74535680000008,3.1240998703626572,00100011,3.550235340277376,3.0795428483889884,5.372203275920964,-14.315465081763612,13.742846478493068,0.4261354699147186,4.4,"{""00000000"": 2, ""00000001"": 1, ""00000011"": 1, ""00000100"": 1, ""00000110"": 1, ""00000111"": 1, ""00001010"": 1, ""00001101"": 2, ""00001110"": 1, ""00001111"": 3, ""00010001"": 1, ""00010010"": 1, ""00010011"": 1, ""00010101"": 2, ""00010110"": 3, ""00010111"": 1, ""00011000"": 1, ""00011011"": 1, ""00011100"": 2, ""00011110"": 1, ""00100000"": 1, ""00100001"": 1, ""00100010"": 1, ""00100011"": 6, ""00100101"": 2, ""00100110"": 1, ""00101001"": 1, ""00101010"": 1, ""00101101"": 2, ""00101110"": 3, ""00101111"": 2, ""00110000"": 1, ""00110011"": 1, ""00110100"": 1, ""00110101"": 1, ""00111000"": 1, ""00111001"": 2, ""00111110"": 1, ""01000011"": 3, ""01000100"": 1, ""01000110"": 1, ""01001001"": 1, ""01001101"": 1, ""01010001"": 1, ""01010100"": 2, ""01010101"": 1, ""01010110"": 1, ""01011111"": 1, ""01100000"": 2, ""01100001"": 1, ""01100101"": 1, ""01100110"": 1, ""01110010"": 1, ""01110100"": 1, ""01111000"": 1, ""10000011"": 1, ""10011011"": 1, ""10011101"": 1, ""10111001"": 1, ""11001101"": 1, ""11001111"": 1, ""11010111"": 1, ""11011000"": 2, ""11011111"": 1, ""11100000"": 1, ""11100100"": 1, ""11100111"": 2, ""11101000"": 1, ""11101100"": 1, ""11101111"": 1, ""11110010"": 1, ""11111000"": 1, ""11111010"": 2, ""11111110"": 1}"
ising,2,8,0.23146867807182253,1,42,100,1,514,552,233.78125,113.72085959999822,3.1240998703626572,00100101,3.4991423580528735,2.701762038884461,5.454313187380589,-13.360361730747336,13.042257880015256,0.3750424876902163,4.4,"{""00000000"": 1, ""00000111"": 1, ""00001011"": 1, ""00001100"": 1, ""00001110"": 1, ""00001111"": 1, ""00010001"": 1, ""00010010"": 3, ""00010100"": 2, ""00010110"": 3, ""00011001"": 1, ""00011010"": 1, ""00011011"": 2, ""00011100"": 1, ""00011101"": 1, ""00011111"": 2, ""00100000"": 1, ""00100001"": 3, ""00100010"": 2, ""00100011"": 1, ""00100100"": 3, ""00100101"": 3, ""00101010"": 1, ""00101011"": 1, ""00101100"": 3, ""00101101"": 2, ""00101110"": 3, ""00110000"": 1, ""00110001"": 2, ""00110011"": 1, ""00110100"": 1, ""00111001"": 2, ""00111100"": 1, ""00111110"": 1, ""01000010"": 2, ""01000011"": 3, ""01000100"": 1, ""01000110"": 1, ""01001011"": 1, ""01010001"": 1, ""01010100"": 2, ""01010101"": 1, ""01010110"": 1, ""01011110"": 1, ""01100000"": 1, ""01100001"": 2, ""01100010"": 1, ""01110100"": 1, ""01111000"": 1, ""01111011"": 1, ""10000010"": 1, ""10000011"": 1, ""10001000"": 1, ""10001011"": 1, ""10001100"": 1, ""10111001"": 1, ""11001111"": 1, ""11010010"": 1, ""11010011"": 1, ""11010111"": 1, ""11011000"": 1, ""11011111"": 1, ""11100110"": 1, ""11101000"": 1, ""11101001"": 1, ""11101011"": 1, ""11101110"": 1, ""11110000"": 1, ""11110010"": 1, ""11110101"": 1, ""11111000"": 1, ""11111010"": 1, ""11111011"": 1, ""11111111"": 1}"
ising,2,8,0.25,1,42,100,1,514,552,243.73046875,113.61997689999953,3.1240998703626572,00010001,3.0925052683774528,2.3522674993753574,4.933801724864841,-12.566370614359172,11.388273369263,0.031594601985204473,4.4,"{""00000011"": 1, ""00000100"": 1, ""00000111"": 1, ""00001001"": 1, ""00001010"": 1, ""00001011"": 1, ""00001100"": 1, ""00001101"": 1, ""00001111"": 1, ""00010000"": 1, ""00010001"": 3, ""00010011"": 1, ""00010100"": 1, ""00010101"": 1, ""00011000"": 2, ""00011001"": 1, ""00011011"": 3, ""00011100"": 2, ""00011101"": 1, ""00011111"": 1, ""00100000"": 2, ""00100001"": 2, ""00100010"": 1, ""00100011"": 1, ""00100100"": 2, ""00100110"": 2, ""00101000"": 1, ""00101010"": 1, ""00101100"": 3, ""00101101"": 1, ""00101110"": 3, ""00110000"": 2, ""00110011"": 2, ""00110100"": 1, ""00110101"": 1, ""00110110"": 1, ""00110111"": 1, ""00111000"": 1, ""00111010"": 1, ""00111100"": 2, ""01000010"": 2, ""01000011"": 1, ""01000100"": 1, ""01000101"": 1, ""01000111"": 1, ""01001001"": 1, ""01010100"": 1, ""01010110"": 2, ""01011101"": 1, ""01011110"": 1, ""01100000"": 3, ""01100101"": 1, ""01100110"": 1, ""01101100"": 1, ""01110100"": 1, ""10000000"": 1, ""10001011"": 1, ""10001100"": 1, ""10011000"": 1, ""10011011"": 1, ""10111001"": 1, ""11001000"": 1, ""11001110"": 1, ""11001111"": 1, ""11010010"": 1, ""11010110"": 1, ""11011111"": 1, ""11100101"": 1, ""11101000"": 1, ""11101001"": 1, ""11101010"": 1, ""11101011"": 2, ""11101111"": 1, ""11110000"": 1, ""11110011"": 1, ""11111000"": 1, ""11111010"": 1, ""11111110"": 1}"
ising,2,8,0.27001493472307647,1,42,100,1,514,552,236.3671875,118.57855840000047,3.1240998703626572,00101110,3.5904527241724833,2.6369375576770566,4.70650884957768,-11.453089702423618,11.089499553140328,0.46635285380982605,4.4,"{""00000000"": 1, ""00000011"": 1, ""00000111"": 2, ""00001010"": 1, ""00001011"": 1, ""00001101"": 1, ""00001111"": 1, ""00010000"": 1, ""00011010"": 1, ""00011011"": 3, ""00011100"": 1, ""00011110"": 1, ""00100000"": 2, ""00100001"": 2, ""00100010"": 2, ""00100011"": 1, ""00100100"": 1, ""00100110"": 2, ""00100111"": 1, ""00101000"": 1, ""00101011"": 2, ""00101100"": 2, ""00101101"": 2, ""00101110"": 4, ""00110000"": 2, ""00110001"": 2, ""00110010"": 1, ""00110011"": 2, ""00110110"": 2, ""00111000"": 1, ""00111001"": 2, ""00111011"": 1, ""01000010"": 1, ""01000011"": 1, ""01000100"": 3, ""01000101"": 1, ""01000110"": 2, ""01001000"": 1, ""01001011"": 1, ""01001100"": 2, ""01010001"": 2, ""01010100"": 1, ""01010110"": 2, ""01011101"": 1, ""01011110"": 1, ""01100000"": 1, ""01100100"": 2, ""01100110"": 1, ""01101010"": 1, ""01101110"": 1, ""01111010"": 1, ""10000010"": 1, ""10001010"": 1, ""10001011"": 1, ""10001100"": 1, ""10111101"": 1, ""11000010"": 1, ""11000111"": 1, ""11001111"": 2, ""11010101"": 1, ""11010111"": 1, ""11011000"": 1, ""11011111"": 1, ""11100101"": 1, ""11100111"": 1, ""11101001"": 2, ""11101100"": 1, ""11110010"": 2, ""11111000"": 1, ""11111001"": 1, ""11111010"": 1, ""11111110"": 1}"
ising,2,8,0.29163225989402897,1,42,100,1,514,552,247.25390625,119.22564769999917,3.1240998703626572,00100110,3.3243093829743176,2.0989436964906196,4.9086373340987555,-10.604126133032,10.43580667060292,0.2002095126116603,4.4,"{""00000000"": 1, ""00000100"": 1, ""00000101"": 1, ""00000111"": 1, ""00001001"": 1, ""00001011"": 1, ""00010000"": 1, ""00010011"": 1, ""00010110"": 1, ""00011011"": 1, ""00011100"": 1, ""00100000"": 1, ""00100010"": 1, ""00100100"": 1, ""00100101"": 1, ""00100110"": 4, ""00100111"": 1, ""00101000"": 2, ""00101010"": 1, ""00101011"": 1, ""00101100"": 1, ""00101101"": 3, ""00101110"": 1, ""00110001"": 2, ""00110011"": 2, ""00110110"": 2, ""00110111"": 1, ""00111000"": 1, ""00111001"": 3, ""00111010"": 2, ""00111011"": 1, ""00111110"": 1, ""01000000"": 2, ""01000010"": 2, ""01000011"": 1, ""01000101"": 1, ""01000110"": 2, ""01001101"": 1, ""01001111"": 1, ""01010000"": 1, ""01010001"": 1, ""01010101"": 2, ""01011000"": 1, ""01011110"": 1, ""01100010"": 2, ""01100100"": 1, ""01100110"": 1, ""01100111"": 1, ""01101010"": 1, ""01101110"": 1, ""01110010"": 1, ""01111000"": 1, ""01111100"": 1, ""10000010"": 1, ""10001011"": 2, ""10001101"": 1, ""10001111"": 1, ""10110100"": 1, ""10111001"": 1, ""10111101"": 1, ""11000010"": 1, ""11000011"": 1, ""11000100"": 1, ""11001100"": 1, ""11010011"": 1, ""11010111"": 1, ""11011000"": 2, ""11011011"": 1, ""11011110"": 1, ""11011111"": 2, ""11100010"": 1, ""11100101"": 1, ""11101101"": 1, ""11110010"": 2, ""11110011"": 1, ""11110111"": 1, ""11111001"": 1, ""11111010"": 1, ""11111110"": 1}"
ising,2,8,0.314980262473718,1,42,100,1,514,552,239.37109375,119.03435320000062,3.1240998703626572,01000011,3.6233435619863505,2.5472494847598663,4.436906174022548,-9.818092232479144,9.662249498630267,0.4992436916236933,4.4,"{""00000000"": 1, ""00000100"": 1, ""00000110"": 1, ""00001010"": 1, ""00001101"": 1, ""00010000"": 1, ""00010001"": 2, ""00010111"": 1, ""00011100"": 1, ""00100000"": 1, ""00100100"": 2, ""00100101"": 1, ""00100110"": 2, ""00101000"": 2, ""00101010"": 1, ""00101011"": 1, ""00101100"": 2, ""00101101"": 1, ""00101110"": 3, ""00101111"": 1, ""00110000"": 1, ""00110100"": 1, ""00110111"": 2, ""00111000"": 4, ""00111001"": 3, ""00111010"": 2, ""00111011"": 2, ""01000000"": 2, ""01000010"": 1, ""01000011"": 5, ""01000101"": 1, ""01000111"": 2, ""01001000"": 1, ""01001001"": 2, ""01010000"": 1, ""01010001"": 1, ""01010010"": 1, ""01010011"": 1, ""01010101"": 2, ""01011000"": 1, ""01011010"": 1, ""01011100"": 2, ""01011110"": 1, ""01100000"": 2, ""01100100"": 1, ""01100110"": 1, ""01100111"": 1, ""01101010"": 1, ""01101110"": 1, ""01110010"": 1, ""01111100"": 1, ""10000010"": 1, ""10001000"": 1, ""10001011"": 1, ""10001101"": 1, ""10101100"": 1, ""10111000"": 1, ""10111001"": 1, ""11000101"": 1, ""11000110"": 2, ""11000111"": 1, ""11001010"": 1, ""11001100"": 1, ""11010011"": 1, ""11011111"": 2, ""11100111"": 1, ""11101100"": 1, ""11101101"": 1, ""11101111"": 1, ""11110010"": 1, ""11111000"": 1, ""11111001"": 1, ""11111111"": 1}"
ising,2,8,0.3401975000435943,1,42,100,1,514,552,238.1484375,114.65950669999984,3.1240998703626572,00111001,3.318689466381017,2.013578761015091,4.207003559117339,-9.0903233209567,8.657450781863522,0.19458959601835968,4.4,"{""00000011"": 1, ""00000101"": 1, ""00000110"": 1, ""00001000"": 2, ""00010001"": 2, ""00010111"": 2, ""00011011"": 1, ""00011100"": 1, ""00011110"": 1, ""00100010"": 3, ""00100100"": 2, ""00101000"": 2, ""00101010"": 2, ""00101100"": 2, ""00101101"": 1, ""00101110"": 3, ""00101111"": 2, ""00110000"": 1, ""00110011"": 1, ""00110100"": 1, ""00110101"": 1, ""00110111"": 2, ""00111000"": 1, ""00111001"": 3, ""00111010"": 3, ""00111011"": 1, ""00111100"": 1, ""00111101"": 1, ""00111110"": 2, ""01000000"": 1, ""01000001"": 1, ""01000011"": 1, ""01000100"": 3, ""01000110"": 2, ""01000111"": 1, ""01001001"": 2, ""01001011"": 1, ""01001100"": 1, ""01001111"": 1, ""01010010"": 1, ""01010100"": 1, ""01010101"": 1, ""01010110"": 1, ""01011000"": 1, ""01011010"": 2, ""01011100"": 1, ""01100000"": 1, ""01100001"": 1, ""01100110"": 1, ""01101100"": 1, ""01110010"": 1, ""01111000"": 1, ""10000010"": 1, ""10000101"": 1, ""10001000"": 1, ""10001010"": 1, ""10001101"": 1, ""10010000"": 1, ""10101100"": 1, ""10111000"": 1, ""11000011"": 1, ""11000101"": 1, ""11000110"": 1, ""11000111"": 2, ""11001011"": 1, ""11010000"": 1, ""11011100"": 1, ""11011111"": 1, ""11100110"": 1, ""11100111"": 1, ""11101100"": 1, ""11101110"": 1, ""11110010"": 1, ""11111001"": 1, ""11111101"": 1, ""11111110"": 1}"
ising,2,8,0.36743362306889965,1,42,100,1,514,552,240.0703125,113.76966619999985,3.1240998703626572,01000110,3.840863318570483,2.5703725304102987,3.752689930261357,-8.21610762059425,8.08251237473093,0.7167634482078258,4.4,"{""00000011"": 1, ""00000101"": 1, ""00000110"": 1, ""00001001"": 1, ""00001111"": 1, ""00010001"": 1, ""00010111"": 1, ""00011010"": 1, ""00011011"": 1, ""00011100"": 1, ""00011101"": 1, ""00011110"": 1, ""00100010"": 2, ""00100100"": 2, ""00101000"": 2, ""00101001"": 1, ""00101010"": 1, ""00101110"": 1, ""00101111"": 1, ""00110111"": 2, ""00111000"": 2, ""00111001"": 3, ""00111010"": 1, ""00111011"": 1, ""00111100"": 1, ""00111110"": 3, ""00111111"": 1, ""01000000"": 1, ""01000001"": 1, ""01000011"": 3, ""01000100"": 3, ""01000110"": 4, ""01000111"": 3, ""01001001"": 2, ""01001010"": 2, ""01001100"": 1, ""01001101"": 1, ""01001111"": 1, ""01010000"": 1, ""01010001"": 1, ""01010011"": 1, ""01010100"": 2, ""01010101"": 1, ""01010110"": 2, ""01010111"": 1, ""01011000"": 1, ""01011100"": 1, ""01100000"": 2, ""01100100"": 1, ""01100110"": 1, ""01101010"": 1, ""01101110"": 1, ""01110000"": 1, ""01110010"": 1, ""01110011"": 1, ""01111001"": 1, ""10000101"": 1, ""10001010"": 1, ""10011111"": 1, ""10101101"": 1, ""10110010"": 1, ""10111000"": 2, ""10111101"": 1, ""11000010"": 1, ""11000110"": 1, ""11000111"": 2, ""11001011"": 1, ""11011100"": 1, ""11100111"": 1, ""11101100"": 2, ""11101110"": 1, ""11110010"": 2, ""11111110"": 1}"
ising,2,8,0.39685026299204973,1,42,100,1,514,552,236.4140625,113.23581009999907,3.1240998703626572,01000111,3.9581587144528743,2.519615406668908,4.224221574214378,-7.792624969079096,7.668932509252444,0.834058844090217,4.4,"{""00000000"": 1, ""00000110"": 1, ""00001010"": 1, ""00010001"": 1, ""00010111"": 1, ""00100000"": 1, ""00100110"": 2, ""00101000"": 1, ""00101001"": 1, ""00101010"": 2, ""00101011"": 1, ""00101110"": 1, ""00110000"": 1, ""00110110"": 1, ""00110111"": 1, ""00111000"": 3, ""00111001"": 4, ""00111011"": 2, ""00111110"": 1, ""01000000"": 2, ""01000010"": 1, ""01000011"": 2, ""01000100"": 1, ""01000101"": 2, ""01000110"": 2, ""01000111"": 4, ""01001000"": 2, ""01001100"": 4, ""01001101"": 1, ""01010000"": 1, ""01010001"": 1, ""01010010"": 1, ""01010011"": 1, ""01010101"": 1, ""01011000"": 1, ""01011010"": 1, ""01011100"": 3, ""01011110"": 1, ""01011111"": 1, ""01100000"": 2, ""01100011"": 2, ""01100100"": 2, ""01101100"": 2, ""01101101"": 1, ""01101110"": 1, ""01110010"": 1, ""01110011"": 1, ""01111000"": 1, ""01111001"": 1, ""01111010"": 2, ""01111011"": 1, ""01111100"": 1, ""10000010"": 1, ""10000011"": 1, ""10000100"": 1, ""10001000"": 1, ""10001010"": 1, ""10001011"": 1, ""10001101"": 1, ""10010000"": 1, ""10100011"": 1, ""10101101"": 1, ""10111000"": 1, ""11000110"": 1, ""11001010"": 1, ""11010000"": 1, ""11010011"": 1, ""11010101"": 1, ""11011001"": 1, ""11011111"": 1, ""11100111"": 1, ""11101101"": 1, ""11101111"": 1, ""11110010"": 1}"
ising,2,8,0.4286219914265361,1,42,100,1,514,552,234.6484375,114.37267020000036,3.1240998703626572,01100010,4.0083302228938145,2.2005732923687042,4.247863908286659,-7.214994401208866,7.214994401208866,0.8842303525311572,4.4,"{""00000001"": 1, ""00000111"": 2, ""00001011"": 1, ""00010001"": 1, ""00010111"": 1, ""00011011"": 1, ""00011110"": 1, ""00100000"": 1, ""00100001"": 2, ""00100101"": 1, ""00101000"": 1, ""00101011"": 1, ""00101101"": 1, ""00101110"": 1, ""00110011"": 1, ""00110110"": 1, ""00111001"": 1, ""00111010"": 1, ""00111011"": 1, ""00111100"": 1, ""00111101"": 1, ""01000000"": 1, ""01000100"": 2, ""01000110"": 2, ""01000111"": 1, ""01001000"": 1, ""01001001"": 1, ""01001100"": 1, ""01001101"": 2, ""01001110"": 1, ""01001111"": 3, ""01010001"": 2, ""01010010"": 2, ""01010011"": 2, ""01010101"": 1, ""01010111"": 2, ""01011000"": 1, ""01011010"": 1, ""01011100"": 1, ""01011101"": 1, ""01011110"": 3, ""01011111"": 1, ""01100010"": 4, ""01100100"": 2, ""01100101"": 1, ""01100110"": 3, ""01101000"": 1, ""01101001"": 1, ""01101010"": 1, ""01101100"": 1, ""01101110"": 1, ""01110010"": 2, ""01110110"": 1, ""01111000"": 1, ""01111001"": 1, ""01111010"": 1, ""01111110"": 1, ""10000010"": 1, ""10000011"": 1, ""10000100"": 1, ""10001011"": 2, ""10010000"": 1, ""10010001"": 1, ""10011011"": 1, ""10100101"": 1, ""10100110"": 2, ""10101100"": 1, ""10101101"": 1, ""10110001"": 1, ""10110011"": 1, ""10110111"": 1, ""10111000"": 1, ""10111001"": 1, ""11000010"": 1, ""11000011"": 1, ""11010011"": 1, ""11100010"": 1, ""11111001"": 1}"
ising,2,8,0.46293735614364534,1,42,100,1,514,552,239.62890625,113.54998549999982,3.1240998703626572,01010110,4.082332751061683,2.4080461500418395,3.8146731690936493,-6.786215482284357,6.680180865373664,0.9582328806990259,4.4,"{""00000100"": 1, ""00000111"": 1, ""00001001"": 1, ""00001010"": 1, ""00001111"": 1, ""00011011"": 1, ""00011111"": 1, ""00100000"": 1, ""00100001"": 2, ""00101010"": 1, ""00101011"": 1, ""00101100"": 1, ""00110000"": 1, ""00110011"": 1, ""00110110"": 2, ""00111000"": 1, ""00111001"": 1, ""00111100"": 2, ""00111101"": 1, ""01000010"": 1, ""01000101"": 1, ""01000111"": 1, ""01001001"": 1, ""01001100"": 2, ""01001101"": 2, ""01001111"": 1, ""01010000"": 1, ""01010001"": 1, ""01010010"": 2, ""01010011"": 2, ""01010101"": 1, ""01010110"": 4, ""01011000"": 1, ""01011010"": 1, ""01011011"": 2, ""01011100"": 1, ""01011101"": 1, ""01011110"": 1, ""01011111"": 1, ""01100000"": 3, ""01100010"": 3, ""01100011"": 1, ""01100100"": 2, ""01100101"": 2, ""01100110"": 2, ""01101000"": 2, ""01101001"": 1, ""01101010"": 1, ""01101011"": 2, ""01101100"": 1, ""01101101"": 1, ""01101110"": 1, ""01110011"": 1, ""01110100"": 1, ""01110101"": 1, ""01111000"": 1, ""01111001"": 1, ""01111100"": 1, ""01111110"": 1, ""10000000"": 1, ""10000011"": 1, ""10010000"": 1, ""10010001"": 1, ""10010100"": 1, ""10011011"": 1, ""10011111"": 1, ""10100000"": 1, ""10100100"": 1, ""10101100"": 2, ""10101110"": 1, ""10110100"": 1, ""10110111"": 1, ""10111000"": 1, ""11000011"": 1, ""11000100"": 1, ""11000110"": 1, ""11011000"": 1, ""11101111"": 1, ""11110000"": 1}"
ising,2,8,0.5,1,42,100,1,514,552,237.73046875,114.03406499999983,3.1240998703626572,01100000,4.172427743048944,2.0817960068553614,4.062099472696542,-6.283185307179586,6.1850105367549055,1.0483278726862868,4.4,"{""00000001"": 1, ""00000011"": 1, ""00000111"": 1, ""00001010"": 1, ""00010111"": 1, ""00011000"": 1, ""00011011"": 1, ""00100101"": 1, ""00101010"": 1, ""00101011"": 1, ""00101101"": 1, ""00101111"": 1, ""00110110"": 1, ""00111001"": 1, ""01000011"": 1, ""01000100"": 1, ""01000110"": 2, ""01001101"": 2, ""01001110"": 1, ""01001111"": 2, ""01010000"": 1, ""01010100"": 1, ""01010101"": 2, ""01010111"": 1, ""01011000"": 3, ""01011001"": 1, ""01011100"": 1, ""01011110"": 2, ""01011111"": 3, ""01100000"": 3, ""01100001"": 1, ""01100010"": 2, ""01100011"": 2, ""01100100"": 2, ""01100101"": 3, ""01100110"": 3, ""01100111"": 2, ""01101001"": 2, ""01101100"": 1, ""01101101"": 1, ""01101110"": 2, ""01101111"": 3, ""01110010"": 2, ""01110100"": 2, ""01110101"": 1, ""01111000"": 2, ""01111001"": 2, ""01111010"": 1, ""01111110"": 1, ""10000000"": 2, ""10000001"": 1, ""10000011"": 2, ""10001000"": 1, ""10001011"": 1, ""10010001"": 1, ""10010110"": 2, ""10011100"": 1, ""10011110"": 1, ""10100000"": 1, ""10100011"": 2, ""10101001"": 1, ""10101110"": 1, ""10110011"": 2, ""11000011"": 2, ""11000100"": 1, ""11001101"": 1, ""11011101"": 1}"
ising,2,8,0.5400298694461529,1,42,100,1,514,552,232.984375,113.83209129999886,3.1240998703626572,01101100,4.158562332427623,2.0370138113596292,3.8614051988376517,-5.726544851211809,5.590198545230575,1.0344624620649658,4.4,"{""00000111"": 2, ""00001010"": 1, ""00011000"": 1, ""00011011"": 1, ""00011110"": 1, ""00100001"": 1, ""00101010"": 1, ""00110000"": 1, ""00111001"": 1, ""00111110"": 1, ""01000011"": 1, ""01000111"": 1, ""01001000"": 1, ""01001001"": 1, ""01001011"": 1, ""01001110"": 1, ""01010001"": 1, ""01010011"": 1, ""01010101"": 1, ""01010110"": 1, ""01011000"": 1, ""01011011"": 3, ""01011100"": 1, ""01011101"": 1, ""01011110"": 1, ""01011111"": 1, ""01100000"": 1, ""01100010"": 2, ""01100011"": 2, ""01100100"": 4, ""01100101"": 5, ""01100111"": 3, ""01101000"": 3, ""01101001"": 1, ""01101010"": 2, ""01101100"": 5, ""01101101"": 1, ""01101110"": 2, ""01101111"": 2, ""01110010"": 2, ""01110011"": 2, ""01110100"": 2, ""01110101"": 1, ""01111000"": 3, ""01111010"": 1, ""01111011"": 2, ""10000010"": 2, ""10000011"": 1, ""10000101"": 1, ""10000111"": 1, ""10001010"": 1, ""10010100"": 2, ""10010110"": 2, ""10011000"": 1, ""10011001"": 1, ""10011100"": 1, ""10100001"": 1, ""10100010"": 2, ""10100011"": 1, ""10101010"": 1, ""10110001"": 1, ""10111000"": 1, ""10111111"": 1, ""11000011"": 1, ""11000100"": 1, ""11010010"": 1, ""11110101"": 1}"
ising,2,8,0.5832645197880579,1,42,100,1,514,552,238.703125,113.87168259999999,3.1240998703626572,01101110,4.334226157548794,2.2992438567812243,3.654023815589448,-5.3862227977305395,5.302063066516,1.2101262871861365,4.4,"{""00001010"": 1, ""00010001"": 1, ""00010110"": 1, ""00010111"": 1, ""00011111"": 1, ""00110110"": 1, ""01001000"": 1, ""01001010"": 1, ""01001011"": 1, ""01001110"": 1, ""01001111"": 1, ""01010101"": 2, ""01010111"": 1, ""01011000"": 1, ""01011110"": 2, ""01100000"": 1, ""01100001"": 1, ""01100011"": 1, ""01100100"": 1, ""01100101"": 2, ""01100110"": 3, ""01100111"": 3, ""01101000"": 3, ""01101001"": 1, ""01101010"": 1, ""01101011"": 4, ""01101100"": 3, ""01101101"": 3, ""01101110"": 7, ""01101111"": 2, ""01110000"": 5, ""01110001"": 1, ""01110010"": 2, ""01110011"": 4, ""01110100"": 4, ""01110101"": 1, ""01110110"": 1, ""01111000"": 3, ""01111001"": 1, ""01111011"": 1, ""01111110"": 1, ""10000000"": 2, ""10000010"": 1, ""10000011"": 2, ""10000110"": 1, ""10000111"": 1, ""10001111"": 1, ""10010001"": 2, ""10010010"": 1, ""10010011"": 1, ""10010100"": 1, ""10011000"": 1, ""10100000"": 1, ""10100001"": 1, ""10100011"": 1, ""10100101"": 1, ""11001101"": 1, ""11001111"": 2, ""11100011"": 1, ""11111101"": 1}"
ising,2,8,0.629960524947436,1,42,100,1,514,552,238.1640625,118.66209619999972,3.1240998703626572,01110111,4.480478598155165,2.790364149564112,3.2525590800218525,-4.9480067997017905,4.870085432777352,1.356378727792508,4.4,"{""00000010"": 1, ""00001010"": 1, ""00010101"": 1, ""00010111"": 1, ""00110001"": 1, ""01001000"": 1, ""01011100"": 1, ""01100010"": 1, ""01100100"": 2, ""01100101"": 1, ""01100110"": 1, ""01101010"": 2, ""01101100"": 3, ""01101110"": 3, ""01101111"": 1, ""01110000"": 1, ""01110001"": 1, ""01110010"": 7, ""01110011"": 6, ""01110100"": 8, ""01110101"": 8, ""01110110"": 6, ""01110111"": 10, ""01111000"": 7, ""01111001"": 2, ""01111010"": 2, ""01111100"": 2, ""01111101"": 1, ""10000001"": 1, ""10000100"": 1, ""10001000"": 2, ""10001010"": 2, ""10001011"": 1, ""10001100"": 2, ""10010001"": 1, ""10010010"": 1, ""10101000"": 1, ""10101011"": 1, ""10111001"": 1, ""11000011"": 1, ""11000100"": 1, ""11001000"": 1, ""11010111"": 1}"
ising,2,8,0.6803950000871886,1,42,100,1,514,552,244.12109375,118.7405701000007,3.1240998703626572,01111100,4.473016237296153,3.409953426706495,2.8263094689354618,-4.617307083660545,4.5812343720694475,1.3489163669334956,4.4,"{""00001010"": 1, ""01011110"": 1, ""01100100"": 1, ""01110100"": 2, ""01110101"": 1, ""01111000"": 1, ""01111001"": 2, ""01111010"": 5, ""01111011"": 22, ""01111100"": 41, ""01111101"": 6, ""01111110"": 4, ""01111111"": 2, ""10000000"": 4, ""10000001"": 1, ""10000010"": 1, ""10000100"": 4, ""10010011"": 1}"
ising,2,8,0.7348672461377993,1,42,100,1,514,552,237.97265625,118.11576969999987,3.1240998703626572,10000011,-4.174851433228786,-3.664851582145557,1.9620338034119211,-4.275047867626276,4.208250244694616,7.298951303591442,4.4,"{""01101111"": 1, ""01110100"": 1, ""01111100"": 1, ""01111101"": 1, ""01111110"": 2, ""10000000"": 3, ""10000001"": 4, ""10000010"": 12, ""10000011"": 54, ""10000100"": 7, ""10000101"": 6, ""10000110"": 2, ""10001000"": 2, ""10001010"": 1, ""10001011"": 1, ""10001101"": 1, ""10010101"": 1}"
ising,2,8,0.7937005259840995,1,42,100,1,514,552,236.83984375,113.97588170000017,3.1240998703626572,10001010,-3.5870813349729174,-2.5038446180410094,2.3679774577296415,-3.927235599496211,3.896312484539548,6.711181205335574,4.4,"{""00011000"": 1, ""00110110"": 1, ""00110111"": 1, ""01011111"": 1, ""01100100"": 1, ""01101011"": 1, ""01110010"": 2, ""01110110"": 1, ""01111000"": 2, ""01111001"": 1, ""01111101"": 1, ""01111110"": 1, ""10000001"": 1, ""10000010"": 2, ""10000011"": 1, ""10000100"": 5, ""10000101"": 2, ""10000110"": 3, ""10000111"": 6, ""10001000"": 5, ""10001001"": 2, ""10001010"": 14, ""10001011"": 6, ""10001100"": 6, ""10001101"": 2, ""10001110"": 2, ""10001111"": 2, ""10010000"": 1, ""10010001"": 2, ""10010010"": 4, ""10010100"": 2, ""10010101"": 3, ""10010110"": 1, ""10011001"": 1, ""10011010"": 1, ""10011110"": 1, ""10100001"": 2, ""10100010"": 1, ""10100100"": 1, ""10101110"": 1, ""10110011"": 1, ""10111001"": 2, ""11010111"": 1, ""11110110"": 1, ""11111000"": 1}"
ising,2,8,0.8572439828530722,1,42,100,1,514,552,241.36328125,113.17642490000071,3.1240998703626572,10010100,-2.9776167370068336,-2.0064555858599893,2.1795500983059464,-3.6647590609314875,3.607497200604433,6.101716607369491,4.4,"{""00110110"": 1, ""01010010"": 1, ""01010111"": 1, ""01100000"": 1, ""01100100"": 1, ""01100110"": 1, ""01101000"": 1, ""01101100"": 1, ""01101110"": 1, ""01110000"": 2, ""01110101"": 1, ""01110111"": 1, ""01111010"": 1, ""01111110"": 1, ""10000000"": 1, ""10000010"": 1, ""10000011"": 3, ""10000100"": 1, ""10000101"": 4, ""10000111"": 1, ""10001010"": 4, ""10001100"": 1, ""10001101"": 1, ""10001110"": 3, ""10001111"": 1, ""10010000"": 3, ""10010001"": 1, ""10010010"": 3, ""10010011"": 2, ""10010100"": 8, ""10010101"": 4, ""10010110"": 3, ""10010111"": 1, ""10011000"": 5, ""10011001"": 2, ""10011010"": 1, ""10011011"": 1, ""10011100"": 3, ""10011101"": 2, ""10011110"": 2, ""10100001"": 1, ""10100010"": 1, ""10100011"": 2, ""10100100"": 3, ""10100110"": 1, ""10101000"": 1, ""10101010"": 1, ""10101110"": 1, ""10101111"": 1, ""10110000"": 1, ""10110010"": 3, ""10110101"": 1, ""11001110"": 1, ""11001111"": 2, ""11011010"": 1, ""11100010"": 1, ""11101101"": 1}"
ising,2,8,0.9258747122872896,1,42,100,1,514,552,238.82421875,113.46149080000032,3.1240998703626572,10100011,-1.9616404128478242,-1.1610790551720906,2.030195071808495,-3.3931077411421824,3.2340558157761428,5.085740283210481,4.4,"{""00000001"": 1, ""00000011"": 1, ""00001010"": 1, ""00010100"": 1, ""00110100"": 1, ""01000011"": 1, ""01010010"": 1, ""01010101"": 1, ""01010111"": 1, ""01011111"": 2, ""01100000"": 1, ""01100001"": 1, ""01100101"": 1, ""01100110"": 1, ""01100111"": 1, ""01101100"": 1, ""01110010"": 2, ""01111000"": 2, ""01111010"": 2, ""10000000"": 2, ""10000011"": 1, ""10000100"": 1, ""10000110"": 1, ""10001011"": 1, ""10001101"": 2, ""10001110"": 1, ""10001111"": 3, ""10010010"": 1, ""10010011"": 1, ""10010101"": 3, ""10010110"": 3, ""10010111"": 1, ""10011000"": 1, ""10011011"": 1, ""10011100"": 1, ""10011101"": 1, ""10011110"": 1, ""10100000"": 1, ""10100001"": 1, ""10100010"": 1, ""10100011"": 6, ""10100101"": 2, ""10100110"": 1, ""10101001"": 1, ""10101010"": 1, ""10101101"": 2, ""10101110"": 3, ""10101111"": 2, ""10110000"": 1, ""10110011"": 1, ""10110101"": 1, ""10110111"": 1, ""10111000"": 1, ""10111001"": 3, ""10111110"": 1, ""11000011"": 2, ""11000100"": 2, ""11001001"": 1, ""11001010"": 1, ""11001101"": 2, ""11001111"": 1, ""11010100"": 1, ""11010110"": 2, ""11011000"": 2, ""11011110"": 1, ""11100000"": 2, ""11100100"": 1, ""11101000"": 2, ""11111110"": 1}"
ising,2,8,1.0,1,42,100,1,514,552,236.1015625,113.13123640000049,3.1240998703626572,01110010,-1.4358060174609601,-0.775826123281042,1.7272383559009874,-3.117048960983623,3.067961575771282,4.559905887823618,4.4,"{""00000011"": 1, ""00000100"": 1, ""00000111"": 1, ""00001011"": 1, ""00010011"": 1, ""00010111"": 1, ""00011011"": 1, ""00100001"": 2, ""00100101"": 1, ""00110110"": 1, ""00111010"": 1, ""00111110"": 1, ""01000110"": 1, ""01001100"": 1, ""01001101"": 1, ""01010001"": 1, ""01100010"": 1, ""01100100"": 1, ""01100101"": 1, ""01100110"": 1, ""01100111"": 1, ""01101010"": 1, ""01110010"": 3, ""01111000"": 1, ""01111101"": 1, ""10000001"": 1, ""10000010"": 1, ""10000111"": 1, ""10001001"": 1, ""10001011"": 2, ""10001101"": 1, ""10001111"": 1, ""10010000"": 1, ""10010001"": 1, ""10010110"": 1, ""10011011"": 1, ""10011110"": 2, ""10100000"": 1, ""10100010"": 1, ""10100100"": 1, ""10100110"": 1, ""10101000"": 2, ""10101010"": 1, ""10101011"": 1, ""10101100"": 2, ""10101101"": 3, ""10101110"": 1, ""10101111"": 1, ""10110001"": 2, ""10110011"": 2, ""10110100"": 1, ""10110111"": 1, ""10111001"": 3, ""10111010"": 1, ""10111011"": 1, ""10111100"": 1, ""10111110"": 1, ""11000000"": 1, ""11000001"": 1, ""11000010"": 3, ""11000011"": 1, ""11000100"": 1, ""11000101"": 1, ""11000110"": 1, ""11000111"": 1, ""11001111"": 1, ""11010001"": 1, ""11010011"": 1, ""11010100"": 1, ""11010101"": 1, ""11010111"": 1, ""11011000"": 2, ""11011110"": 1, ""11011111"": 2, ""11100010"": 1, ""11100110"": 1, ""11101001"": 1, ""11101100"": 1, ""11101110"": 1, ""11110010"": 1, ""11110110"": 1, ""11111010"": 1, ""11111110"": 1}"
ising,2,8,1.0800597388923059,1,42,100,1,514,552,242.4765625,112.77436239999952,3.1240998703626572,11000111,-1.1021326400149711,-0.5953788694513865,1.3911250326986564,-2.840548041275699,2.8632724256059046,4.226232510377629,4.4,"{""00000101"": 2, ""00000110"": 1, ""00001111"": 1, ""00010111"": 1, ""00011011"": 1, ""00011101"": 1, ""00011110"": 1, ""00100011"": 1, ""00100100"": 1, ""00101000"": 1, ""00101010"": 1, ""00111001"": 2, ""00111100"": 1, ""01000100"": 1, ""01000110"": 1, ""01000111"": 1, ""01001001"": 1, ""01001010"": 1, ""01010111"": 1, ""01100000"": 2, ""01100110"": 1, ""01110000"": 1, ""01110010"": 1, ""01111001"": 1, ""01111110"": 1, ""10000011"": 1, ""10001001"": 1, ""10001010"": 1, ""10010001"": 1, ""10011100"": 1, ""10011111"": 1, ""10100010"": 2, ""10100100"": 1, ""10101000"": 2, ""10101001"": 1, ""10101101"": 1, ""10101111"": 1, ""10110010"": 1, ""10110111"": 1, ""10111000"": 4, ""10111010"": 1, ""10111011"": 1, ""10111101"": 1, ""10111110"": 2, ""10111111"": 2, ""11000000"": 1, ""11000001"": 1, ""11000010"": 1, ""11000011"": 2, ""11000100"": 2, ""11000110"": 4, ""11000111"": 5, ""11001001"": 2, ""11001010"": 1, ""11001011"": 1, ""11001100"": 1, ""11001101"": 1, ""11001111"": 1, ""11010000"": 1, ""11010001"": 1, ""11010011"": 1, ""11010100"": 2, ""11010101"": 1, ""11010110"": 2, ""11011000"": 1, ""11011011"": 1, ""11011100"": 2, ""11100100"": 1, ""11100111"": 1, ""11101010"": 1, ""11101100"": 2, ""11101110"": 2, ""11110010"": 2, ""11110011"": 1}"
ising,2,8,1.1665290395761159,1,42,100,1,514,552,240.359375,113.0365150000016,3.1240998703626572,11100101,-0.7048377489217699,-0.6152076351782851,1.0252618884669655,-2.651031533258,2.5247919364361904,3.828937619284427,4.4,"{""00000100"": 1, ""00000111"": 1, ""00001000"": 2, ""00001011"": 1, ""00010000"": 1, ""00011011"": 1, ""00011111"": 1, ""00100000"": 1, ""00100001"": 1, ""00100011"": 1, ""00101010"": 1, ""00101110"": 1, ""00110110"": 1, ""00111000"": 1, ""00111100"": 1, ""01001100"": 1, ""01010001"": 1, ""01100100"": 1, ""01110100"": 1, ""01111000"": 1, ""10000010"": 1, ""10001011"": 1, ""10010001"": 1, ""10010101"": 1, ""10011010"": 1, ""10011011"": 1, ""10100100"": 1, ""10101011"": 1, ""10101100"": 3, ""10110000"": 1, ""10110010"": 1, ""10110011"": 1, ""10110100"": 1, ""10110110"": 1, ""10110111"": 1, ""10111000"": 2, ""10111001"": 1, ""10111010"": 1, ""10111101"": 1, ""11000011"": 2, ""11000100"": 1, ""11000101"": 1, ""11000110"": 2, ""11000111"": 1, ""11001010"": 1, ""11001100"": 1, ""11001101"": 1, ""11001111"": 1, ""11010000"": 1, ""11010010"": 2, ""11010011"": 1, ""11010101"": 2, ""11010110"": 2, ""11010111"": 1, ""11011000"": 1, ""11011010"": 1, ""11011011"": 1, ""11011100"": 1, ""11011101"": 2, ""11011110"": 2, ""11011111"": 1, ""11100000"": 2, ""11100001"": 2, ""11100010"": 3, ""11100100"": 2, ""11100101"": 3, ""11100110"": 2, ""11100111"": 1, ""11101000"": 1, ""11101001"": 2, ""11101011"": 1, ""11101100"": 2, ""11101110"": 1, ""11101111"": 1, ""11110000"": 1, ""11110010"": 1, ""11110101"": 1, ""11111001"": 1, ""11111110"": 1}"
ising,2,8,1.259921049894872,1,42,100,1,514,552,235.9375,112.54813050000121,3.1240998703626572,11101100,-0.4480478598155164,-0.36778885188334565,0.8122510895992229,-2.435042716388676,2.3376410077331293,3.5721477301781737,4.4,"{""00000010"": 1, ""00000011"": 2, ""00000101"": 1, ""00000111"": 2, ""00001001"": 1, ""00001010"": 1, ""00001110"": 1, ""00010100"": 1, ""00010110"": 1, ""00011000"": 2, ""00011011"": 2, ""00011110"": 1, ""00100001"": 1, ""00100110"": 1, ""00110001"": 1, ""00111111"": 1, ""01000010"": 1, ""01101010"": 1, ""01110100"": 1, ""01111000"": 1, ""10000011"": 1, ""10010100"": 1, ""10010110"": 1, ""10011001"": 1, ""10011100"": 1, ""10100001"": 1, ""10100010"": 1, ""10111000"": 1, ""10111110"": 1, ""10111111"": 1, ""11000011"": 1, ""11000100"": 1, ""11001000"": 1, ""11001001"": 1, ""11001011"": 1, ""11001110"": 1, ""11010010"": 1, ""11010101"": 2, ""11010111"": 2, ""11011000"": 1, ""11011011"": 2, ""11011100"": 1, ""11011101"": 2, ""11011110"": 1, ""11011111"": 1, ""11100000"": 1, ""11100010"": 2, ""11100011"": 3, ""11100100"": 4, ""11100101"": 3, ""11100111"": 3, ""11101000"": 4, ""11101001"": 2, ""11101100"": 4, ""11101101"": 2, ""11101110"": 2, ""11101111"": 3, ""11110010"": 2, ""11110011"": 3, ""11110100"": 2, ""11110101"": 2, ""11110111"": 1, ""11111000"": 1, ""11111001"": 1, ""11111010"": 2}"
ising,2,8,1.3607900001743771,1,42,100,1,514,552,239.875,113.53890280000087,3.1240998703626572,11111000,-0.16232720215994104,-0.23140644485689374,0.5087781622038333,-2.2365081186480764,1.4248721078483715,3.2864270725225984,4.4,"{""00000000"": 1, ""00000001"": 1, ""00000101"": 1, ""00000110"": 1, ""00001000"": 4, ""00001010"": 2, ""00010001"": 1, ""00010101"": 1, ""00111001"": 1, ""01001000"": 1, ""01001111"": 1, ""10000100"": 1, ""10001011"": 1, ""10011001"": 1, ""10101001"": 1, ""11000010"": 1, ""11000101"": 1, ""11000110"": 1, ""11000111"": 1, ""11001000"": 1, ""11001011"": 1, ""11010111"": 1, ""11100000"": 1, ""11100011"": 1, ""11100101"": 1, ""11100111"": 1, ""11101000"": 1, ""11101100"": 1, ""11101101"": 1, ""11101111"": 1, ""11110000"": 2, ""11110001"": 1, ""11110011"": 2, ""11110100"": 2, ""11110101"": 7, ""11110110"": 11, ""11110111"": 12, ""11111000"": 15, ""11111001"": 6, ""11111010"": 1, ""11111011"": 2, ""11111100"": 2, ""11111110"": 2, ""11111111"": 1}"
ising,2,8,1.4697344922755986,1,42,100,1,514,552,239.62890625,117.20969960000002,3.1240998703626572,00000101,0.08349702866457571,0.11739682230239346,0.3161766179496626,-1.3526518643661265,2.0707263108814775,3.0406028416980817,4.4,"{""00000000"": 1, ""00000001"": 2, ""00000010"": 1, ""00000011"": 12, ""00000100"": 8, ""00000101"": 26, ""00000110"": 19, ""00000111"": 8, ""00001000"": 2, ""00001001"": 2, ""00001010"": 1, ""00001011"": 2, ""00001101"": 1, ""00001110"": 1, ""00010110"": 2, ""00011001"": 1, ""00011011"": 1, ""00111011"": 1, ""01011110"": 1, ""01111100"": 1, ""10101111"": 1, ""11100111"": 1, ""11110010"": 1, ""11111010"": 1, ""11111100"": 2, ""11111111"": 1}"
ising,2,8,1.7144879657061445,1,42,100,1,514,552,239.97265625,116.79007470000033,3.1240998703626572,00101101,0.5368299405661359,0.33297771780182184,0.8396498714879912,-1.8037486003022165,1.7894331352204527,2.5872699297965216,4.4,"{""00000001"": 1, ""00000011"": 1, ""00000100"": 1, ""00000111"": 1, ""00001001"": 1, ""00001011"": 1, ""00010000"": 1, ""00010001"": 1, ""00010011"": 1, ""00010110"": 1, ""00010111"": 1, ""00011011"": 2, ""00011110"": 2, ""00100000"": 1, ""00100001"": 2, ""00100100"": 1, ""00100101"": 1, ""00100110"": 1, ""00101000"": 2, ""00101010"": 1, ""00101011"": 1, ""00101100"": 2, ""00101101"": 3, ""00101110"": 1, ""00101111"": 1, ""00110001"": 1, ""00110011"": 2, ""00110100"": 1, ""00110110"": 2, ""00110111"": 1, ""00111001"": 2, ""00111010"": 2, ""00111011"": 1, ""00111110"": 2, ""01000000"": 1, ""01000010"": 2, ""01000100"": 1, ""01000110"": 2, ""01001100"": 1, ""01001111"": 1, ""01010001"": 2, ""01010100"": 1, ""01010101"": 1, ""01011000"": 1, ""01011110"": 1, ""01100010"": 2, ""01100100"": 1, ""01100110"": 1, ""01100111"": 1, ""01101010"": 1, ""01101110"": 1, ""01110010"": 1, ""01111000"": 1, ""01111101"": 1, ""10000010"": 1, ""10001011"": 2, ""10001101"": 1, ""10001111"": 1, ""10110001"": 1, ""10111001"": 1, ""10111100"": 1, ""11000001"": 1, ""11000010"": 1, ""11000011"": 1, ""11000101"": 1, ""11000111"": 1, ""11001101"": 1, ""11010011"": 1, ""11010111"": 1, ""11011000"": 1, ""11011111"": 2, ""11100010"": 1, ""11100101"": 1, ""11100110"": 1, ""11101001"": 1, ""11101100"": 1, ""11110010"": 3, ""11110110"": 1, ""11111010"": 1, ""11111110"": 1}"
ising,2,8,1.587401051968199,1,42,100,1,514,552,248.65234375,118.2941721999996,3.1240998703626572,00011011,0.34015426452329384,0.23424259579672282,0.6603091524052357,-1.9326946847914424,1.839925339921453,2.7839456058393632,4.4,"{""00000011"": 1, ""00000100"": 3, ""00000101"": 1, ""00000111"": 1, ""00001000"": 1, ""00001001"": 2, ""00001010"": 1, ""00001011"": 1, ""00001100"": 1, ""00001110"": 2, ""00001111"": 1, ""00010011"": 2, ""00010100"": 3, ""00010101"": 2, ""00010110"": 5, ""00010111"": 2, ""00011000"": 4, ""00011001"": 5, ""00011011"": 5, ""00011100"": 2, ""00011101"": 1, ""00011111"": 2, ""00100001"": 2, ""00100011"": 3, ""00100100"": 1, ""00100101"": 1, ""00100110"": 2, ""00101010"": 1, ""00101100"": 1, ""00101101"": 1, ""00110001"": 1, ""00110010"": 2, ""00110011"": 1, ""00110110"": 1, ""00111000"": 1, ""01000010"": 1, ""01010010"": 1, ""01010100"": 1, ""01010101"": 1, ""01011010"": 1, ""01100001"": 1, ""01100100"": 1, ""01101110"": 1, ""01110111"": 1, ""10000011"": 1, ""10000101"": 1, ""10100010"": 1, ""10101110"": 1, ""10111001"": 1, ""11000111"": 1, ""11001110"": 1, ""11010000"": 1, ""11010010"": 1, ""11010111"": 2, ""11011010"": 1, ""11100000"": 1, ""11100011"": 1, ""11101100"": 2, ""11101101"": 1, ""11101111"": 1, ""11110011"": 1, ""11110100"": 1, ""11110110"": 1, ""11111000"": 1, ""11111010"": 1, ""11111101"": 1, ""11111110"": 1}"
ising,2,8,1.8517494245745791,1,42,100,1,514,552,239.28515625,113.19816340000034,3.1240998703626572,01100110,0.8681584259563006,0.4857710887221132,0.9673914042091134,-1.670045216343418,1.6170279078880714,2.2559414444063566,4.4,"{""00000001"": 1, ""00000111"": 1, ""00001011"": 1, ""00010001"": 1, ""00010110"": 1, ""00011011"": 1, ""00100000"": 1, ""00100010"": 1, ""00100101"": 2, ""00100110"": 1, ""00101000"": 1, ""00101011"": 1, ""00101101"": 1, ""00101110"": 1, ""00110011"": 1, ""00110110"": 2, ""00111001"": 1, ""00111010"": 1, ""00111011"": 1, ""00111101"": 1, ""01000000"": 2, ""01000001"": 1, ""01000010"": 1, ""01000100"": 1, ""01000101"": 1, ""01000110"": 1, ""01000111"": 1, ""01001000"": 1, ""01001001"": 1, ""01001101"": 3, ""01001110"": 1, ""01001111"": 3, ""01010001"": 2, ""01010010"": 1, ""01010011"": 2, ""01010101"": 1, ""01010111"": 2, ""01011000"": 1, ""01011001"": 1, ""01011010"": 1, ""01011100"": 2, ""01011101"": 1, ""01011110"": 2, ""01011111"": 1, ""01100010"": 3, ""01100100"": 2, ""01100110"": 4, ""01101000"": 1, ""01101010"": 1, ""01101110"": 2, ""01110010"": 2, ""01110110"": 1, ""01111000"": 1, ""01111001"": 1, ""01111010"": 1, ""10000010"": 1, ""10000011"": 1, ""10000100"": 1, ""10001011"": 2, ""10010000"": 2, ""10011011"": 1, ""10100101"": 1, ""10100110"": 1, ""10101001"": 1, ""10101100"": 2, ""10110011"": 1, ""10110100"": 1, ""10110111"": 1, ""11000010"": 2, ""11000011"": 1, ""11001001"": 1, ""11010011"": 1, ""11100101"": 1, ""11110010"": 1, ""11111001"": 1, ""11111110"": 1}"
ising,2,8,2.0,1,42,100,1,514,552,238.8203125,112.0580945999991,3.1240998703626572,01101110,1.2210487071569704,0.6625569819035662,1.0392454149216699,-1.5707963267948966,1.5462526341887264,1.9030511632056868,4.4,"{""00000101"": 1, ""00001010"": 1, ""00010101"": 1, ""00010111"": 1, ""00011011"": 1, ""00110101"": 1, ""01001010"": 2, ""01001011"": 1, ""01001110"": 1, ""01010010"": 1, ""01010100"": 2, ""01010101"": 1, ""01010111"": 2, ""01011000"": 1, ""01011001"": 1, ""01011010"": 1, ""01011011"": 1, ""01011100"": 1, ""01011110"": 2, ""01100000"": 1, ""01100010"": 1, ""01100011"": 2, ""01100100"": 5, ""01100101"": 3, ""01100110"": 1, ""01101000"": 2, ""01101010"": 4, ""01101100"": 4, ""01101101"": 3, ""01101110"": 6, ""01101111"": 1, ""01110000"": 2, ""01110001"": 2, ""01110010"": 4, ""01110100"": 3, ""01110101"": 1, ""01110111"": 1, ""01111000"": 3, ""01111001"": 1, ""01111010"": 1, ""01111100"": 1, ""01111101"": 1, ""01111110"": 1, ""10000000"": 1, ""10000011"": 2, ""10000111"": 1, ""10001100"": 1, ""10001110"": 1, ""10010001"": 2, ""10010011"": 1, ""10010100"": 1, ""10010101"": 1, ""10010110"": 1, ""10011000"": 1, ""10011100"": 1, ""10100010"": 1, ""10100100"": 1, ""10101110"": 1, ""10110000"": 1, ""11001101"": 1, ""11001111"": 2, ""11100010"": 1, ""11111101"": 1}"
ising,2,10,0.0009765625,1,42,100,1,2166,2223,279.0625,295.7901366999995,3.1240998703626572,0000000000,0.0,0.6911503837897546,26.655726866481903,-188.49555921538757,100.53096491487338,3.1240998703626572,4.4,"{""0000000000"": 45, ""0000000001"": 36, ""0000000010"": 3, ""0000000011"": 2, ""0000000100"": 1, ""0000001010"": 1, ""0000010000"": 1, ""1111100010"": 1, ""1111101100"": 1, ""1111111100"": 2, ""1111111110"": 2, ""1111111111"": 5}"
ising,2,10,0.0010547458387620175,1,42,100,1,2166,2223,283.0078125,297.4694898000016,3.1240998703626572,0000000001,5.817442388532632,1.5707094449038108,24.92738905434063,-174.52327165597893,93.0790782165221,2.6933425181699744,4.4,"{""0000000000"": 36, ""0000000001"": 45, ""0000000010"": 4, ""0000000011"": 1, ""0000001010"": 2, ""0000010000"": 1, ""1111100010"": 1, ""1111101101"": 1, ""1111111100"": 1, ""1111111101"": 1, ""1111111110"": 2, ""1111111111"": 5}"
ising,2,10,0.0011391885152110507,1,42,100,1,2166,2223,280.39453125,297.1196559,3.1240998703626572,0000000001,5.3862227977305395,3.6087692744794615,16.1324414120328,-102.33823315688025,86.17956476368863,2.2621229273678822,4.4,"{""0000000000"": 29, ""0000000001"": 54, ""0000000010"": 4, ""0000000011"": 1, ""0000001010"": 2, ""0000010000"": 1, ""1111101101"": 1, ""1111111100"": 1, ""1111111101"": 1, ""1111111110"": 2, ""1111111111"": 4}"
ising,2,10,0.0012303916502879625,1,42,100,1,2166,2223,280.375,296.6896800000013,3.1240998703626572,0000000001,4.986967483164003,1.4960902449492008,22.353026384215667,-169.5568944275761,79.79147973062405,1.8628676128013457,4.4,"{""0000000000"": 22, ""0000000001"": 62, ""0000000010"": 2, ""0000000011"": 2, ""0000001010"": 1, ""0000010000"": 1, ""1111011110"": 1, ""1111101101"": 1, ""1111111100"": 1, ""1111111101"": 1, ""1111111110"": 2, ""1111111111"": 4}"
ising,2,10,0.0013288964845452902,1,42,100,1,2166,2223,284.25390625,296.39431989999866,3.1240998703626572,0000000001,4.617307083660545,1.5698844084445855,18.966474102426265,-133.90190542615582,73.87691333856873,1.4932072132978882,4.4,"{""0000000000"": 18, ""0000000001"": 66, ""0000000010"": 2, ""0000000011"": 1, ""0000001010"": 1, ""0000010000"": 1, ""1111100011"": 1, ""1111101101"": 1, ""1111111100"": 1, ""1111111101"": 1, ""1111111110"": 3, ""1111111111"": 4}"
ising,2,10,0.0014352875901128893,1,42,100,1,2166,2223,280.43359375,298.0478538999996,3.1240998703626572,0000000001,4.275047867626276,2.47952776322324,10.04298543284441,-81.22590948489925,42.750478676262766,1.1509479972636192,4.4,"{""0000000000"": 14, ""0000000001"": 74, ""0000000010"": 3, ""0000001010"": 1, ""1111101101"": 1, ""1111111100"": 1, ""1111111101"": 1, ""1111111110"": 1, ""1111111111"": 4}"
ising,2,10,0.0015501963398126943,1,42,100,1,2166,2223,284.44921875,296.94455840000046,3.1240998703626572,0000000001,3.9581587144528743,3.6019244301521156,4.539044293816485,-15.832634857811497,39.58158714452874,0.834058844090217,4.4,"{""0000000000"": 10, ""0000000001"": 82, ""0000000010"": 3, ""0000001010"": 1, ""1111111100"": 1, ""1111111111"": 3}"
ising,2,10,0.0018083490474361146,1,42,100,1,2166,2223,285.62109375,297.66630689999874,3.1240998703626572,0000000001,3.3931077411421784,3.5288320507878654,2.502260834087593,-3.3931077411421784,27.144861929137427,0.26900787077952115,4.4,"{""0000000000"": 1, ""0000000001"": 97, ""0000001000"": 1, ""1111111111"": 1}"
ising,2,10,0.0016743046540099089,1,42,100,1,2166,2223,280.40234375,297.58569549999993,3.1240998703626572,0000000001,3.6647590609314826,3.151692792401075,2.2111602636603163,-14.65903624372593,3.6647590609314826,0.5406591905688254,4.4,"{""0000000000"": 5, ""0000000001"": 92, ""1111111100"": 1, ""1111111111"": 2}"
ising,2,10,0.001953125,1,42,100,1,2166,2223,278.44140625,298.06395050000174,3.1240998703626572,0000000001,3.141592653589793,3.2986722862692828,2.293208312654327,-3.141592653589793,25.132741228718345,0.017492783227135877,4.4,"{""0000000001"": 98, ""0000001000"": 1, ""1111111111"": 1}"
ising,2,10,0.002109491677524035,1,42,100,1,2166,2223,284.02734375,296.3061034000002,3.1240998703626572,0000000001,2.908721194266316,2.734197922610337,1.6955573806844788,-11.634884777065263,8.726163582798947,0.21537867609634143,4.4,"{""0000000000"": 1, ""0000000001"": 96, ""0000000011"": 1, ""1111111100"": 1, ""1111111111"": 1}"
ising,2,10,0.0022783770304221013,1,42,100,1,2166,2223,285.9296875,295.02840599999945,3.1240998703626572,0000000001,2.6931113988652697,2.3430069170127847,2.15363885301897,-10.772445595461079,8.07933419659581,0.4309884714973875,4.4,"{""0000000000"": 5, ""0000000001"": 89, ""0000000010"": 2, ""0000000011"": 1, ""1111111100"": 2, ""1111111111"": 1}"
ising,2,10,0.002460783300575925,1,42,100,1,2166,2223,290.02734375,294.9922354999999,3.1240998703626572,0000000001,2.4934837415820015,0.8727193095537005,11.11947362568568,-92.25889843853406,24.934837415820017,0.6306161287806558,4.4,"{""0000000000"": 8, ""0000000001"": 76, ""0000000010"": 7, ""0000000011"": 1, ""0000001010"": 1, ""1111011011"": 1, ""1111101101"": 1, ""1111111100"": 2, ""1111111110"": 1, ""1111111111"": 2}"
ising,2,10,0.0026577929690905803,1,42,100,1,2166,2223,287.2109375,294.04379619999963,3.1240998703626572,0000000001,2.3086535418302727,1.8238362980459153,10.083469966802742,-66.95095271307791,41.555763752944905,0.8154463285323845,4.4,"{""0000000000"": 8, ""0000000001"": 63, ""0000000010"": 15, ""0000000011"": 2, ""0000000100"": 1, ""0000001010"": 1, ""0000001011"": 1, ""0000010010"": 1, ""1111100011"": 1, ""1111101101"": 1, ""1111111100"": 2, ""1111111101"": 1, ""1111111110"": 1, ""1111111111"": 2}"
ising,2,10,0.0028705751802257785,1,42,100,1,2166,2223,285.64453125,295.24038029999974,3.1240998703626572,0000000001,2.137523933813138,1.1115124455828318,14.844933547201446,-87.63848128633866,66.26324194820728,0.986575936549519,4.4,"{""0000000000"": 9, ""0000000001"": 44, ""0000000010"": 29, ""0000000011"": 3, ""0000000100"": 1, ""0000001011"": 1, ""0000010010"": 1, ""0000011111"": 1, ""1111010111"": 1, ""1111100011"": 1, ""1111101101"": 1, ""1111110000"": 1, ""1111111100"": 2, ""1111111101"": 1, ""1111111110"": 3, ""1111111111"": 1}"
ising,2,10,0.0031003926796253885,1,42,100,1,2166,2223,286.11328125,294.62619429999904,3.1240998703626572,0000000010,3.9581587144528743,2.2165688800936096,9.98605909083579,-81.14225364628392,35.62342843007587,0.834058844090217,4.4,"{""0000000000"": 6, ""0000000001"": 23, ""0000000010"": 60, ""0000000011"": 5, ""0000010010"": 1, ""1111010111"": 1, ""1111101110"": 1, ""1111111110"": 2, ""1111111111"": 1}"
ising,2,10,0.0033486093080198178,1,42,100,1,2166,2223,286.25390625,296.3953259000009,3.1240998703626572,0000000010,3.6647590609314826,2.2904744130821766,8.705872596171488,-75.1275607490954,5.497138591397224,0.5406591905688254,4.4,"{""0000000000"": 3, ""0000000001"": 8, ""0000000010"": 80, ""0000000011"": 6, ""1111010111"": 1, ""1111101110"": 1, ""1111111110"": 1}"
ising,2,10,0.0036166980948722292,1,42,100,1,2166,2223,286.30078125,295.48908909999955,3.1240998703626572,0000000010,3.3931077411421784,3.087728044439382,3.538895521360678,-30.537969670279605,11.875877093997625,0.26900787077952115,4.4,"{""0000000000"": 1, ""0000000001"": 3, ""0000000010"": 92, ""0000000011"": 2, ""0000000111"": 1, ""1111101110"": 1}"
ising,2,10,0.00421898335504807,1,42,100,1,2166,2223,285.64453125,294.24240370000007,3.1240998703626572,0000000010,2.908721194266316,2.603305468868353,2.9400998141233567,-26.178490748396843,4.363081791399473,0.21537867609634143,4.4,"{""0000000000"": 1, ""0000000001"": 2, ""0000000010"": 93, ""0000000011"": 3, ""1111101110"": 1}"
ising,2,10,0.00390625,1,42,100,1,2166,2223,289.04296875,296.32183970000006,3.1240998703626572,0000000010,3.141592653589793,2.827433388230814,3.1495159767754073,-28.274333882308138,4.71238898038469,0.017492783227135877,4.4,"{""0000000001"": 1, ""0000000010"": 97, ""0000000011"": 1, ""1111101110"": 1}"
ising,2,10,0.004556754060844206,1,42,100,1,2166,2223,282.08984375,297.35731549999946,3.1240998703626572,0000000010,2.693111398865268,2.4776624869560466,2.9879085958803335,-24.23800258978741,8.079334196595804,0.4309884714973893,4.4,"{""0000000000"": 3, ""0000000001"": 5, ""0000000010"": 72, ""0000000011"": 13, ""0000000100"": 3, ""0000000110"": 1, ""1111101110"": 1, ""1111111110"": 2}"
ising,2,10,0.0049215666011518475,1,42,100,1,2166,2223,286.984375,297.1916304999995,3.1240998703626572,0000000011,3.1168546769775034,2.8550388841113934,4.424057543683288,-22.441353674238027,22.441353674238027,0.007245193385153836,4.4,"{""0000000000"": 3, ""0000000001"": 5, ""0000000010"": 35, ""0000000011"": 38, ""0000000100"": 5, ""0000000101"": 3, ""0000000110"": 1, ""0000001010"": 1, ""0000001101"": 1, ""0000010010"": 1, ""1111101110"": 1, ""1111110100"": 1, ""1111111100"": 1, ""1111111110"": 4}"
ising,2,10,0.005315585938181161,1,42,100,1,2166,2223,288.7421875,293.6690321999995,3.1240998703626572,0000000011,3.462980312745409,3.04742267521596,2.6226396200173876,-17.314901563727044,11.543267709151364,0.33888044238275183,4.4,"{""0000000000"": 2, ""0000000001"": 3, ""0000000010"": 13, ""0000000011"": 67, ""0000000100"": 6, ""0000000101"": 3, ""0000000110"": 1, ""0000001010"": 1, ""1111110001"": 1, ""1111111100"": 1, ""1111111111"": 2}"
ising,2,10,0.005741150360451557,1,42,100,1,2166,2223,288.91015625,297.1162571999994,3.1240998703626572,0000000011,3.2062859007197075,3.013908746676525,2.117893804835208,-16.031429503598538,5.343809834532846,0.0821860303570503,4.4,"{""0000000001"": 1, ""0000000011"": 91, ""0000000100"": 3, ""0000000101"": 3, ""1111110001"": 1, ""1111111100"": 1}"
ising,2,10,0.006200785359250777,1,42,100,1,2166,2223,285.00390625,297.0562248999995,3.1240998703626572,0000000011,2.9686190358396556,2.6519663386834256,2.9330220727115903,-16.822174536424715,9.895396786132185,0.15548083452300165,4.4,"{""0000000000"": 2, ""0000000001"": 2, ""0000000010"": 1, ""0000000011"": 80, ""0000000100"": 6, ""0000000101"": 4, ""0000000110"": 1, ""0000001010"": 1, ""1111101111"": 1, ""1111110001"": 1, ""1111111100"": 1}"
ising,2,10,0.006697218616039631,1,42,100,1,2166,2223,285.08203125,298.0653274999986,3.1240998703626572,0000000011,2.748569295698614,2.867673965178887,4.493407506932207,-31.150452017917626,18.323795304657427,0.3755305746640434,4.4,"{""0000000000"": 1, ""0000000001"": 1, ""0000000010"": 3, ""0000000011"": 50, ""0000000100"": 27, ""0000000101"": 7, ""0000000110"": 3, ""0000001010"": 2, ""0000001011"": 1, ""0000010100"": 1, ""1111011110"": 1, ""1111101111"": 1, ""1111111100"": 1, ""1111111111"": 1}"
ising,2,10,0.0072333961897444584,1,42,100,1,2166,2223,286.84765625,297.35623809999925,3.1240998703626572,0000000100,3.3931077411421784,3.121659121850804,3.2416652375495603,-25.448308058566337,10.179323223426534,0.26900787077952115,4.4,"{""0000000000"": 1, ""0000000010"": 3, ""0000000011"": 15, ""0000000100"": 68, ""0000000101"": 5, ""0000000110"": 2, ""0000001000"": 1, ""0000001010"": 1, ""0000001100"": 2, ""1111100010"": 1, ""1111111100"": 1}"
ising,2,10,0.0078125,1,42,100,1,2166,2223,288.640625,298.076065700001,3.1240998703626572,0000000100,3.141592653589793,2.5446900494077322,4.278740200006541,-28.274333882308138,9.42477796076938,0.017492783227135877,4.4,"{""0000000000"": 1, ""0000000001"": 1, ""0000000010"": 2, ""0000000011"": 5, ""0000000100"": 82, ""0000000101"": 2, ""0000000110"": 2, ""0000001100"": 2, ""1111011100"": 1, ""1111100010"": 1, ""1111111100"": 1}"
ising,2,10,0.00843796671009614,1,42,100,1,2166,2223,286.11328125,297.77348920000077,3.1240998703626572,0000000100,2.908721194266316,2.8505467703809892,2.9860667269831724,-21.815408956997366,10.180524179932105,0.21537867609634143,4.4,"{""0000000000"": 1, ""0000000001"": 1, ""0000000010"": 1, ""0000000011"": 6, ""0000000100"": 69, ""0000000101"": 7, ""0000000110"": 5, ""0000000111"": 3, ""0000001000"": 1, ""0000001100"": 1, ""0000001110"": 2, ""1111100010"": 1, ""1111111011"": 1, ""1111111100"": 1}"
ising,2,10,0.009113508121688405,1,42,100,1,2166,2223,290.7734375,296.6437509999996,3.1240998703626572,0000000101,3.366389248581587,3.2384664571354866,2.8973713313207594,-19.525057641773206,13.465556994326349,0.24228937821892993,4.4,"{""0000000001"": 1, ""0000000010"": 2, ""0000000011"": 5, ""0000000100"": 26, ""0000000101"": 46, ""0000000110"": 6, ""0000000111"": 5, ""0000001001"": 1, ""0000001011"": 3, ""0000001101"": 1, ""0000001110"": 1, ""0000010100"": 1, ""1111100011"": 1, ""1111111100"": 1}"
ising,2,10,0.009843133202303695,1,42,100,1,2166,2223,289.78515625,298.4030507000007,3.1240998703626572,0000000101,3.1168546769775034,-0.23688095545029003,30.600674948464867,-302.3349036668178,6.857080289350507,0.007245193385153836,4.4,"{""0000000010"": 1, ""0000000011"": 9, ""0000000100"": 6, ""0000000101"": 71, ""0000000110"": 4, ""0000000111"": 3, ""0000001000"": 2, ""0000001011"": 1, ""1000011011"": 1, ""1111100011"": 1, ""1111111100"": 1}"
ising,2,10,0.010631171876362321,1,42,100,1,2166,2223,285.9296875,297.9876258000004,3.1240998703626572,0000000101,2.885816927287841,0.2077788187647244,28.414780341165134,-279.9242419469206,12.697594480066499,0.23828294307481634,4.4,"{""0000000000"": 1, ""0000000001"": 2, ""0000000010"": 1, ""0000000011"": 4, ""0000000100"": 7, ""0000000101"": 40, ""0000000110"": 25, ""0000000111"": 6, ""0000001000"": 4, ""0000001001"": 1, ""0000001010"": 1, ""0000001011"": 2, ""0000001100"": 1, ""0000001110"": 1, ""0000010110"": 1, ""1000011011"": 1, ""1111100011"": 1, ""1111111001"": 1}"
ising,2,10,0.011482300720903114,1,42,100,1,2166,2223,291.421875,294.1417182999994,3.1240998703626572,0000000110,3.2062859007197075,3.5910402088060724,6.117486537702187,-3.2062859007197075,63.05695604748758,0.0821860303570503,4.4,"{""0000000000"": 1, ""0000000001"": 1, ""0000000010"": 2, ""0000000011"": 4, ""0000000100"": 2, ""0000000101"": 4, ""0000000110"": 71, ""0000000111"": 4, ""0000001000"": 6, ""0000001001"": 1, ""0000001010"": 1, ""0001110110"": 1, ""1111111010"": 2}"
ising,2,10,0.012401570718501554,1,42,100,1,2166,2223,285.5390625,295.40786819999994,3.1240998703626572,0000000110,2.9686190358396556,0.7322593621737815,24.431274384662277,-240.45814190301212,13.35878566127845,0.15548083452300165,4.4,"{""0000000000"": 1, ""0000000001"": 2, ""0000000010"": 3, ""0000000011"": 3, ""0000000100"": 3, ""0000000101"": 3, ""0000000110"": 56, ""0000000111"": 12, ""0000001000"": 7, ""0000001001"": 1, ""0000001010"": 1, ""0000001100"": 2, ""0000001110"": 1, ""0000010000"": 1, ""0000010110"": 1, ""0000011011"": 1, ""1000011010"": 1, ""1111111000"": 1}"
ising,2,10,0.013394437232079262,1,42,100,1,2166,2223,290.0390625,295.51187109999955,3.1240998703626572,0000000111,3.2066641783150494,1.3651227501969783,18.287317316213052,-179.11509910302632,10.078087417561584,0.08256430795239211,4.4,"{""0000000001"": 3, ""0000000010"": 1, ""0000000011"": 1, ""0000000100"": 1, ""0000000101"": 3, ""0000000110"": 8, ""0000000111"": 59, ""0000001000"": 8, ""0000001001"": 8, ""0000001100"": 2, ""0000001110"": 1, ""0000010001"": 1, ""0000010110"": 1, ""1001111001"": 1, ""1111111001"": 1, ""1111111011"": 1}"
ising,2,10,0.014466792379488917,1,42,100,1,2166,2223,287.94140625,294.60251849999986,3.1240998703626572,0000000111,2.968969273499406,0.6065180087291643,25.811324444796355,-165.83814084832397,97.55184755783763,0.15513059686325104,4.4,"{""0000000000"": 1, ""0000000001"": 3, ""0000000010"": 2, ""0000000100"": 4, ""0000000101"": 1, ""0000000110"": 6, ""0000000111"": 32, ""0000001000"": 26, ""0000001001"": 9, ""0000001010"": 1, ""0000001011"": 2, ""0000001100"": 1, ""0000001110"": 1, ""0000001111"": 2, ""0000010110"": 1, ""0000011000"": 1, ""0000011011"": 1, ""0011100110"": 1, ""1001111001"": 2, ""1111100010"": 1, ""1111111001"": 1, ""1111111010"": 1}"
ising,2,10,0.015625,1,42,100,1,2166,2223,289.8828125,296.69474980000086,3.1240998703626572,0000001000,3.141592653589793,2.580032966760618,18.110684936561768,-153.93804002589985,90.32078879070656,0.017492783227135877,4.4,"{""0000000000"": 1, ""0000000001"": 2, ""0000000010"": 1, ""0000000011"": 1, ""0000000110"": 7, ""0000000111"": 8, ""0000001000"": 61, ""0000001001"": 8, ""0000001010"": 1, ""0000001011"": 1, ""0000001100"": 2, ""0000001110"": 2, ""0000011000"": 1, ""0000011011"": 1, ""0000011110"": 1, ""0011100110"": 1, ""1001111000"": 1}"
ising,2,10,0.01687593342019228,1,42,100,1,2166,2223,287.83984375,294.6837642999999,3.1240998703626572,0000001001,3.2723113435496054,4.195830322729161,9.251947219223338,-10.907704478498683,83.98932448443988,0.14821147318694816,4.4,"{""0000000000"": 1, ""0000000011"": 1, ""0000000100"": 1, ""0000000110"": 4, ""0000000111"": 8, ""0000001000"": 27, ""0000001001"": 28, ""0000001010"": 9, ""0000001011"": 4, ""0000001100"": 2, ""0000001101"": 2, ""0000001111"": 1, ""0000010001"": 2, ""0000010101"": 1, ""0000011011"": 1, ""0000011110"": 1, ""0001110100"": 1, ""0011100111"": 1, ""1111100010"": 1, ""1111110110"": 1, ""1111110111"": 2, ""1111111111"": 1}"
ising,2,10,0.018227016243376824,1,42,100,1,2166,2223,289.59765625,296.0337512999995,3.1240998703626572,0000001001,3.0297503237234262,2.965788928000376,4.358271629206673,-11.10908452031923,39.05011528354638,0.09434954663923101,4.4,"{""0000000000"": 1, ""0000000010"": 1, ""0000000011"": 1, ""0000000101"": 1, ""0000000110"": 2, ""0000000111"": 10, ""0000001000"": 8, ""0000001001"": 33, ""0000001010"": 15, ""0000001011"": 8, ""0000001100"": 4, ""0000001101"": 2, ""0000001110"": 2, ""0000010010"": 1, ""0000010111"": 1, ""0000011011"": 1, ""0001110100"": 1, ""1111011111"": 1, ""1111110001"": 1, ""1111110110"": 2, ""1111110111"": 3, ""1111111111"": 1}"
ising,2,10,0.01968626640460739,1,42,100,1,2166,2223,288.25,295.1654290000006,3.1240998703626572,0000001010,3.1168546769775034,2.6119242193071477,2.700104071329534,-12.779104175607763,8.41550762783926,0.007245193385153836,4.4,"{""0000000000"": 1, ""0000000001"": 1, ""0000000010"": 1, ""0000000101"": 1, ""0000000110"": 4, ""0000000111"": 2, ""0000001000"": 8, ""0000001001"": 5, ""0000001010"": 40, ""0000001011"": 11, ""0000001100"": 4, ""0000001101"": 4, ""0000001110"": 4, ""0000010000"": 1, ""0000010100"": 1, ""0000010110"": 3, ""0000011011"": 1, ""1111010111"": 1, ""1111100011"": 1, ""1111110011"": 1, ""1111110110"": 3, ""1111111000"": 1, ""1111111110"": 1}"
ising,2,10,0.021262343752724643,1,42,100,1,2166,2223,292.0234375,294.96247179999955,3.1240998703626572,0000001011,3.1743986200166248,3.6130427929643765,6.971174780115452,-3.1743986200166248,70.7025147185521,0.05029874965396752,4.4,"{""0000000000"": 1, ""0000000011"": 1, ""0000000101"": 2, ""0000000110"": 3, ""0000000111"": 4, ""0000001000"": 4, ""0000001001"": 5, ""0000001010"": 15, ""0000001011"": 32, ""0000001100"": 9, ""0000001101"": 5, ""0000001110"": 1, ""0000001111"": 2, ""0000010001"": 3, ""0000010010"": 1, ""0000010011"": 1, ""0000010101"": 3, ""0000010110"": 2, ""0011110101"": 1, ""1111110101"": 1, ""1111110110"": 2, ""1111111001"": 1, ""1111111011"": 1}"
ising,2,10,0.022964601441806228,1,42,100,1,2166,2223,283.8828125,297.0145106,3.1240998703626572,0000001100,3.2062859007197075,3.5723368743852073,8.14685673207997,-37.40666884172992,62.78976555576094,0.0821860303570503,4.4,"{""0000000001"": 1, ""0000000100"": 2, ""0000000110"": 1, ""0000000111"": 1, ""0000001000"": 4, ""0000001001"": 3, ""0000001010"": 6, ""0000001011"": 11, ""0000001100"": 30, ""0000001101"": 8, ""0000001110"": 5, ""0000010000"": 1, ""0000010001"": 1, ""0000010010"": 2, ""0000010011"": 3, ""0000010100"": 4, ""0000010101"": 3, ""0000010110"": 1, ""0000100000"": 1, ""0000100011"": 1, ""0000110011"": 1, ""0001110110"": 1, ""0011101011"": 1, ""1101110100"": 1, ""1111100010"": 1, ""1111110100"": 3, ""1111110111"": 1, ""1111111100"": 1, ""1111111110"": 1}"
ising,2,10,0.024803141437003108,1,42,100,1,2166,2223,281.7578125,297.5123309999999,3.1240998703626572,0000001101,3.2160039554929605,3.4510196291635995,3.6828273448516593,-7.421547589599139,29.191420519089945,0.09190408513030324,4.4,"{""0000000000"": 1, ""0000000011"": 2, ""0000000101"": 1, ""0000000111"": 2, ""0000001001"": 1, ""0000001010"": 3, ""0000001011"": 6, ""0000001100"": 18, ""0000001101"": 24, ""0000001110"": 11, ""0000001111"": 2, ""0000010000"": 2, ""0000010001"": 2, ""0000010010"": 2, ""0000010011"": 7, ""0000010100"": 2, ""0000010101"": 2, ""0000010111"": 1, ""0000011000"": 1, ""0000011110"": 1, ""0000100001"": 1, ""0000110011"": 1, ""0000111000"": 1, ""0001110110"": 1, ""1111100010"": 1, ""1111100110"": 1, ""1111110000"": 1, ""1111110010"": 1, ""1111110011"": 1}"
ising,2,10,0.026788874464158525,1,42,100,1,2166,2223,287.53515625,295.7417249000009,3.1240998703626572,0000001110,3.2066641783150494,3.025716699681557,7.3758100755437965,-47.412820350801084,44.43520361379426,0.08256430795239211,4.4,"{""0000000000"": 2, ""0000000010"": 1, ""0000000011"": 1, ""0000000110"": 2, ""0000000111"": 1, ""0000001000"": 2, ""0000001001"": 1, ""0000001010"": 3, ""0000001011"": 5, ""0000001100"": 6, ""0000001101"": 14, ""0000001110"": 22, ""0000001111"": 7, ""0000010000"": 7, ""0000010001"": 1, ""0000010010"": 3, ""0000010011"": 2, ""0000010100"": 3, ""0000010101"": 2, ""0000011000"": 1, ""0000011110"": 1, ""0000100001"": 1, ""0000110010"": 1, ""0000110011"": 1, ""0001110110"": 1, ""0011000010"": 1, ""1100110001"": 1, ""1111100010"": 1, ""1111101110"": 1, ""1111110010"": 2, ""1111110011"": 1, ""1111111011"": 1, ""1111111110"": 1}"
ising,2,10,0.028933584758977816,1,42,100,1,2166,2223,289.15625,294.3962317000005,3.1240998703626572,0000001111,3.181038507320794,3.8236082857995943,5.662601539491448,-5.3017308455346575,50.68454688331131,0.05693863695813661,4.4,"{""0000000100"": 1, ""0000000110"": 3, ""0000001001"": 1, ""0000001010"": 1, ""0000001011"": 3, ""0000001100"": 3, ""0000001101"": 8, ""0000001110"": 12, ""0000001111"": 17, ""0000010000"": 16, ""0000010001"": 6, ""0000010010"": 4, ""0000010011"": 6, ""0000010100"": 1, ""0000010101"": 2, ""0000010110"": 1, ""0000011001"": 2, ""0000100000"": 1, ""0000100001"": 1, ""0000100011"": 1, ""0000110011"": 1, ""0001000001"": 1, ""0001110100"": 1, ""0011101111"": 1, ""1111100111"": 1, ""1111110001"": 1, ""1111110010"": 2, ""1111110011"": 1, ""1111111110"": 1}"
ising,2,10,0.03125,1,42,100,1,2166,2223,291.078125,294.57834730000104,3.1240998703626572,0000010000,3.141592653589793,3.2279864515635124,2.9889252753988136,-3.5342917352885173,22.776546738526,0.017492783227135877,4.4,"{""0000000110"": 2, ""0000001000"": 1, ""0000001010"": 2, ""0000001011"": 5, ""0000001100"": 4, ""0000001101"": 2, ""0000001110"": 5, ""0000001111"": 8, ""0000010000"": 21, ""0000010001"": 13, ""0000010010"": 6, ""0000010011"": 8, ""0000010100"": 3, ""0000010110"": 2, ""0000011000"": 1, ""0000011110"": 1, ""0000011111"": 1, ""0000100000"": 1, ""0000100001"": 1, ""0000100100"": 1, ""0000101110"": 1, ""0000110000"": 1, ""0001000000"": 1, ""0001110100"": 1, ""1111101110"": 1, ""1111110001"": 2, ""1111110010"": 3, ""1111111100"": 1, ""1111111110"": 1}"
ising,2,10,0.03375186684038456,1,42,100,1,2166,2223,286.94921875,294.28038939999897,3.1240998703626572,0000010000,3.090516268907961,2.6360285823038487,10.794443289850252,-91.07933239546401,43.99440806327803,0.03358360145469641,4.4,"{""0000000110"": 1, ""0000000111"": 3, ""0000001011"": 3, ""0000001100"": 4, ""0000001110"": 4, ""0000001111"": 3, ""0000010000"": 15, ""0000010001"": 11, ""0000010010"": 10, ""0000010011"": 10, ""0000010100"": 3, ""0000010101"": 1, ""0000010110"": 5, ""0000010111"": 2, ""0000011011"": 1, ""0000011100"": 1, ""0000011101"": 1, ""0000011110"": 2, ""0000011111"": 1, ""0000100101"": 1, ""0000101000"": 1, ""0000101111"": 1, ""0000110000"": 1, ""0000110100"": 1, ""0001100000"": 1, ""0001101110"": 1, ""0011110010"": 1, ""1000001011"": 1, ""1111101001"": 1, ""1111101110"": 1, ""1111101111"": 3, ""1111110001"": 2, ""1111110101"": 1, ""1111111100"": 1, ""1111111110"": 1}"
ising,2,10,0.03645403248675365,1,42,100,1,2166,2223,287.19140625,296.0907833000001,3.1240998703626572,0000010011,3.0297503237234262,2.0619134147562206,11.256344386438897,-84.3280506769687,40.06003205812085,0.09434954663923101,4.4,"{""0000000000"": 1, ""0000000011"": 1, ""0000000101"": 3, ""0000000111"": 2, ""0000001000"": 1, ""0000001010"": 1, ""0000001011"": 3, ""0000001100"": 2, ""0000001101"": 3, ""0000001110"": 5, ""0000001111"": 2, ""0000010000"": 7, ""0000010001"": 6, ""0000010010"": 10, ""0000010011"": 12, ""0000010100"": 5, ""0000010101"": 3, ""0000010110"": 6, ""0000010111"": 2, ""0000011000"": 1, ""0000011001"": 1, ""0000011100"": 2, ""0000011101"": 2, ""0000011110"": 1, ""0000100001"": 1, ""0000100101"": 1, ""0000101000"": 1, ""0000101010"": 1, ""0000101011"": 1, ""0000110000"": 1, ""0000110010"": 1, ""0010111101"": 1, ""0011101110"": 1, ""1000001011"": 1, ""1011110010"": 1, ""1111101000"": 1, ""1111101100"": 1, ""1111101101"": 1, ""1111101110"": 2, ""1111110010"": 1, ""1111110011"": 1}"
ising,2,10,0.03937253280921478,1,42,100,1,2166,2223,286.5078125,293.9211840000007,3.1240998703626572,0000010011,3.1168546769775034,2.1007600522828374,8.788775448684229,-78.23305239213535,21.66214000499365,0.007245193385153836,4.4,"{""0000000110"": 1, ""0000001000"": 1, ""0000001010"": 1, ""0000001011"": 4, ""0000001100"": 5, ""0000001101"": 1, ""0000001110"": 1, ""0000010000"": 6, ""0000010001"": 3, ""0000010010"": 3, ""0000010011"": 10, ""0000010100"": 9, ""0000010101"": 8, ""0000010110"": 5, ""0000010111"": 5, ""0000011000"": 3, ""0000011001"": 2, ""0000011010"": 1, ""0000011011"": 1, ""0000011100"": 3, ""0000011101"": 1, ""0000011110"": 2, ""0000011111"": 1, ""0000100001"": 2, ""0000100110"": 1, ""0000101010"": 1, ""0000101011"": 1, ""0000101100"": 1, ""0000101110"": 1, ""0000101111"": 1, ""0000110011"": 1, ""0001000101"": 1, ""0010001011"": 1, ""1000001010"": 1, ""1110101100"": 1, ""1111101100"": 1, ""1111101101"": 2, ""1111101110"": 3, ""1111110010"": 1, ""1111110011"": 1, ""1111111011"": 2}"
ising,2,10,0.04252468750544926,1,42,100,1,2166,2223,291.84765625,295.3650379999999,3.1240998703626572,0000010111,3.1022531968344307,3.11668228147087,10.366507912534344,-71.7125506431029,65.65233509579842,0.021846673528226557,4.4,"{""0000000011"": 1, ""0000000101"": 1, ""0000000110"": 1, ""0000001000"": 1, ""0000001001"": 1, ""0000001010"": 4, ""0000001100"": 2, ""0000001101"": 1, ""0000001110"": 4, ""0000010001"": 5, ""0000010010"": 3, ""0000010011"": 3, ""0000010100"": 6, ""0000010101"": 9, ""0000010110"": 10, ""0000010111"": 10, ""0000011000"": 6, ""0000011001"": 2, ""0000011010"": 2, ""0000011011"": 2, ""0000011100"": 2, ""0000100001"": 2, ""0000100100"": 1, ""0000100110"": 1, ""0000101000"": 1, ""0000101001"": 2, ""0000101010"": 2, ""0000101011"": 2, ""0000111010"": 1, ""0001100000"": 1, ""0010001011"": 1, ""0010001101"": 1, ""0111000111"": 1, ""1000001111"": 1, ""1111010100"": 1, ""1111100110"": 1, ""1111101000"": 1, ""1111101110"": 1, ""1111110010"": 1, ""1111111000"": 1, ""1111111011"": 1}"
ising,2,10,0.045929202883612456,1,42,100,1,2166,2223,289.5625,294.33052710000084,3.1240998703626572,0000010110,2.9390954089930648,2.9043606450686017,8.795066370396658,-66.39683719407061,33.265216219966966,0.18500446136959248,4.4,"{""0000000101"": 1, ""0000001000"": 2, ""0000001001"": 1, ""0000001010"": 2, ""0000001011"": 2, ""0000001100"": 1, ""0000001101"": 2, ""0000010000"": 2, ""0000010001"": 2, ""0000010011"": 4, ""0000010100"": 4, ""0000010101"": 3, ""0000010110"": 15, ""0000010111"": 6, ""0000011000"": 7, ""0000011001"": 8, ""0000011010"": 4, ""0000011011"": 5, ""0000011100"": 3, ""0000011110"": 1, ""0000100000"": 1, ""0000100010"": 1, ""0000100011"": 1, ""0000100101"": 1, ""0000101000"": 1, ""0000101001"": 1, ""0000101100"": 1, ""0001100100"": 1, ""0001100101"": 1, ""0010000011"": 1, ""0010001011"": 1, ""0010001101"": 1, ""0011000011"": 1, ""0011111001"": 1, ""1000001111"": 1, ""1111000111"": 1, ""1111100010"": 1, ""1111101000"": 2, ""1111101001"": 1, ""1111101100"": 1, ""1111101110"": 1, ""1111101111"": 1, ""1111110010"": 1, ""1111111011"": 1}"
ising,2,10,0.049606282874006216,1,42,100,1,2166,2223,287.51171875,294.4610453999994,3.1240998703626572,0000010111,2.9686190358396556,3.8505462744036865,6.046178488824457,-10.390166625438795,30.799422496836424,0.15548083452300165,4.4,"{""0000000011"": 1, ""0000000100"": 2, ""0000000101"": 2, ""0000000110"": 1, ""0000000111"": 1, ""0000001001"": 2, ""0000001010"": 1, ""0000001100"": 1, ""0000010000"": 1, ""0000010001"": 5, ""0000010011"": 2, ""0000010100"": 2, ""0000010101"": 1, ""0000010110"": 6, ""0000010111"": 9, ""0000011000"": 7, ""0000011001"": 6, ""0000011010"": 7, ""0000011011"": 5, ""0000011100"": 4, ""0000011110"": 5, ""0000100000"": 1, ""0000100001"": 1, ""0000100010"": 2, ""0000100101"": 3, ""0000100110"": 2, ""0000100111"": 1, ""0000101001"": 2, ""0000111000"": 1, ""0001100001"": 1, ""0001100110"": 1, ""0010000011"": 1, ""0010001101"": 1, ""0011000010"": 1, ""0011100101"": 1, ""0011101011"": 1, ""0011111001"": 1, ""1110101100"": 1, ""1111000100"": 1, ""1111011001"": 1, ""1111100010"": 1, ""1111100111"": 1, ""1111101111"": 1, ""1111110101"": 1, ""1111111010"": 1}"
ising,2,10,0.05357774892831705,1,42,100,1,2166,2223,286.3359375,295.5557783999993,3.1240998703626572,0000011011,2.9203548766797773,2.6054146448809776,9.598490142178932,-57.71995520967089,28.974501325489555,0.2037449936828799,4.4,"{""0000000011"": 1, ""0000000100"": 2, ""0000000101"": 1, ""0000000110"": 1, ""0000000111"": 1, ""0000001000"": 2, ""0000001010"": 1, ""0000001100"": 1, ""0000001101"": 1, ""0000001111"": 1, ""0000010000"": 1, ""0000010001"": 3, ""0000010010"": 1, ""0000010011"": 1, ""0000010100"": 1, ""0000010101"": 2, ""0000010110"": 3, ""0000010111"": 5, ""0000011000"": 6, ""0000011001"": 2, ""0000011010"": 6, ""0000011011"": 6, ""0000011100"": 4, ""0000011110"": 2, ""0000011111"": 2, ""0000100000"": 2, ""0000100001"": 2, ""0000100010"": 1, ""0000100100"": 2, ""0000100101"": 2, ""0000100110"": 2, ""0000100111"": 2, ""0000101100"": 1, ""0000110100"": 1, ""0000110110"": 1, ""0000111000"": 1, ""0000111100"": 1, ""0000111111"": 1, ""0001000111"": 1, ""0001100011"": 1, ""0001100100"": 2, ""0001100110"": 1, ""0010000010"": 1, ""0010001011"": 1, ""0010001101"": 1, ""0011100111"": 1, ""0011101100"": 1, ""0011111101"": 1, ""1000001000"": 1, ""1011101101"": 1, ""1011111010"": 1, ""1110101101"": 1, ""1111100010"": 2, ""1111100100"": 1, ""1111100101"": 2, ""1111101111"": 1, ""1111110010"": 1, ""1111111001"": 1, ""1111111100"": 1}"
ising,2,10,0.05786716951795563,1,42,100,1,2166,2223,285.01953125,296.173761,3.1240998703626572,0000011100,3.181038507320794,3.2213316617468575,11.276346594129024,-51.53282381859687,52.487135370793105,0.05693863695813661,4.4,"{""0000000011"": 1, ""0000000100"": 3, ""0000000101"": 1, ""0000001011"": 1, ""0000010001"": 1, ""0000010010"": 1, ""0000010100"": 1, ""0000010101"": 1, ""0000010110"": 4, ""0000010111"": 1, ""0000011000"": 1, ""0000011001"": 2, ""0000011010"": 1, ""0000011011"": 3, ""0000011100"": 7, ""0000011101"": 4, ""0000011110"": 6, ""0000011111"": 3, ""0000100000"": 5, ""0000100001"": 4, ""0000100010"": 4, ""0000100011"": 4, ""0000100100"": 2, ""0000100101"": 3, ""0000100110"": 2, ""0000100111"": 1, ""0000101010"": 1, ""0000101100"": 1, ""0000101110"": 1, ""0000101111"": 1, ""0000110001"": 1, ""0000110010"": 1, ""0000111000"": 1, ""0000111100"": 1, ""0000111111"": 1, ""0001000111"": 1, ""0001100010"": 1, ""0001100110"": 1, ""0010000011"": 3, ""0010110010"": 1, ""0011000011"": 1, ""0011101000"": 1, ""0011111010"": 1, ""0011111100"": 1, ""0111101111"": 1, ""1000011010"": 2, ""1011101101"": 1, ""1110101101"": 1, ""1111010111"": 1, ""1111011101"": 1, ""1111100010"": 2, ""1111100101"": 1, ""1111100111"": 1, ""1111110011"": 1, ""1111111100"": 1}"
ising,2,10,0.0625,1,42,100,1,2166,2223,289.61328125,294.7377013000005,3.1240998703626572,0000100000,3.141592653589793,3.204424506661589,10.291195181166175,-47.712938426394985,46.73119072214817,0.017492783227135877,4.4,"{""0000000011"": 1, ""0000000100"": 1, ""0000000101"": 1, ""0000001011"": 2, ""0000010000"": 1, ""0000010001"": 2, ""0000010010"": 1, ""0000010100"": 3, ""0000010101"": 1, ""0000011000"": 2, ""0000011001"": 1, ""0000011011"": 1, ""0000011100"": 2, ""0000011101"": 1, ""0000011110"": 5, ""0000011111"": 4, ""0000100000"": 10, ""0000100001"": 3, ""0000100010"": 4, ""0000100011"": 7, ""0000100100"": 6, ""0000100101"": 2, ""0000100110"": 2, ""0000100111"": 2, ""0000101000"": 1, ""0000101010"": 2, ""0000101011"": 1, ""0000101101"": 1, ""0000101110"": 2, ""0000110110"": 1, ""0000111111"": 1, ""0001011110"": 1, ""0001100010"": 1, ""0001100100"": 1, ""0001100101"": 1, ""0001100111"": 1, ""0010000010"": 1, ""0010001010"": 1, ""0010001100"": 1, ""0011101000"": 1, ""0011111011"": 1, ""0111010111"": 1, ""0111011100"": 1, ""1000011010"": 1, ""1001011100"": 1, ""1110000011"": 1, ""1110101101"": 1, ""1111000111"": 1, ""1111010001"": 1, ""1111100000"": 1, ""1111100001"": 1, ""1111100010"": 1, ""1111100011"": 1, ""1111101111"": 1, ""1111111000"": 2, ""1111111100"": 1}"
ising,2,10,0.06750373368076912,1,42,100,1,2166,2223,286.0234375,294.6254616999995,3.1240998703626572,0000100011,2.908721194266316,1.8352212785074036,13.518958338286676,-43.81261298863638,44.35799821256131,0.21537867609634143,4.4,"{""0000000011"": 1, ""0000000101"": 1, ""0000000111"": 1, ""0000001001"": 1, ""0000001010"": 2, ""0000001110"": 1, ""0000010000"": 1, ""0000010010"": 1, ""0000010011"": 1, ""0000010100"": 1, ""0000010101"": 2, ""0000010111"": 1, ""0000011001"": 1, ""0000011010"": 1, ""0000011011"": 2, ""0000011100"": 1, ""0000011101"": 1, ""0000011110"": 4, ""0000011111"": 3, ""0000100000"": 5, ""0000100001"": 2, ""0000100011"": 5, ""0000100100"": 2, ""0000100101"": 3, ""0000100110"": 2, ""0000100111"": 3, ""0000101000"": 1, ""0000101001"": 2, ""0000101010"": 1, ""0000101101"": 1, ""0000101110"": 3, ""0000101111"": 1, ""0000110000"": 1, ""0000110001"": 1, ""0000110010"": 1, ""0000110100"": 2, ""0000110110"": 1, ""0000111001"": 1, ""0000111011"": 1, ""0000111100"": 1, ""0001000011"": 1, ""0001011110"": 1, ""0001100100"": 1, ""0001100111"": 1, ""0001101110"": 1, ""0001110010"": 1, ""0010000011"": 1, ""0010001100"": 1, ""0011110011"": 1, ""0111010111"": 1, ""0111011100"": 1, ""0111100011"": 1, ""0111101000"": 1, ""1000011110"": 1, ""1001000010"": 1, ""1001010101"": 1, ""1001011100"": 1, ""1011011100"": 1, ""1011011110"": 1, ""1100000001"": 1, ""1110000011"": 1, ""1110000110"": 1, ""1110101100"": 1, ""1111011000"": 1, ""1111011100"": 1, ""1111011101"": 1, ""1111011111"": 1, ""1111100000"": 2, ""1111100010"": 1, ""1111100011"": 1, ""1111111001"": 2}"
ising,2,10,0.07874506561842956,1,42,100,1,2166,2223,290.515625,294.09633940000094,3.1240998703626572,0000110000,3.038933310053066,3.0069855496140465,10.83839813982427,-35.76590741831685,39.35029029684098,0.08516656030959124,4.4,"{""0000000100"": 1, ""0000000110"": 1, ""0000001001"": 1, ""0000010001"": 1, ""0000010100"": 1, ""0000010101"": 1, ""0000010111"": 2, ""0000011000"": 1, ""0000011001"": 1, ""0000011011"": 1, ""0000011100"": 2, ""0000011101"": 1, ""0000011110"": 2, ""0000011111"": 1, ""0000100000"": 1, ""0000100001"": 3, ""0000100011"": 2, ""0000100100"": 4, ""0000100101"": 2, ""0000100110"": 4, ""0000100111"": 2, ""0000101001"": 3, ""0000101010"": 2, ""0000101011"": 2, ""0000101100"": 3, ""0000101101"": 1, ""0000101111"": 2, ""0000110000"": 6, ""0000110010"": 1, ""0000110100"": 1, ""0000110110"": 1, ""0000111000"": 2, ""0000111010"": 1, ""0000111100"": 1, ""0001000001"": 1, ""0001000010"": 1, ""0001000101"": 1, ""0001001000"": 1, ""0001001110"": 1, ""0001010101"": 1, ""0001011010"": 1, ""0001100000"": 1, ""0001101000"": 1, ""0001101110"": 1, ""0010000111"": 1, ""0010001000"": 1, ""0010011011"": 1, ""0010011101"": 1, ""0010101111"": 1, ""0010111100"": 1, ""0011000011"": 1, ""0011011000"": 1, ""0011101010"": 1, ""0100000111"": 1, ""0111011100"": 1, ""0111101100"": 1, ""0111111001"": 1, ""1000110101"": 1, ""1001001111"": 1, ""1001011010"": 1, ""1011011110"": 1, ""1011111010"": 1, ""1100000001"": 1, ""1110101110"": 1, ""1111000110"": 1, ""1111001101"": 1, ""1111010111"": 2, ""1111011010"": 2, ""1111011110"": 1, ""1111100000"": 1, ""1111100011"": 1}"
ising,2,10,0.07290806497350724,1,42,100,1,2166,2223,291.88671875,294.29007490000004,3.1240998703626572,0000100111,3.113910054937968,2.5567726342977153,10.826621218635156,-36.52532334711022,41.406587757553524,0.010189815424689108,4.4,"{""0000000111"": 1, ""0000001000"": 1, ""0000001010"": 1, ""0000001110"": 1, ""0000010010"": 1, ""0000010011"": 1, ""0000010100"": 1, ""0000010101"": 2, ""0000010111"": 2, ""0000011001"": 2, ""0000011010"": 1, ""0000011011"": 2, ""0000011100"": 2, ""0000011101"": 1, ""0000011110"": 3, ""0000100000"": 3, ""0000100001"": 3, ""0000100010"": 1, ""0000100011"": 1, ""0000100100"": 2, ""0000100101"": 3, ""0000100110"": 1, ""0000100111"": 5, ""0000101000"": 2, ""0000101001"": 2, ""0000101010"": 1, ""0000101011"": 3, ""0000101100"": 2, ""0000101101"": 1, ""0000101110"": 1, ""0000101111"": 4, ""0000110000"": 1, ""0000110010"": 1, ""0000110011"": 1, ""0000110100"": 1, ""0000110110"": 2, ""0000110111"": 1, ""0000111001"": 1, ""0000111010"": 2, ""0000111100"": 1, ""0001000001"": 1, ""0001000010"": 1, ""0001011110"": 1, ""0001100000"": 2, ""0001100010"": 1, ""0001100101"": 1, ""0010000011"": 1, ""0010001101"": 1, ""0010011101"": 1, ""0010111100"": 1, ""0011111111"": 1, ""0111001110"": 1, ""0111011100"": 1, ""0111101100"": 1, ""1001001110"": 1, ""1001010101"": 1, ""1001011010"": 1, ""1011011110"": 1, ""1100000001"": 1, ""1110001011"": 1, ""1110101101"": 1, ""1111000110"": 1, ""1111001101"": 1, ""1111011010"": 1, ""1111011011"": 1, ""1111011111"": 1, ""1111100000"": 1, ""1111100010"": 2, ""1111111010"": 1, ""1111111101"": 1}"
ising,2,10,0.09185840576722491,1,42,100,1,2166,2223,289.20703125,293.5429905000001,3.1240998703626572,0000110110,3.339881146583029,2.671904917266423,9.555492059329278,-33.99999007221523,33.66600195755693,0.2157812762203717,4.4,"{""0000000100"": 1, ""0000001100"": 2, ""0000010101"": 1, ""0000010110"": 2, ""0000010111"": 1, ""0000011011"": 1, ""0000011100"": 1, ""0000011110"": 1, ""0000100000"": 3, ""0000100001"": 1, ""0000100100"": 2, ""0000100101"": 1, ""0000100110"": 2, ""0000101010"": 2, ""0000101011"": 1, ""0000101100"": 1, ""0000101110"": 2, ""0000101111"": 3, ""0000110000"": 2, ""0000110001"": 2, ""0000110010"": 2, ""0000110011"": 3, ""0000110100"": 3, ""0000110110"": 4, ""0000110111"": 1, ""0000111000"": 3, ""0000111010"": 2, ""0000111011"": 2, ""0000111111"": 1, ""0001000000"": 2, ""0001000010"": 1, ""0001000101"": 1, ""0001001000"": 1, ""0001001100"": 1, ""0001001110"": 1, ""0001010101"": 1, ""0001010110"": 1, ""0001011001"": 1, ""0001011010"": 2, ""0001100000"": 1, ""0001100100"": 1, ""0001100111"": 1, ""0001111001"": 1, ""0001111010"": 1, ""0010000100"": 1, ""0010001000"": 1, ""0010001011"": 1, ""0011000111"": 1, ""0011001100"": 1, ""0011010100"": 2, ""0011011001"": 1, ""0011100111"": 1, ""0011111111"": 1, ""0100000011"": 1, ""0111001110"": 1, ""0111111000"": 1, ""1000000011"": 1, ""1000110001"": 1, ""1001001011"": 1, ""1001010001"": 1, ""1011101001"": 1, ""1100010000"": 1, ""1110000001"": 1, ""1110101110"": 1, ""1111001001"": 1, ""1111001101"": 1, ""1111010111"": 1, ""1111011101"": 1, ""1111011111"": 2, ""1111100010"": 1, ""1111100011"": 1, ""1111110000"": 1}"
ising,2,10,0.08504937501089851,1,42,100,1,2166,2223,289.609375,295.67377430000124,3.1240998703626572,0000100110,3.1743986200166265,3.7876347170652935,11.686616101620228,-33.114749240627994,36.43343870700901,0.0502987496539693,4.4,"{""0000000000"": 1, ""0000001001"": 1, ""0000001100"": 1, ""0000001101"": 1, ""0000010001"": 2, ""0000010110"": 1, ""0000010111"": 1, ""0000011000"": 1, ""0000011011"": 1, ""0000011110"": 1, ""0000100000"": 2, ""0000100001"": 2, ""0000100010"": 1, ""0000100011"": 1, ""0000100100"": 1, ""0000100101"": 2, ""0000100110"": 5, ""0000100111"": 1, ""0000101000"": 1, ""0000101001"": 1, ""0000101010"": 2, ""0000101011"": 3, ""0000101100"": 3, ""0000101101"": 2, ""0000101111"": 3, ""0000110000"": 4, ""0000110001"": 1, ""0000110010"": 1, ""0000110011"": 3, ""0000110100"": 1, ""0000110110"": 2, ""0000110111"": 1, ""0000111000"": 3, ""0000111001"": 1, ""0000111011"": 1, ""0000111111"": 1, ""0001000000"": 1, ""0001000010"": 1, ""0001000110"": 1, ""0001000111"": 1, ""0001010101"": 1, ""0001011001"": 1, ""0001100000"": 1, ""0001100101"": 1, ""0001100110"": 1, ""0001111011"": 1, ""0010001011"": 1, ""0010011011"": 1, ""0010011101"": 1, ""0011001010"": 1, ""0011010011"": 1, ""0011011000"": 1, ""0011100111"": 1, ""0011101010"": 1, ""0100000111"": 1, ""0111000010"": 1, ""0111001001"": 1, ""0111010101"": 1, ""0111011100"": 1, ""0111101100"": 1, ""0111111001"": 1, ""1000110101"": 1, ""1001001000"": 1, ""1001001011"": 1, ""1001010101"": 1, ""1011000011"": 1, ""1100000001"": 1, ""1111000101"": 1, ""1111010100"": 1, ""1111010110"": 1, ""1111010111"": 1, ""1111011011"": 1, ""1111011110"": 1, ""1111011111"": 1, ""1111100011"": 1, ""1111110001"": 1}"
ising,2,10,0.09921256574801243,1,42,100,1,2166,2223,292.171875,295.12764140000036,3.1240998703626572,0000110100,3.2160039554929605,2.408910655124054,8.95907334842847,-31.479731025883012,30.737576266923103,0.09190408513030324,4.4,"{""0000000001"": 1, ""0000000110"": 1, ""0000001010"": 1, ""0000001100"": 1, ""0000001110"": 1, ""0000010011"": 1, ""0000010101"": 2, ""0000011100"": 1, ""0000011101"": 1, ""0000011110"": 1, ""0000100000"": 1, ""0000100001"": 1, ""0000100010"": 2, ""0000100011"": 1, ""0000100100"": 1, ""0000100110"": 1, ""0000101000"": 1, ""0000101010"": 1, ""0000101011"": 2, ""0000101100"": 1, ""0000101110"": 1, ""0000101111"": 1, ""0000110000"": 3, ""0000110001"": 2, ""0000110010"": 1, ""0000110100"": 3, ""0000110101"": 1, ""0000110110"": 3, ""0000110111"": 2, ""0000111000"": 1, ""0000111001"": 2, ""0000111010"": 1, ""0000111011"": 2, ""0000111110"": 1, ""0000111111"": 1, ""0001000000"": 1, ""0001000001"": 1, ""0001000010"": 1, ""0001000011"": 2, ""0001000101"": 2, ""0001000110"": 1, ""0001001000"": 2, ""0001001010"": 1, ""0001001100"": 2, ""0001001110"": 1, ""0001010101"": 1, ""0001011001"": 1, ""0001011010"": 1, ""0001011011"": 1, ""0001100000"": 1, ""0001100101"": 1, ""0001100111"": 1, ""0001110111"": 1, ""0010000100"": 1, ""0010001001"": 1, ""0010001011"": 1, ""0010101101"": 1, ""0011000100"": 1, ""0011000111"": 1, ""0011001001"": 1, ""0011101010"": 1, ""0100000111"": 1, ""0111000011"": 2, ""0111110001"": 1, ""1000000011"": 1, ""1000110101"": 1, ""1001001111"": 1, ""1010101100"": 1, ""1011101000"": 1, ""1011101110"": 1, ""1100010011"": 1, ""1110000001"": 1, ""1110111011"": 1, ""1111011110"": 1, ""1111011111"": 2, ""1111100010"": 1, ""1111101001"": 1, ""1111110001"": 2, ""1111111001"": 1, ""1111111111"": 1}"
ising,2,10,0.1071554978566341,1,42,100,1,2166,2223,287.78515625,293.98113079999894,3.1240998703626572,0000111110,3.1494023179879953,2.1730875994117165,8.324426190997226,-29.146286906470717,28.172835280910792,0.025302447625338065,4.4,"{""0000000000"": 1, ""0000000110"": 1, ""0000001010"": 2, ""0000001110"": 1, ""0000001111"": 1, ""0000010011"": 1, ""0000010100"": 2, ""0000010101"": 1, ""0000010111"": 1, ""0000011010"": 1, ""0000011101"": 2, ""0000100001"": 1, ""0000100011"": 1, ""0000100100"": 2, ""0000101000"": 1, ""0000101001"": 1, ""0000101011"": 2, ""0000101110"": 2, ""0000110000"": 1, ""0000110001"": 1, ""0000110010"": 1, ""0000110100"": 1, ""0000110110"": 1, ""0000110111"": 2, ""0000111000"": 2, ""0000111001"": 2, ""0000111010"": 1, ""0000111011"": 2, ""0000111100"": 2, ""0000111101"": 1, ""0000111110"": 4, ""0000111111"": 2, ""0001000001"": 2, ""0001000011"": 3, ""0001000100"": 1, ""0001000101"": 1, ""0001001100"": 2, ""0001001111"": 1, ""0001010100"": 1, ""0001010101"": 1, ""0001011000"": 1, ""0001011010"": 1, ""0001011011"": 2, ""0001011110"": 1, ""0001100001"": 1, ""0001100010"": 1, ""0001100110"": 1, ""0001110010"": 1, ""0010001011"": 1, ""0010001110"": 1, ""0010100001"": 1, ""0010100100"": 1, ""0011000000"": 1, ""0011000010"": 1, ""0011001001"": 1, ""0011001011"": 1, ""0100101011"": 1, ""0110111000"": 1, ""0111000011"": 1, ""0111101100"": 1, ""1000000011"": 1, ""1000111101"": 1, ""1001001010"": 1, ""1001010001"": 1, ""1011101110"": 1, ""1100010011"": 1, ""1110000001"": 1, ""1110100010"": 1, ""1110111100"": 1, ""1111000000"": 1, ""1111000100"": 1, ""1111011101"": 1, ""1111011110"": 1, ""1111011111"": 1, ""1111100010"": 1, ""1111100110"": 1, ""1111101000"": 1, ""1111101101"": 1, ""1111110001"": 1, ""1111111000"": 1}"
ising,2,10,0.11573433903591127,1,42,100,1,2166,2223,285.94921875,294.0146118999983,3.1240998703626572,0001001100,3.3135817784591604,2.2580071671132105,8.667680461238637,-25.289256133200315,24.334944581004073,0.18948190809650312,4.4,"{""0000000000"": 1, ""0000001011"": 1, ""0000010100"": 1, ""0000010101"": 2, ""0000010111"": 1, ""0000011010"": 1, ""0000011110"": 1, ""0000100100"": 2, ""0000101011"": 1, ""0000101101"": 1, ""0000101111"": 1, ""0000110010"": 2, ""0000110100"": 1, ""0000110110"": 2, ""0000110111"": 1, ""0000111000"": 1, ""0000111001"": 1, ""0000111010"": 2, ""0000111100"": 2, ""0000111101"": 1, ""0000111110"": 2, ""0000111111"": 2, ""0001000000"": 2, ""0001000010"": 1, ""0001000011"": 1, ""0001000110"": 1, ""0001000111"": 1, ""0001001010"": 1, ""0001001100"": 5, ""0001001110"": 1, ""0001010010"": 2, ""0001010100"": 2, ""0001010101"": 1, ""0001011000"": 1, ""0001011010"": 1, ""0001011011"": 1, ""0001011110"": 1, ""0001100000"": 1, ""0001100010"": 1, ""0001100110"": 1, ""0001101010"": 1, ""0001110000"": 1, ""0001111001"": 1, ""0010000001"": 1, ""0010000100"": 1, ""0010001010"": 1, ""0010010011"": 1, ""0010011011"": 2, ""0010011100"": 1, ""0010111100"": 1, ""0011000000"": 1, ""0011000010"": 1, ""0011000100"": 2, ""0011001001"": 1, ""0011011101"": 1, ""0011101011"": 1, ""0011111011"": 1, ""0100010111"": 1, ""0110100000"": 1, ""0111000100"": 1, ""0111001011"": 1, ""1000100011"": 1, ""1000110101"": 1, ""1001001010"": 1, ""1001010001"": 1, ""1001011011"": 1, ""1001111100"": 1, ""1011101001"": 1, ""1011101111"": 1, ""1110000001"": 1, ""1110100110"": 1, ""1110110000"": 1, ""1111000000"": 2, ""1111000100"": 2, ""1111001100"": 1, ""1111011111"": 2, ""1111100011"": 1, ""1111100101"": 1, ""1111100110"": 1, ""1111111011"": 1}"
ising,2,10,0.125,1,42,100,1,2166,2223,287.296875,296.8031575999994,3.1240998703626572,0000111001,3.117048960983623,2.5530349048938303,7.9323888233038025,-21.74571164906685,22.531109812464297,0.007050909379034298,4.4,"{""0000000000"": 1, ""0000000011"": 1, ""0000000100"": 1, ""0000000111"": 1, ""0000001010"": 1, ""0000010101"": 1, ""0000011010"": 1, ""0000011100"": 1, ""0000100000"": 1, ""0000100110"": 1, ""0000101101"": 1, ""0000101110"": 1, ""0000110001"": 1, ""0000110010"": 1, ""0000110011"": 3, ""0000110100"": 2, ""0000110110"": 2, ""0000111000"": 1, ""0000111001"": 3, ""0000111110"": 1, ""0000111111"": 2, ""0001000000"": 2, ""0001000001"": 1, ""0001000011"": 2, ""0001000100"": 1, ""0001000110"": 1, ""0001001000"": 1, ""0001001001"": 1, ""0001001010"": 1, ""0001001100"": 1, ""0001001110"": 1, ""0001010000"": 1, ""0001010010"": 3, ""0001010100"": 2, ""0001011010"": 1, ""0001011011"": 1, ""0001100000"": 1, ""0001100010"": 1, ""0001100011"": 1, ""0001100100"": 1, ""0001100111"": 1, ""0001101010"": 1, ""0001110011"": 1, ""0001111000"": 1, ""0010000000"": 1, ""0010000011"": 1, ""0010000100"": 1, ""0010001010"": 1, ""0010001011"": 1, ""0010011101"": 1, ""0010100001"": 1, ""0010100101"": 1, ""0010101100"": 1, ""0010101111"": 1, ""0010111001"": 2, ""0011000100"": 1, ""0011000110"": 1, ""0011001110"": 1, ""0100010101"": 1, ""0100010111"": 1, ""0110011001"": 1, ""0110110000"": 1, ""0110111110"": 1, ""0111000100"": 1, ""0111001011"": 1, ""1001000101"": 1, ""1001001011"": 1, ""1001011011"": 1, ""1001111100"": 1, ""1011001110"": 1, ""1011010101"": 1, ""1011101000"": 1, ""1101100111"": 1, ""1110011001"": 1, ""1110100011"": 1, ""1110101101"": 1, ""1110110000"": 1, ""1110110010"": 1, ""1110111001"": 1, ""1111000011"": 1, ""1111000110"": 1, ""1111001001"": 1, ""1111011111"": 1, ""1111100101"": 1, ""1111100110"": 1, ""1111110010"": 1, ""1111111111"": 1}"
ising,2,10,0.13500746736153824,1,42,100,1,2166,2223,289.1015625,296.18182590000106,3.1240998703626572,0000111001,3.340484496540222,2.8941775882949843,8.109540258828936,-22.951628173507647,23.042525710828468,0.2163846261775646,4.4,"{""0000000000"": 1, ""0000000100"": 1, ""0000000110"": 1, ""0000001010"": 1, ""0000010110"": 1, ""0000011001"": 1, ""0000011011"": 1, ""0000011110"": 1, ""0000100111"": 2, ""0000101001"": 1, ""0000101111"": 1, ""0000110010"": 1, ""0000110110"": 1, ""0000110111"": 1, ""0000111001"": 3, ""0000111010"": 1, ""0000111110"": 3, ""0001000001"": 1, ""0001000010"": 1, ""0001000011"": 2, ""0001001000"": 2, ""0001001001"": 1, ""0001001010"": 1, ""0001001100"": 1, ""0001001110"": 1, ""0001001111"": 2, ""0001010000"": 1, ""0001010001"": 1, ""0001010010"": 3, ""0001010100"": 1, ""0001010111"": 1, ""0001011011"": 1, ""0001011110"": 2, ""0001100000"": 2, ""0001100100"": 2, ""0001101001"": 2, ""0001110110"": 1, ""0001111001"": 1, ""0001111011"": 1, ""0010000011"": 1, ""0010001000"": 1, ""0010001011"": 2, ""0010010100"": 1, ""0010011000"": 1, ""0010100000"": 1, ""0010101000"": 1, ""0010101100"": 1, ""0010110001"": 1, ""0010111000"": 1, ""0010111011"": 1, ""0011000100"": 2, ""0011001101"": 1, ""0011101100"": 1, ""0011101111"": 1, ""0100010101"": 1, ""0100010111"": 1, ""0100110001"": 1, ""0110001000"": 1, ""0110010000"": 1, ""0110111000"": 1, ""0110111110"": 1, ""0111100010"": 1, ""0111111011"": 1, ""1000000111"": 1, ""1000100001"": 1, ""1001000101"": 1, ""1001001011"": 1, ""1001011010"": 1, ""1011001110"": 1, ""1011010101"": 1, ""1101100111"": 1, ""1110101101"": 1, ""1110110010"": 1, ""1110110011"": 1, ""1110111010"": 1, ""1110111110"": 1, ""1111000100"": 1, ""1111001000"": 1, ""1111001011"": 1, ""1111011111"": 1, ""1111101101"": 1, ""1111101110"": 1, ""1111110010"": 1, ""1111111001"": 1}"
ising,2,10,0.14581612994701448,1,42,100,1,2166,2223,290.06640625,295.4594159999997,3.1240998703626572,0001001110,3.3243093829743176,2.7755879354555186,6.694628299981181,-21.208252266064,20.282495222704064,0.2002095126116603,4.4,"{""0000001010"": 1, ""0000010101"": 2, ""0000010110"": 1, ""0000010111"": 1, ""0000011001"": 1, ""0000011011"": 1, ""0000011110"": 2, ""0000100000"": 2, ""0000101000"": 1, ""0000101001"": 2, ""0000101011"": 1, ""0000101111"": 1, ""0000110001"": 1, ""0000110110"": 1, ""0000111010"": 1, ""0000111110"": 1, ""0000111111"": 1, ""0001000010"": 2, ""0001000110"": 1, ""0001001000"": 1, ""0001001001"": 1, ""0001001010"": 1, ""0001001101"": 1, ""0001001110"": 2, ""0001010000"": 1, ""0001010001"": 1, ""0001010010"": 2, ""0001010110"": 1, ""0001010111"": 2, ""0001011000"": 1, ""0001011101"": 1, ""0001011110"": 1, ""0001100000"": 2, ""0001100011"": 2, ""0001100100"": 2, ""0001100101"": 1, ""0001100110"": 1, ""0001100111"": 1, ""0001101000"": 1, ""0001101100"": 1, ""0001110110"": 1, ""0001111000"": 1, ""0001111011"": 1, ""0001111100"": 1, ""0010000011"": 1, ""0010000110"": 1, ""0010001010"": 1, ""0010001011"": 1, ""0010010001"": 1, ""0010010011"": 1, ""0010010100"": 1, ""0010011101"": 1, ""0010100001"": 1, ""0010101011"": 1, ""0010101100"": 1, ""0010110001"": 1, ""0010111011"": 1, ""0011000000"": 1, ""0011000010"": 1, ""0011000110"": 1, ""0011001011"": 1, ""0011001101"": 1, ""0011111101"": 1, ""0101111100"": 1, ""0110001011"": 1, ""0110010001"": 1, ""0110111100"": 1, ""0111000110"": 1, ""0111100010"": 1, ""1000001000"": 1, ""1001001111"": 1, ""1010000111"": 1, ""1010100111"": 1, ""1011010001"": 1, ""1011101001"": 1, ""1101100110"": 1, ""1110010001"": 1, ""1110101110"": 1, ""1110110000"": 1, ""1110110001"": 1, ""1110111111"": 1, ""1111001011"": 1, ""1111001100"": 1, ""1111001111"": 1, ""1111010100"": 2, ""1111101111"": 1, ""1111110010"": 1, ""1111111011"": 1}"
ising,2,10,0.15749013123685912,1,42,100,1,2166,2223,290.4453125,294.53932090000126,3.1240998703626572,0000110100,2.9025709179353,2.3804977595415684,6.954572666464465,-19.480341731109394,18.77904942878946,0.22152895242735715,4.4,"{""0000000111"": 1, ""0000001010"": 2, ""0000001111"": 1, ""0000011011"": 2, ""0000011100"": 1, ""0000100000"": 1, ""0000100010"": 1, ""0000100011"": 1, ""0000100110"": 1, ""0000100111"": 1, ""0000101001"": 1, ""0000101010"": 1, ""0000101111"": 1, ""0000110000"": 1, ""0000110100"": 2, ""0000111001"": 1, ""0000111100"": 1, ""0000111101"": 1, ""0000111111"": 2, ""0001000101"": 1, ""0001000110"": 1, ""0001000111"": 1, ""0001001001"": 1, ""0001001100"": 1, ""0001001101"": 1, ""0001010000"": 1, ""0001010010"": 1, ""0001010101"": 1, ""0001010111"": 1, ""0001011000"": 1, ""0001011100"": 1, ""0001011110"": 1, ""0001011111"": 1, ""0001100000"": 1, ""0001100001"": 1, ""0001100010"": 1, ""0001100011"": 1, ""0001101100"": 1, ""0001101110"": 1, ""0001101111"": 1, ""0001110000"": 1, ""0001110111"": 1, ""0001111000"": 2, ""0001111111"": 1, ""0010000011"": 1, ""0010001011"": 1, ""0010010100"": 1, ""0010010110"": 1, ""0010011100"": 2, ""0010100001"": 1, ""0010101001"": 1, ""0010101100"": 1, ""0010110011"": 1, ""0011000000"": 2, ""0011000011"": 1, ""0011000111"": 1, ""0011001101"": 2, ""0011100100"": 1, ""0011100101"": 1, ""0011111110"": 1, ""0100000001"": 1, ""0100010101"": 1, ""0100010111"": 1, ""0101111100"": 1, ""0110001010"": 1, ""0110010000"": 1, ""0110010101"": 1, ""0111000110"": 1, ""0111100010"": 1, ""1000001100"": 1, ""1000010110"": 1, ""1000111001"": 1, ""1001001011"": 1, ""1010000111"": 1, ""1011101001"": 1, ""1011110100"": 1, ""1100001010"": 1, ""1110010001"": 1, ""1110010010"": 1, ""1110100110"": 2, ""1110101011"": 1, ""1110110011"": 1, ""1110111100"": 1, ""1111000100"": 1, ""1111000110"": 1, ""1111001111"": 1, ""1111010001"": 1, ""1111010100"": 1, ""1111011111"": 1, ""1111100011"": 1, ""1111101101"": 1}"
ising,2,10,0.17009875002179703,1,42,100,1,2166,2223,289.93359375,294.5959131999989,3.1240998703626572,0000100000,3.048144129447784,2.1823990512614313,6.672787865569999,-18.2888647766867,17.387046986909255,0.07595574091487345,4.4,"{""0000001011"": 1, ""0000001110"": 1, ""0000010111"": 1, ""0000011001"": 1, ""0000011011"": 1, ""0000011110"": 2, ""0000100000"": 2, ""0000100001"": 1, ""0000100011"": 1, ""0000101110"": 1, ""0000110000"": 1, ""0000110011"": 1, ""0000110100"": 1, ""0000110110"": 1, ""0000110111"": 1, ""0000111011"": 1, ""0000111101"": 1, ""0000111111"": 1, ""0001000000"": 1, ""0001000101"": 1, ""0001001001"": 1, ""0001001011"": 1, ""0001001110"": 1, ""0001001111"": 1, ""0001010010"": 1, ""0001010100"": 1, ""0001010101"": 1, ""0001010110"": 1, ""0001010111"": 1, ""0001011010"": 1, ""0001011011"": 1, ""0001011100"": 1, ""0001100001"": 1, ""0001100011"": 1, ""0001100100"": 1, ""0001101110"": 1, ""0001110000"": 1, ""0001110010"": 1, ""0001110011"": 2, ""0001110101"": 1, ""0001110110"": 1, ""0001111001"": 1, ""0001111010"": 1, ""0010000000"": 1, ""0010000001"": 1, ""0010000011"": 1, ""0010001010"": 1, ""0010001011"": 1, ""0010010110"": 1, ""0010011100"": 1, ""0010100000"": 1, ""0010100010"": 2, ""0010100101"": 1, ""0010101100"": 2, ""0010101101"": 1, ""0010111000"": 1, ""0010111011"": 1, ""0011001000"": 1, ""0011001101"": 1, ""0011010101"": 1, ""0011010111"": 1, ""0011100011"": 1, ""0011101000"": 1, ""0011101010"": 1, ""0011111000"": 1, ""0100000010"": 1, ""0100010101"": 1, ""0100010111"": 1, ""0101111100"": 1, ""0110001010"": 1, ""0110010000"": 1, ""0111000011"": 1, ""0111100010"": 1, ""1000000101"": 1, ""1000001000"": 1, ""1000001100"": 1, ""1000100001"": 1, ""1010000111"": 1, ""1010111001"": 1, ""1010111101"": 1, ""1011111110"": 1, ""1100010001"": 1, ""1100101001"": 1, ""1110010001"": 1, ""1110100101"": 1, ""1110101011"": 2, ""1110101110"": 1, ""1111000011"": 1, ""1111010011"": 1, ""1111011001"": 1, ""1111100000"": 1, ""1111101101"": 1, ""1111101111"": 1, ""1111110011"": 1}"
ising,2,10,0.18371681153444983,1,42,100,1,2166,2223,290.4609375,294.5776480000004,3.1240998703626572,0001110111,3.2563841179184534,2.091767562104951,5.904132767770797,-16.766203355846805,16.098227126530197,0.13228424755579615,4.4,"{""0000000001"": 1, ""0000001111"": 1, ""0000010000"": 1, ""0000010001"": 1, ""0000010111"": 1, ""0000011110"": 1, ""0000100101"": 1, ""0000100110"": 1, ""0000101011"": 1, ""0000101110"": 1, ""0000110100"": 1, ""0000110110"": 1, ""0000111001"": 1, ""0000111010"": 1, ""0000111101"": 1, ""0001001000"": 1, ""0001001001"": 1, ""0001001100"": 1, ""0001010100"": 1, ""0001010101"": 1, ""0001010111"": 1, ""0001011011"": 1, ""0001011100"": 2, ""0001011111"": 1, ""0001100000"": 1, ""0001100011"": 1, ""0001100100"": 1, ""0001101000"": 1, ""0001101110"": 2, ""0001110000"": 1, ""0001110010"": 1, ""0001110011"": 2, ""0001110101"": 1, ""0001110111"": 4, ""0001111010"": 2, ""0010000000"": 1, ""0010000011"": 1, ""0010000110"": 1, ""0010001011"": 2, ""0010001100"": 1, ""0010010101"": 1, ""0010010111"": 1, ""0010100000"": 1, ""0010100001"": 2, ""0010100011"": 2, ""0010101100"": 2, ""0010101101"": 1, ""0010101110"": 2, ""0010110000"": 1, ""0010110111"": 1, ""0010111001"": 1, ""0010111100"": 1, ""0011000010"": 1, ""0011000100"": 1, ""0011001001"": 1, ""0011010011"": 1, ""0011100000"": 1, ""0011101000"": 1, ""0011101010"": 1, ""0110001010"": 1, ""0110010001"": 2, ""0111001011"": 1, ""0111100010"": 1, ""1000001010"": 1, ""1000001011"": 1, ""1000110101"": 1, ""1001001010"": 1, ""1010010100"": 1, ""1011001001"": 1, ""1011111110"": 1, ""1100101001"": 1, ""1101010101"": 1, ""1101100011"": 1, ""1110011001"": 1, ""1110011110"": 1, ""1110100001"": 1, ""1110100100"": 1, ""1110100110"": 1, ""1110110010"": 1, ""1111000000"": 1, ""1111001111"": 1, ""1111010101"": 1, ""1111100001"": 1, ""1111100110"": 1, ""1111101101"": 1, ""1111110000"": 1, ""1111110111"": 1}"
ising,2,10,0.19842513149602486,1,42,100,1,2166,2223,286.48046875,294.9188089999989,3.1240998703626572,0000000111,3.21600395549296,2.0517486773745954,5.683460506856656,-15.708942397984844,14.070017305281702,0.09190408513030279,4.4,"{""0000000000"": 1, ""0000000111"": 2, ""0000011110"": 1, ""0000100110"": 1, ""0000101010"": 1, ""0000101011"": 1, ""0000101111"": 1, ""0000110000"": 1, ""0000111001"": 1, ""0000111010"": 1, ""0000111101"": 1, ""0001000011"": 1, ""0001001001"": 1, ""0001001110"": 1, ""0001010001"": 1, ""0001011100"": 1, ""0001011110"": 2, ""0001011111"": 1, ""0001100000"": 1, ""0001100001"": 1, ""0001100011"": 1, ""0001100100"": 1, ""0001100110"": 1, ""0001101010"": 1, ""0001101110"": 1, ""0001110011"": 1, ""0001110100"": 1, ""0001110110"": 1, ""0001111000"": 1, ""0001111011"": 2, ""0001111110"": 1, ""0010000000"": 1, ""0010000001"": 1, ""0010000011"": 1, ""0010000100"": 2, ""0010000101"": 1, ""0010000111"": 1, ""0010001001"": 1, ""0010001011"": 2, ""0010001100"": 1, ""0010011000"": 1, ""0010011010"": 1, ""0010100000"": 1, ""0010100011"": 1, ""0010100100"": 1, ""0010100110"": 1, ""0010101100"": 1, ""0010101111"": 1, ""0010110000"": 2, ""0010110100"": 1, ""0010111000"": 1, ""0011000111"": 1, ""0011001000"": 1, ""0011001101"": 1, ""0011001111"": 1, ""0011010100"": 1, ""0011010111"": 1, ""0011101010"": 1, ""0011101101"": 1, ""0011111101"": 1, ""0100000011"": 1, ""0100000101"": 1, ""0100100010"": 1, ""0100100101"": 1, ""0101111100"": 1, ""0110010101"": 1, ""0110100000"": 1, ""0110101000"": 1, ""0111000111"": 1, ""1000000100"": 1, ""1000001010"": 1, ""1001110001"": 1, ""1010010110"": 1, ""1010101101"": 1, ""1011110101"": 1, ""1011111000"": 1, ""1011111110"": 1, ""1100000011"": 1, ""1100010001"": 1, ""1101010001"": 1, ""1101100001"": 1, ""1101100100"": 1, ""1110010001"": 1, ""1110010010"": 1, ""1110100110"": 1, ""1110101001"": 1, ""1110101101"": 1, ""1110110001"": 1, ""1110110011"": 1, ""1111001110"": 1, ""1111011011"": 1, ""1111100011"": 1, ""1111100110"": 1, ""1111110110"": 1}"
ising,2,10,0.2143109957132682,1,42,100,1,2166,2223,290.75390625,296.0735832999999,3.1240998703626572,0010001011,3.3211878989691583,2.646643184316457,5.423560058766075,-14.372726942090669,14.172310430945977,0.1970880286065011,4.4,"{""0000000110"": 1, ""0000000111"": 2, ""0000011100"": 1, ""0000100011"": 1, ""0000100101"": 1, ""0000101010"": 1, ""0000110000"": 1, ""0000111000"": 1, ""0000111011"": 1, ""0000111101"": 1, ""0001000101"": 1, ""0001001000"": 1, ""0001010001"": 1, ""0001010110"": 1, ""0001011000"": 1, ""0001011011"": 2, ""0001011100"": 1, ""0001011110"": 1, ""0001011111"": 1, ""0001100001"": 1, ""0001100011"": 1, ""0001100100"": 1, ""0001101011"": 1, ""0001101100"": 1, ""0001110000"": 1, ""0001110100"": 2, ""0001110111"": 1, ""0001111010"": 1, ""0001111100"": 1, ""0001111110"": 1, ""0010000011"": 2, ""0010000100"": 1, ""0010000101"": 1, ""0010001001"": 1, ""0010001011"": 3, ""0010001100"": 1, ""0010010001"": 1, ""0010011000"": 1, ""0010011100"": 1, ""0010011101"": 1, ""0010100001"": 2, ""0010100101"": 1, ""0010100110"": 1, ""0010101011"": 1, ""0010101110"": 1, ""0010110000"": 1, ""0010111010"": 1, ""0010111011"": 1, ""0010111100"": 1, ""0011000010"": 2, ""0011000110"": 1, ""0011010000"": 1, ""0011010011"": 1, ""0011010111"": 1, ""0011100110"": 1, ""0011101100"": 1, ""0011101101"": 1, ""0011111101"": 1, ""0100001000"": 1, ""0100100010"": 1, ""0101000101"": 1, ""0101110111"": 1, ""0110010000"": 1, ""0110010001"": 2, ""0110010101"": 1, ""0110100011"": 1, ""0111000111"": 1, ""0111001110"": 1, ""0111101111"": 1, ""1000001010"": 1, ""1000001011"": 1, ""1000111001"": 1, ""1001000101"": 1, ""1011111110"": 1, ""1100010000"": 1, ""1100010111"": 1, ""1100011110"": 1, ""1101010001"": 1, ""1101100000"": 1, ""1101101110"": 1, ""1110100111"": 1, ""1110110110"": 1, ""1111000010"": 1, ""1111001011"": 1, ""1111011111"": 1, ""1111100000"": 1, ""1111100101"": 1, ""1111101001"": 1, ""1111101110"": 2, ""1111110011"": 1}"
ising,2,10,0.23146867807182253,1,42,100,1,2166,2223,293.58984375,296.2630227000009,3.1240998703626572,0001111100,3.340090432686834,2.601824412446133,4.757048729841819,-12.167472290502037,13.095275188470602,0.21599056232417668,4.4,"{""0000001010"": 1, ""0000010000"": 1, ""0000010111"": 1, ""0000100011"": 1, ""0000100101"": 1, ""0000101010"": 1, ""0000101011"": 1, ""0000110000"": 1, ""0000110111"": 1, ""0000111011"": 1, ""0000111100"": 1, ""0001000000"": 1, ""0001000011"": 1, ""0001001011"": 1, ""0001001111"": 1, ""0001010000"": 1, ""0001010110"": 1, ""0001100101"": 1, ""0001101010"": 1, ""0001101110"": 1, ""0001110100"": 1, ""0001110110"": 1, ""0001110111"": 2, ""0001111100"": 3, ""0001111110"": 2, ""0010000010"": 1, ""0010000011"": 1, ""0010001100"": 2, ""0010010001"": 1, ""0010010010"": 1, ""0010010011"": 1, ""0010010101"": 1, ""0010011000"": 1, ""0010011101"": 1, ""0010011110"": 1, ""0010100010"": 1, ""0010100100"": 1, ""0010100101"": 1, ""0010100110"": 1, ""0010101100"": 1, ""0010101110"": 1, ""0010110100"": 1, ""0010110101"": 1, ""0010111001"": 1, ""0010111010"": 2, ""0010111100"": 2, ""0011000101"": 1, ""0011000110"": 1, ""0011000111"": 1, ""0011001000"": 1, ""0011001001"": 1, ""0011001110"": 1, ""0011010000"": 1, ""0011010111"": 1, ""0011011010"": 1, ""0011101010"": 1, ""0011101100"": 1, ""0011110000"": 1, ""0011111101"": 1, ""0100010001"": 2, ""0100010110"": 1, ""0100110100"": 1, ""0101000011"": 1, ""0101010100"": 1, ""0101100110"": 1, ""0110001011"": 1, ""0110010100"": 1, ""0111001011"": 1, ""0111100010"": 1, ""0111101110"": 1, ""1000110101"": 1, ""1001001101"": 1, ""1001011100"": 1, ""1011101101"": 1, ""1011111000"": 1, ""1100001000"": 1, ""1100010010"": 1, ""1100010011"": 1, ""1101001001"": 1, ""1101100001"": 1, ""1110001011"": 1, ""1110100001"": 1, ""1110100011"": 1, ""1110100111"": 1, ""1110101101"": 1, ""1111001011"": 1, ""1111100010"": 1, ""1111100100"": 1, ""1111101001"": 1, ""1111101111"": 1, ""1111110111"": 1, ""1111111010"": 1}"
ising,2,10,0.25,1,42,100,1,2166,2223,289.58203125,294.6907336000004,3.1240998703626572,0010001110,3.3011266555298997,2.020191338413874,5.1923977867715285,-12.2963899956913,12.124584147448108,0.17702678516724246,4.4,"{""0000000110"": 1, ""0000000111"": 1, ""0000010000"": 1, ""0000100011"": 2, ""0000100110"": 1, ""0000101000"": 1, ""0000101111"": 1, ""0000110000"": 1, ""0001001000"": 1, ""0001001001"": 1, ""0001001100"": 1, ""0001010001"": 1, ""0001011111"": 1, ""0001100001"": 1, ""0001100100"": 1, ""0001110000"": 1, ""0001110010"": 1, ""0001110100"": 1, ""0001111000"": 1, ""0010000001"": 1, ""0010000011"": 1, ""0010000101"": 1, ""0010001000"": 1, ""0010001100"": 1, ""0010001110"": 2, ""0010010000"": 1, ""0010010010"": 1, ""0010010011"": 1, ""0010010101"": 1, ""0010011101"": 2, ""0010011110"": 1, ""0010100010"": 1, ""0010100101"": 1, ""0010101001"": 1, ""0010101101"": 1, ""0010110010"": 1, ""0010110111"": 2, ""0010111000"": 1, ""0010111001"": 2, ""0011000010"": 1, ""0011000011"": 1, ""0011000100"": 1, ""0011000111"": 1, ""0011001010"": 1, ""0011010010"": 1, ""0011010110"": 1, ""0011100100"": 1, ""0011101010"": 1, ""0011101011"": 1, ""0011110000"": 1, ""0011110001"": 1, ""0011111000"": 2, ""0011111010"": 1, ""0100000110"": 1, ""0100011110"": 1, ""0100110110"": 1, ""0101000000"": 1, ""0101010100"": 1, ""0101011001"": 1, ""0101100101"": 1, ""0101101111"": 1, ""0101111001"": 1, ""0110000100"": 1, ""0110010101"": 1, ""0110011011"": 1, ""0111100011"": 1, ""0111101110"": 1, ""1000001011"": 1, ""1000011110"": 1, ""1000100101"": 1, ""1000110101"": 1, ""1001000101"": 1, ""1011101101"": 1, ""1011101110"": 1, ""1011111100"": 1, ""1100010000"": 2, ""1100010011"": 1, ""1101001001"": 1, ""1101001010"": 1, ""1101010110"": 1, ""1110000001"": 1, ""1110001010"": 1, ""1110010011"": 2, ""1110010111"": 1, ""1110011010"": 1, ""1110100100"": 1, ""1110101010"": 1, ""1111100000"": 1, ""1111101001"": 1, ""1111101011"": 1, ""1111111001"": 1, ""1111111110"": 1}"
ising,2,10,0.27001493472307647,1,42,100,1,2166,2223,287.328125,294.1781805999999,3.1240998703626572,0101010101,3.1359650375683716,2.036786567516327,4.882030323877758,-11.407640933763208,11.248570243451768,0.0118651672057144,4.4,"{""0000000011"": 1, ""0000000110"": 1, ""0000011010"": 1, ""0000100000"": 2, ""0000100100"": 1, ""0000101010"": 1, ""0000101011"": 1, ""0000110111"": 1, ""0000111010"": 1, ""0001000000"": 1, ""0001000101"": 1, ""0001001000"": 1, ""0001001101"": 1, ""0001010000"": 2, ""0001010011"": 1, ""0001100100"": 2, ""0001101001"": 1, ""0001110010"": 1, ""0001110110"": 1, ""0001110111"": 1, ""0001111000"": 1, ""0010000011"": 1, ""0010001000"": 1, ""0010001001"": 1, ""0010001011"": 1, ""0010001100"": 1, ""0010001110"": 1, ""0010010101"": 1, ""0010010110"": 1, ""0010011100"": 1, ""0010100001"": 2, ""0010101001"": 1, ""0010101110"": 1, ""0010110000"": 2, ""0010110001"": 1, ""0010110100"": 2, ""0010111000"": 1, ""0010111110"": 1, ""0011000010"": 2, ""0011000100"": 1, ""0011000101"": 1, ""0011000110"": 1, ""0011000111"": 1, ""0011001001"": 2, ""0011001100"": 1, ""0011010000"": 1, ""0011011100"": 1, ""0011011101"": 1, ""0011101010"": 1, ""0011101110"": 1, ""0011111000"": 2, ""0011111010"": 1, ""0100000001"": 1, ""0100000110"": 1, ""0100010001"": 1, ""0100011110"": 1, ""0100100011"": 1, ""0101010101"": 3, ""0101101110"": 1, ""0101110110"": 1, ""0110000000"": 1, ""0110001011"": 1, ""0110100010"": 2, ""0111101011"": 1, ""0111101111"": 1, ""1000001010"": 1, ""1000011111"": 1, ""1000110101"": 1, ""1001000001"": 1, ""1001001011"": 1, ""1001011100"": 1, ""1010111000"": 1, ""1011111101"": 1, ""1100010001"": 1, ""1100010011"": 1, ""1100010111"": 1, ""1100101001"": 1, ""1101001010"": 1, ""1101001101"": 1, ""1101110010"": 1, ""1110000101"": 1, ""1110010011"": 1, ""1110010110"": 1, ""1110101011"": 1, ""1111011111"": 1, ""1111100101"": 1, ""1111101110"": 1, ""1111111110"": 1}"
ising,2,10,0.29163225989402897,1,42,100,1,2166,2223,288.39453125,296.2884701999992,3.1240998703626572,0001011110,2.808831029285262,1.6680458726721765,4.544134566661138,-10.56204626742473,9.678369089672064,0.3152688410773954,4.4,"{""0000000100"": 1, ""0000000111"": 1, ""0000100000"": 1, ""0000100001"": 2, ""0000100110"": 1, ""0000101010"": 1, ""0000110111"": 1, ""0000111010"": 1, ""0000111011"": 1, ""0001000000"": 2, ""0001000101"": 1, ""0001001100"": 1, ""0001011000"": 1, ""0001011100"": 1, ""0001011110"": 2, ""0001101001"": 2, ""0001101010"": 1, ""0001110110"": 1, ""0001111000"": 1, ""0010000011"": 1, ""0010001000"": 1, ""0010001110"": 1, ""0010010101"": 1, ""0010011011"": 1, ""0010011110"": 1, ""0010100110"": 1, ""0010101110"": 1, ""0010110000"": 1, ""0010110001"": 1, ""0010110010"": 1, ""0010111011"": 1, ""0010111100"": 2, ""0011000001"": 1, ""0011000011"": 1, ""0011000100"": 1, ""0011000101"": 1, ""0011000111"": 1, ""0011001011"": 1, ""0011001101"": 1, ""0011001111"": 1, ""0011010010"": 1, ""0011010011"": 2, ""0011010101"": 1, ""0011011010"": 1, ""0011011101"": 1, ""0011100001"": 1, ""0011100110"": 2, ""0011110001"": 1, ""0011111000"": 1, ""0011111010"": 1, ""0011111110"": 1, ""0100000000"": 1, ""0100010011"": 1, ""0100011000"": 1, ""0100011100"": 2, ""0100011110"": 1, ""0100100001"": 1, ""0100100110"": 1, ""0101001110"": 1, ""0101010111"": 1, ""0101100011"": 1, ""0110000000"": 1, ""0110000011"": 1, ""0110001110"": 1, ""0110100010"": 1, ""0111001100"": 1, ""1000001010"": 1, ""1000011000"": 1, ""1000011011"": 1, ""1001010100"": 1, ""1001101111"": 1, ""1001111011"": 1, ""1010011000"": 1, ""1011010101"": 1, ""1011101101"": 1, ""1100010001"": 1, ""1100010110"": 1, ""1100011110"": 1, ""1100100001"": 1, ""1100101010"": 1, ""1100111111"": 1, ""1101001011"": 1, ""1101110110"": 1, ""1110010111"": 1, ""1110011011"": 1, ""1110101101"": 1, ""1110101111"": 1, ""1110111001"": 1, ""1111011011"": 1, ""1111100000"": 1, ""1111101010"": 1, ""1111110110"": 1}"
ising,2,10,0.314980262473718,1,42,100,1,2166,2223,288.3203125,296.35152500000004,3.1240998703626572,0011010111,3.4480204864063655,1.695179337441141,4.67018859151435,-9.818092232479144,8.999917879772548,0.32392061604370825,4.4,"{""0000000111"": 1, ""0000100000"": 1, ""0000100011"": 1, ""0000100110"": 1, ""0000101001"": 1, ""0000101111"": 1, ""0000111011"": 1, ""0001000000"": 1, ""0001011101"": 1, ""0001011110"": 1, ""0001100001"": 1, ""0001110001"": 1, ""0001110010"": 1, ""0001110100"": 1, ""0001111011"": 1, ""0010001010"": 1, ""0010001011"": 2, ""0010011100"": 1, ""0010011110"": 1, ""0010100110"": 1, ""0010101001"": 1, ""0010101101"": 1, ""0010110000"": 1, ""0010110010"": 1, ""0010111000"": 1, ""0010111001"": 1, ""0010111111"": 1, ""0011000000"": 1, ""0011000010"": 2, ""0011000100"": 1, ""0011000101"": 1, ""0011001000"": 1, ""0011001101"": 1, ""0011010010"": 1, ""0011010111"": 2, ""0011011101"": 1, ""0011100011"": 1, ""0011100101"": 1, ""0011101000"": 1, ""0011101010"": 1, ""0011101101"": 1, ""0011101111"": 1, ""0011110000"": 1, ""0011110001"": 1, ""0011110111"": 1, ""0011111000"": 1, ""0011111100"": 1, ""0011111110"": 2, ""0100000000"": 1, ""0100000001"": 1, ""0100000100"": 1, ""0100000101"": 1, ""0100001001"": 1, ""0100010001"": 1, ""0100010011"": 1, ""0100011110"": 1, ""0100100110"": 1, ""0100110001"": 1, ""0100110101"": 1, ""0100110111"": 1, ""0101010100"": 1, ""0101010101"": 1, ""0101011000"": 1, ""0101011110"": 1, ""0101100001"": 1, ""0101100010"": 1, ""0110000000"": 1, ""0110100011"": 1, ""0110101001"": 1, ""0111001110"": 1, ""1000001000"": 1, ""1000011011"": 1, ""1001001010"": 1, ""1001100110"": 1, ""1001101111"": 1, ""1001110010"": 1, ""1001110101"": 1, ""1001111110"": 1, ""1010001011"": 1, ""1010010011"": 1, ""1011010011"": 1, ""1011010101"": 1, ""1011111110"": 1, ""1100001001"": 1, ""1100001100"": 1, ""1100001111"": 1, ""1100100001"": 1, ""1100100111"": 1, ""1100101001"": 1, ""1101000110"": 1, ""1101110110"": 1, ""1110000100"": 1, ""1110010110"": 1, ""1111100000"": 2, ""1111111110"": 1}"
ising,2,10,0.3401975000435943,1,42,100,1,2166,2223,289.7578125,295.29742890000125,3.1240998703626572,0011100110,3.481016668540958,1.632650926613096,4.696259535047656,-9.036214253570051,8.927996118796758,0.3569167981783008,4.4,"{""0000000001"": 1, ""0000011000"": 1, ""0000110011"": 1, ""0001000000"": 1, ""0001000100"": 1, ""0001010011"": 1, ""0001110100"": 2, ""0001111011"": 2, ""0001111110"": 1, ""0010001010"": 2, ""0010001011"": 1, ""0010001110"": 1, ""0010100000"": 1, ""0010101101"": 1, ""0010101110"": 1, ""0010111011"": 1, ""0010111111"": 1, ""0011000011"": 1, ""0011000100"": 1, ""0011001000"": 1, ""0011001011"": 1, ""0011001101"": 1, ""0011001111"": 1, ""0011010001"": 1, ""0011010111"": 1, ""0011011100"": 1, ""0011100110"": 3, ""0011101100"": 1, ""0011101101"": 1, ""0011101111"": 1, ""0011110000"": 1, ""0011110010"": 1, ""0011110101"": 1, ""0011111101"": 1, ""0011111111"": 1, ""0100000011"": 1, ""0100000100"": 1, ""0100000101"": 1, ""0100000110"": 1, ""0100010001"": 2, ""0100011001"": 1, ""0100011011"": 2, ""0100011110"": 1, ""0100100000"": 2, ""0100100100"": 1, ""0100100110"": 2, ""0100101000"": 1, ""0100101100"": 1, ""0100110101"": 1, ""0100111001"": 1, ""0101010011"": 1, ""0101011100"": 1, ""0101011101"": 1, ""0101101001"": 1, ""0101110010"": 1, ""0110001000"": 1, ""0111000111"": 1, ""0111001001"": 1, ""0111011111"": 1, ""0111100100"": 1, ""0111101111"": 1, ""1000001011"": 1, ""1000001100"": 1, ""1000010101"": 1, ""1000100110"": 1, ""1000101010"": 1, ""1001001010"": 1, ""1001011000"": 1, ""1001100000"": 1, ""1001110010"": 1, ""1010000111"": 1, ""1010001010"": 1, ""1011011001"": 1, ""1011110010"": 1, ""1100000101"": 1, ""1100001010"": 2, ""1100100001"": 1, ""1100100010"": 1, ""1101000111"": 1, ""1101100001"": 1, ""1101110110"": 1, ""1110000110"": 1, ""1110001101"": 1, ""1110010000"": 1, ""1110011100"": 1, ""1111000001"": 1, ""1111100010"": 1, ""1111100100"": 1, ""1111101110"": 1, ""1111110110"": 1}"
ising,2,10,0.36743362306889965,1,42,100,1,2166,2223,290.8984375,293.30023699999947,3.1240998703626572,0100000101,3.8909615357692284,1.9565023756683382,4.678075752046374,-8.449899300855062,8.266205837792997,0.7668616654065712,4.4,"{""0000000001"": 1, ""0000010111"": 1, ""0000011000"": 1, ""0000101011"": 1, ""0001010000"": 1, ""0001110111"": 1, ""0010000100"": 1, ""0010001110"": 1, ""0010010011"": 1, ""0010101000"": 1, ""0010101110"": 1, ""0010111011"": 1, ""0010111111"": 1, ""0011000000"": 1, ""0011000011"": 1, ""0011000100"": 1, ""0011001000"": 1, ""0011010001"": 1, ""0011010011"": 1, ""0011010111"": 1, ""0011100010"": 1, ""0011100100"": 1, ""0011100101"": 1, ""0011100110"": 1, ""0011101100"": 2, ""0011101111"": 1, ""0011110000"": 2, ""0011110010"": 2, ""0011110111"": 1, ""0011111011"": 1, ""0011111101"": 1, ""0100000011"": 2, ""0100000101"": 3, ""0100000110"": 1, ""0100001001"": 1, ""0100001010"": 2, ""0100001101"": 1, ""0100010001"": 2, ""0100011000"": 1, ""0100011010"": 1, ""0100011011"": 1, ""0100011110"": 1, ""0100100000"": 1, ""0100100110"": 3, ""0100111001"": 1, ""0101000000"": 2, ""0101000010"": 1, ""0101000110"": 1, ""0101010011"": 1, ""0101011100"": 1, ""0101110010"": 1, ""0101110110"": 1, ""0110001000"": 1, ""0110101101"": 1, ""0111000011"": 1, ""0111000110"": 1, ""0111000111"": 1, ""0111001001"": 1, ""0111001111"": 1, ""0111011111"": 1, ""0111100001"": 1, ""0111100010"": 1, ""0111101111"": 1, ""1000000110"": 1, ""1000001011"": 1, ""1000101010"": 1, ""1000111011"": 1, ""1001001010"": 1, ""1001011000"": 2, ""1001100000"": 1, ""1001110001"": 1, ""1001110100"": 1, ""1001111110"": 1, ""1010001010"": 1, ""1010001011"": 1, ""1011011001"": 1, ""1011011101"": 1, ""1011100110"": 1, ""1011101101"": 1, ""1011110101"": 1, ""1100001111"": 1, ""1100010111"": 1, ""1100100010"": 1, ""1101100001"": 1, ""1110011100"": 1, ""1111001011"": 1, ""1111100010"": 1, ""1111110110"": 1}"
ising,2,10,0.4286219914265361,1,42,100,1,2166,2223,295.30078125,293.37515769999845,3.1240998703626572,0100011110,2.970459004465952,1.5177256079685792,4.077394518043118,-6.985946959900648,7.300887191699448,0.15364086589670523,4.4,"{""0000000111"": 1, ""0000001010"": 1, ""0000011000"": 1, ""0000100001"": 1, ""0000100011"": 1, ""0000101010"": 1, ""0000101111"": 1, ""0001000000"": 1, ""0001000101"": 1, ""0001011100"": 1, ""0001100101"": 1, ""0001110100"": 1, ""0010000011"": 2, ""0010001000"": 1, ""0010010110"": 2, ""0010101001"": 1, ""0010110000"": 1, ""0010111010"": 1, ""0010111100"": 1, ""0011000010"": 2, ""0011001000"": 1, ""0011010111"": 1, ""0011011101"": 1, ""0011011110"": 1, ""0011101101"": 1, ""0011101110"": 1, ""0011101111"": 1, ""0011110001"": 1, ""0011110101"": 1, ""0011111000"": 1, ""0100000000"": 1, ""0100000010"": 1, ""0100000011"": 1, ""0100000100"": 1, ""0100001001"": 1, ""0100010011"": 1, ""0100010110"": 1, ""0100011011"": 1, ""0100011100"": 1, ""0100011110"": 3, ""0100100001"": 1, ""0100100011"": 1, ""0100100101"": 1, ""0100100110"": 1, ""0100101010"": 1, ""0100101100"": 1, ""0100110110"": 1, ""0100111010"": 1, ""0100111110"": 1, ""0101000101"": 1, ""0101001111"": 1, ""0101010010"": 1, ""0101010101"": 1, ""0101011000"": 1, ""0101011111"": 1, ""0101100001"": 1, ""0110000110"": 1, ""0110001110"": 1, ""0110100000"": 1, ""0110100010"": 1, ""0110101101"": 1, ""0110111001"": 1, ""0111000010"": 1, ""0111000101"": 1, ""0111001011"": 1, ""0111001101"": 1, ""0111011110"": 1, ""0111101110"": 1, ""0111111110"": 1, ""1000011000"": 1, ""1000011100"": 1, ""1000100110"": 1, ""1001000000"": 1, ""1001001110"": 1, ""1001010011"": 1, ""1001011000"": 1, ""1001011110"": 1, ""1001100011"": 1, ""1001101010"": 1, ""1001111011"": 1, ""1010001011"": 1, ""1010010011"": 1, ""1010010100"": 1, ""1010111100"": 1, ""1011000111"": 1, ""1011010101"": 1, ""1011100110"": 1, ""1011101010"": 1, ""1011110001"": 1, ""1100101011"": 1, ""1101001011"": 1, ""1101100001"": 1, ""1111011011"": 1, ""1111100010"": 1, ""1111101100"": 1}"
ising,2,10,0.39685026299204973,1,42,100,1,2166,2223,291.08984375,293.8079722000002,3.1240998703626572,0011000010,3.3319656365804464,1.6803620667450718,4.240254852719545,-7.792624969079096,7.900855871427416,0.20786576621778918,4.4,"{""0000000100"": 1, ""0000000111"": 1, ""0000011110"": 1, ""0000100000"": 1, ""0000100011"": 1, ""0001000000"": 1, ""0001100001"": 1, ""0001110100"": 1, ""0010001001"": 1, ""0010001010"": 1, ""0010011010"": 1, ""0010011100"": 1, ""0010101001"": 1, ""0010110001"": 1, ""0010110101"": 1, ""0010111000"": 1, ""0010111100"": 1, ""0010111111"": 1, ""0011000010"": 2, ""0011001000"": 1, ""0011010011"": 1, ""0011010110"": 1, ""0011010111"": 1, ""0011011000"": 1, ""0011011101"": 1, ""0011100000"": 1, ""0011100010"": 1, ""0011101001"": 1, ""0011110000"": 1, ""0011110011"": 2, ""0011110100"": 1, ""0011111011"": 2, ""0011111110"": 2, ""0011111111"": 1, ""0100000000"": 1, ""0100000001"": 1, ""0100000101"": 1, ""0100001011"": 1, ""0100010001"": 1, ""0100010011"": 1, ""0100011011"": 1, ""0100011110"": 1, ""0100100011"": 1, ""0100100101"": 1, ""0100100110"": 2, ""0100100111"": 1, ""0100101001"": 1, ""0100110001"": 1, ""0100110101"": 1, ""0100110110"": 1, ""0100111001"": 1, ""0100111110"": 1, ""0101000000"": 1, ""0101000110"": 1, ""0101000111"": 1, ""0101001101"": 1, ""0101001111"": 1, ""0101011000"": 1, ""0110000000"": 1, ""0110001011"": 1, ""0110001110"": 1, ""0110010101"": 1, ""0110100011"": 1, ""0110110000"": 1, ""0111001001"": 1, ""0111001100"": 1, ""0111100001"": 1, ""0111101000"": 1, ""0111111111"": 1, ""1000001000"": 1, ""1000110111"": 1, ""1001001010"": 1, ""1001011100"": 1, ""1001100110"": 1, ""1001101111"": 1, ""1001110010"": 1, ""1001110100"": 1, ""1001110101"": 1, ""1001111110"": 1, ""1001111111"": 1, ""1010001010"": 1, ""1010101101"": 1, ""1011010101"": 1, ""1011011010"": 1, ""1011100101"": 1, ""1011110001"": 1, ""1011111000"": 1, ""1100000001"": 1, ""1100001111"": 1, ""1100010010"": 1, ""1100100001"": 1, ""1100100111"": 1, ""1110010110"": 1, ""1111010111"": 1, ""1111100000"": 1}"
ising,2,10,0.46293735614364534,1,42,100,1,2166,2223,290.32421875,294.03431679999994,3.1240998703626572,0100010000,3.220801488662302,1.8780056087595127,3.999774094565481,-6.706689519601337,6.666926538259827,0.09670161829964474,4.4,"{""0000001011"": 1, ""0000010000"": 1, ""0000011110"": 1, ""0000100010"": 1, ""0000101111"": 1, ""0001001000"": 1, ""0001010100"": 1, ""0001110001"": 1, ""0001110100"": 1, ""0001111010"": 1, ""0010000011"": 1, ""0010001100"": 1, ""0010010000"": 1, ""0010010101"": 1, ""0010100011"": 1, ""0010101001"": 1, ""0010111000"": 1, ""0010111001"": 1, ""0010111011"": 1, ""0010111101"": 1, ""0011000111"": 1, ""0011001000"": 1, ""0011001100"": 1, ""0011010010"": 1, ""0011010111"": 1, ""0011101101"": 1, ""0011101110"": 1, ""0011111000"": 1, ""0011111001"": 1, ""0011111100"": 1, ""0100010000"": 2, ""0100010010"": 1, ""0100010011"": 1, ""0100011110"": 2, ""0100100010"": 1, ""0100100110"": 1, ""0100101001"": 1, ""0100110110"": 1, ""0100111101"": 1, ""0101000101"": 1, ""0101000111"": 1, ""0101001110"": 1, ""0101010101"": 1, ""0101011111"": 1, ""0101100001"": 1, ""0101100100"": 2, ""0101100101"": 1, ""0101101111"": 1, ""0101110010"": 1, ""0101111000"": 1, ""0101111001"": 1, ""0101111110"": 1, ""0110000001"": 1, ""0110000100"": 1, ""0110000110"": 1, ""0110001010"": 1, ""0110010101"": 1, ""0110010111"": 1, ""0110011010"": 1, ""0110011011"": 1, ""0110011101"": 1, ""0110100101"": 1, ""0110101010"": 1, ""0110110010"": 1, ""0111000010"": 1, ""0111001001"": 1, ""0111001010"": 1, ""0111100000"": 1, ""0111100011"": 1, ""0111100101"": 1, ""0111101011"": 1, ""0111101110"": 1, ""0111110000"": 1, ""0111110111"": 1, ""1000000110"": 1, ""1000000111"": 1, ""1000011101"": 1, ""1000101000"": 1, ""1000110101"": 1, ""1001000000"": 1, ""1001000101"": 1, ""1001010000"": 1, ""1001010010"": 1, ""1001110000"": 1, ""1010001101"": 1, ""1010010011"": 1, ""1010011000"": 1, ""1010100110"": 1, ""1010110001"": 1, ""1011000100"": 1, ""1011011100"": 1, ""1011101010"": 1, ""1100001110"": 1, ""1100010011"": 1, ""1100110111"": 1, ""1101001010"": 1, ""1110100100"": 1}"
ising,2,10,0.5,1,42,100,1,2166,2223,287.875,294.59663249999903,3.1240998703626572,0110010001,3.1661363461959633,1.5833136100240435,4.050902099097157,-6.19728238305799,6.258641614573416,0.04203647583330605,4.4,"{""0000001010"": 1, ""0000010001"": 1, ""0000010111"": 1, ""0000100011"": 1, ""0001100001"": 1, ""0001100100"": 1, ""0001110100"": 1, ""0001111100"": 1, ""0010000011"": 1, ""0010000100"": 1, ""0010001011"": 1, ""0010101011"": 1, ""0010111011"": 1, ""0010111100"": 1, ""0011000010"": 1, ""0011000100"": 1, ""0011000111"": 1, ""0011001000"": 1, ""0011100011"": 1, ""0011111100"": 1, ""0011111101"": 1, ""0011111110"": 1, ""0100000110"": 1, ""0100001000"": 1, ""0100010000"": 1, ""0100010100"": 1, ""0100010111"": 1, ""0100111101"": 1, ""0101000010"": 1, ""0101000110"": 1, ""0101001100"": 1, ""0101010001"": 1, ""0101010110"": 1, ""0101011100"": 1, ""0101011110"": 1, ""0101011111"": 1, ""0101100110"": 1, ""0101101110"": 1, ""0101110000"": 2, ""0101110011"": 1, ""0101110111"": 1, ""0101111000"": 1, ""0101111011"": 1, ""0110000101"": 1, ""0110001001"": 1, ""0110001011"": 1, ""0110001101"": 1, ""0110010000"": 1, ""0110010001"": 3, ""0110010101"": 1, ""0110011101"": 1, ""0110011110"": 1, ""0110100001"": 1, ""0110100011"": 1, ""0110100101"": 1, ""0110101000"": 1, ""0110101011"": 1, ""0110110110"": 1, ""0111000010"": 2, ""0111001011"": 1, ""0111001110"": 1, ""0111010111"": 1, ""0111100000"": 1, ""0111100101"": 1, ""0111101001"": 1, ""0111101110"": 1, ""0111101111"": 1, ""0111111110"": 1, ""1000000111"": 1, ""1000001011"": 1, ""1000011110"": 1, ""1000100101"": 1, ""1000101010"": 1, ""1000110000"": 1, ""1001000011"": 1, ""1001000101"": 2, ""1001010001"": 1, ""1001011011"": 1, ""1001011110"": 1, ""1001101011"": 1, ""1001110111"": 1, ""1001111001"": 1, ""1001111010"": 1, ""1010000011"": 1, ""1010000101"": 1, ""1010010011"": 1, ""1010011000"": 1, ""1010111010"": 1, ""1011010000"": 1, ""1100011110"": 1, ""1101011100"": 1, ""1101100000"": 1, ""1110100111"": 1, ""1111011111"": 1, ""1111101110"": 1}"
ising,2,10,0.5400298694461529,1,42,100,1,2166,2223,287.578125,294.52222559999973,3.1240998703626572,0110110000,4.3289952149041655,2.0346277510049577,4.059998865057569,-5.703820466881604,5.77199361987222,1.2048953445415083,4.4,"{""0000001110"": 1, ""0000110110"": 1, ""0001010101"": 1, ""0001100001"": 1, ""0010000011"": 1, ""0010001011"": 1, ""0010111011"": 1, ""0011011010"": 1, ""0100000000"": 1, ""0100010011"": 1, ""0100011110"": 1, ""0100101001"": 1, ""0100110100"": 1, ""0100110111"": 1, ""0101001001"": 1, ""0101001100"": 1, ""0101010001"": 1, ""0101010110"": 1, ""0101100000"": 1, ""0101100111"": 1, ""0101110010"": 1, ""0101110101"": 1, ""0101111100"": 1, ""0101111110"": 1, ""0110000000"": 1, ""0110000100"": 1, ""0110001010"": 1, ""0110001011"": 1, ""0110010000"": 1, ""0110010001"": 2, ""0110010101"": 1, ""0110010110"": 1, ""0110100001"": 1, ""0110100010"": 2, ""0110100011"": 2, ""0110100100"": 1, ""0110100101"": 1, ""0110101000"": 1, ""0110101001"": 1, ""0110101011"": 1, ""0110101100"": 1, ""0110101110"": 1, ""0110110000"": 3, ""0110110110"": 1, ""0110111010"": 1, ""0110111011"": 1, ""0111000000"": 1, ""0111000011"": 1, ""0111000100"": 1, ""0111001000"": 1, ""0111001101"": 2, ""0111001110"": 1, ""0111010011"": 2, ""0111010111"": 2, ""0111011100"": 1, ""0111100001"": 1, ""0111100011"": 1, ""0111100110"": 1, ""0111101010"": 1, ""0111101101"": 1, ""0111110000"": 1, ""0111110110"": 1, ""0111111000"": 1, ""0111111001"": 1, ""0111111100"": 1, ""1000001010"": 1, ""1000001011"": 1, ""1000001100"": 1, ""1000010111"": 1, ""1000011011"": 1, ""1000100000"": 1, ""1000100011"": 1, ""1000100101"": 1, ""1000111101"": 1, ""1001000101"": 1, ""1001001111"": 1, ""1001010110"": 1, ""1001011111"": 1, ""1001100000"": 1, ""1001100100"": 1, ""1001101011"": 1, ""1001111010"": 2, ""1010000001"": 1, ""1010111000"": 1, ""1010111101"": 1, ""1011001001"": 1, ""1100010111"": 1, ""1101001011"": 1, ""1110011001"": 1, ""1110101010"": 1, ""1111101111"": 1}"
ising,2,10,0.5832645197880579,1,42,100,1,2166,2223,286.76171875,293.9093228999991,3.1240998703626572,0111101001,4.286886308740614,2.0460282654894777,3.7985090203851404,-5.3862227977305395,5.302063066516,1.1627864383779571,4.4,"{""0000011100"": 1, ""0000100111"": 1, ""0000110001"": 1, ""0000110100"": 1, ""0000111000"": 1, ""0001000000"": 1, ""0001010100"": 1, ""0001100100"": 1, ""0010101111"": 1, ""0100010101"": 1, ""0100110001"": 1, ""0100110110"": 1, ""0100111111"": 1, ""0101001000"": 1, ""0101001001"": 1, ""0101010010"": 1, ""0101100101"": 1, ""0101100111"": 1, ""0101111001"": 1, ""0101111011"": 1, ""0101111111"": 1, ""0110000000"": 1, ""0110001000"": 2, ""0110001011"": 1, ""0110010100"": 1, ""0110011011"": 1, ""0110011101"": 1, ""0110100001"": 1, ""0110100010"": 1, ""0110100011"": 1, ""0110100100"": 1, ""0110101100"": 1, ""0110101101"": 1, ""0110101110"": 1, ""0110110000"": 2, ""0110110010"": 2, ""0110110011"": 2, ""0110110100"": 1, ""0110110110"": 2, ""0110111000"": 1, ""0110111001"": 1, ""0110111011"": 1, ""0110111110"": 2, ""0111000010"": 1, ""0111000011"": 2, ""0111000100"": 2, ""0111000110"": 1, ""0111000111"": 1, ""0111001000"": 1, ""0111001100"": 2, ""0111001101"": 1, ""0111001110"": 2, ""0111010010"": 2, ""0111010011"": 1, ""0111010100"": 1, ""0111011001"": 1, ""0111011100"": 1, ""0111100000"": 1, ""0111100100"": 1, ""0111101001"": 3, ""0111101110"": 1, ""0111110111"": 1, ""0111111000"": 1, ""1000000000"": 1, ""1000000101"": 2, ""1000000111"": 1, ""1000001010"": 1, ""1000011110"": 1, ""1000100110"": 1, ""1000101010"": 1, ""1000110111"": 1, ""1000111000"": 1, ""1000111001"": 2, ""1001000010"": 1, ""1001000011"": 1, ""1001011010"": 1, ""1001011100"": 1, ""1010001000"": 1, ""1010101111"": 1, ""1010111000"": 1, ""1011001110"": 1, ""1011010100"": 1, ""1100000111"": 1, ""1100100001"": 1, ""1101001011"": 1}"
ising,2,10,0.629960524947436,1,42,100,1,2166,2223,285.48046875,294.02671030000056,3.1240998703626572,0111010111,4.519439281617384,3.0103946094169927,3.239957262951824,-4.986967483164009,4.938266628836235,1.3953394112547266,4.4,"{""0000101100"": 1, ""0000110100"": 1, ""0001100101"": 1, ""0100011011"": 1, ""0100100110"": 1, ""0110011011"": 1, ""0110011101"": 1, ""0110100100"": 1, ""0110100101"": 1, ""0110101000"": 1, ""0110101011"": 1, ""0110110000"": 1, ""0110110110"": 1, ""0110111001"": 1, ""0110111011"": 1, ""0111000000"": 1, ""0111000001"": 1, ""0111000010"": 2, ""0111000011"": 1, ""0111000101"": 1, ""0111000111"": 2, ""0111001001"": 1, ""0111001010"": 1, ""0111001011"": 1, ""0111001100"": 2, ""0111001101"": 1, ""0111001110"": 2, ""0111001111"": 2, ""0111010000"": 4, ""0111010001"": 1, ""0111010011"": 4, ""0111010100"": 1, ""0111010101"": 3, ""0111010110"": 2, ""0111010111"": 4, ""0111011000"": 3, ""0111011001"": 2, ""0111011010"": 2, ""0111011100"": 1, ""0111011110"": 3, ""0111011111"": 1, ""0111100000"": 1, ""0111100001"": 2, ""0111100010"": 1, ""0111100011"": 1, ""0111100100"": 1, ""0111100110"": 1, ""0111100111"": 1, ""0111101001"": 1, ""0111101010"": 1, ""0111101100"": 3, ""0111101101"": 1, ""0111101110"": 1, ""0111101111"": 2, ""0111111000"": 1, ""0111111001"": 1, ""0111111011"": 1, ""1000000000"": 1, ""1000000111"": 1, ""1000001001"": 1, ""1000001010"": 1, ""1000001101"": 1, ""1000100001"": 1, ""1000100111"": 1, ""1000101101"": 1, ""1000101111"": 1, ""1000110000"": 1, ""1000110101"": 1, ""1001001000"": 1, ""1001100110"": 1, ""1100001001"": 1, ""1100010110"": 1, ""1110100011"": 1}"
ising,2,10,0.6803950000871886,1,42,100,1,2166,2223,288.4921875,295.58955739999874,3.1240998703626572,0111110000,4.454979881500604,3.6000566167915813,2.5524843911228907,-4.5902525499672215,4.6082889057627705,1.3308800111379466,4.4,"{""0100010011"": 1, ""0101111010"": 1, ""0110100001"": 1, ""0110101111"": 1, ""0111010010"": 2, ""0111010011"": 1, ""0111010100"": 2, ""0111100000"": 1, ""0111100001"": 1, ""0111100011"": 1, ""0111100101"": 1, ""0111100110"": 1, ""0111100111"": 1, ""0111101000"": 1, ""0111101001"": 2, ""0111101010"": 1, ""0111101011"": 4, ""0111101100"": 7, ""0111101101"": 8, ""0111101110"": 11, ""0111101111"": 13, ""0111110000"": 15, ""0111110001"": 5, ""0111110010"": 6, ""0111110100"": 1, ""0111111110"": 1, ""0111111111"": 1, ""1000000011"": 1, ""1000001011"": 2, ""1000001111"": 1, ""1000010011"": 1, ""1000010101"": 1, ""1000010110"": 1, ""1000011111"": 1, ""1000101110"": 1}"
ising,2,10,0.7348672461377993,1,42,100,1,2166,2223,288.0,295.18627129999913,3.1240998703626572,1000001011,-4.183201136095243,-3.7028427301879394,1.896408088836454,-4.275047867626276,4.258348461893362,7.3073010064579,4.4,"{""0011110101"": 1, ""0110010111"": 1, ""0111110110"": 2, ""0111111000"": 1, ""0111111110"": 1, ""1000000000"": 1, ""1000000001"": 1, ""1000000010"": 1, ""1000000100"": 1, ""1000000101"": 4, ""1000000110"": 3, ""1000000111"": 4, ""1000001000"": 4, ""1000001001"": 6, ""1000001010"": 17, ""1000001011"": 28, ""1000001100"": 7, ""1000001101"": 3, ""1000001110"": 2, ""1000001111"": 2, ""1000010000"": 1, ""1000010001"": 2, ""1000010011"": 1, ""1000010101"": 3, ""1000010110"": 2, ""1001110101"": 1}"
ising,2,10,0.7937005259840995,1,42,100,1,2166,2223,292.80078125,295.3091292000008,3.1240998703626572,1000110000,-3.5870813349729174,-2.50152538441926,2.3635082392921043,-3.927235599496211,3.9040432632787136,6.711181205335574,4.4,"{""0000100101"": 1, ""0100000111"": 1, ""0111000010"": 1, ""0111010100"": 1, ""0111010111"": 2, ""0111011010"": 2, ""0111011100"": 1, ""0111011110"": 1, ""0111100011"": 1, ""0111101100"": 1, ""0111111001"": 1, ""1000000100"": 1, ""1000000110"": 1, ""1000001001"": 1, ""1000010001"": 1, ""1000010100"": 1, ""1000010101"": 1, ""1000010111"": 2, ""1000011000"": 1, ""1000011001"": 1, ""1000011011"": 1, ""1000011100"": 2, ""1000011110"": 2, ""1000100000"": 1, ""1000100001"": 3, ""1000100011"": 2, ""1000100100"": 4, ""1000100101"": 2, ""1000100110"": 4, ""1000100111"": 2, ""1000101001"": 1, ""1000101010"": 2, ""1000101011"": 2, ""1000101100"": 3, ""1000101101"": 3, ""1000101111"": 2, ""1000110000"": 6, ""1000110010"": 1, ""1000110011"": 1, ""1000110100"": 1, ""1000110101"": 1, ""1000110110"": 1, ""1000111000"": 3, ""1000111011"": 1, ""1000111100"": 1, ""1001000001"": 1, ""1001000101"": 1, ""1001001000"": 1, ""1001001110"": 1, ""1001001111"": 1, ""1001010101"": 1, ""1001011010"": 2, ""1001100000"": 1, ""1001100100"": 1, ""1001101110"": 1, ""1001111010"": 1, ""1010000111"": 1, ""1010011011"": 2, ""1010011101"": 1, ""1010101111"": 1, ""1011000011"": 1, ""1011011000"": 1, ""1011011110"": 1, ""1011101010"": 1, ""1100000001"": 1, ""1110101110"": 1, ""1110110000"": 1, ""1111000110"": 1}"
ising,2,10,0.8572439828530722,1,42,100,1,2166,2223,292.453125,294.9461114000005,3.1240998703626572,1001001110,-2.9382492080319835,-1.8596504914465035,2.1770852490033725,-3.607497200604433,3.5788662704409053,6.062349078394641,4.4,"{""0000101000"": 1, ""0010110001"": 1, ""0010111011"": 1, ""0011000000"": 1, ""0011000010"": 1, ""0011001101"": 1, ""0011101101"": 1, ""0101100110"": 1, ""0110010001"": 2, ""0110111100"": 1, ""0110111111"": 1, ""0111001011"": 2, ""0111001100"": 1, ""0111010011"": 1, ""0111100010"": 1, ""0111110100"": 1, ""1000001000"": 1, ""1000010101"": 1, ""1000010110"": 1, ""1000010111"": 1, ""1000011001"": 1, ""1000011011"": 1, ""1000011101"": 1, ""1000011110"": 2, ""1000100000"": 1, ""1000100111"": 1, ""1000101001"": 2, ""1000101011"": 2, ""1000101111"": 1, ""1000110111"": 2, ""1000111000"": 1, ""1000111001"": 1, ""1000111010"": 1, ""1000111110"": 1, ""1000111111"": 1, ""1001000010"": 2, ""1001000110"": 1, ""1001001000"": 1, ""1001001001"": 1, ""1001001010"": 1, ""1001001101"": 1, ""1001001110"": 2, ""1001001111"": 1, ""1001010000"": 1, ""1001010001"": 1, ""1001010010"": 1, ""1001010100"": 1, ""1001010110"": 1, ""1001010111"": 2, ""1001011000"": 2, ""1001011101"": 1, ""1001011110"": 1, ""1001100000"": 1, ""1001100001"": 1, ""1001100011"": 1, ""1001100100"": 2, ""1001100101"": 1, ""1001100110"": 1, ""1001100111"": 1, ""1001101000"": 1, ""1001101100"": 1, ""1001110110"": 1, ""1001111000"": 1, ""1001111011"": 1, ""1001111100"": 2, ""1010000011"": 1, ""1010000110"": 1, ""1010001011"": 2, ""1010010000"": 1, ""1010010011"": 1, ""1010010100"": 1, ""1010011101"": 1, ""1010100111"": 1, ""1010101011"": 1, ""1010101100"": 1, ""1011000110"": 1, ""1011001011"": 1, ""1011001111"": 1, ""1011010001"": 1, ""1011101100"": 1, ""1100110001"": 1, ""1110001011"": 1, ""1110010101"": 1, ""1110101000"": 1, ""1111001110"": 1, ""1111101111"": 1, ""1111110000"": 1}"
ising,2,10,0.9258747122872896,1,42,100,1,2166,2223,297.89453125,294.02702300000055,3.1240998703626572,1010001011,-2.2267269551245574,-1.2267542460211511,1.9638581406934112,-3.346717596243754,3.2738187971176527,5.350826825487214,4.4,"{""0000000110"": 1, ""0000000111"": 1, ""0000011111"": 1, ""0000111011"": 1, ""0001001000"": 1, ""0010000100"": 1, ""0010010001"": 1, ""0010011100"": 1, ""0011000010"": 1, ""0011010111"": 1, ""0011111101"": 1, ""0100010000"": 1, ""0100010111"": 1, ""0100100010"": 1, ""0101000101"": 1, ""0101010001"": 1, ""0101100101"": 1, ""0101110111"": 1, ""0110100100"": 1, ""0110101111"": 1, ""0111000111"": 1, ""0111001110"": 1, ""0111100000"": 1, ""0111100001"": 1, ""0111101110"": 1, ""1000000111"": 1, ""1000001010"": 1, ""1000001011"": 1, ""1000001100"": 1, ""1000011100"": 1, ""1000100101"": 1, ""1000101010"": 1, ""1000111000"": 1, ""1000111011"": 1, ""1000111101"": 1, ""1001000010"": 1, ""1001000101"": 1, ""1001010001"": 1, ""1001010110"": 1, ""1001011000"": 1, ""1001011011"": 2, ""1001011110"": 1, ""1001011111"": 1, ""1001100000"": 1, ""1001100001"": 1, ""1001100011"": 1, ""1001100100"": 1, ""1001100110"": 1, ""1001110000"": 1, ""1001110100"": 2, ""1001110110"": 1, ""1001110111"": 1, ""1001111010"": 1, ""1001111100"": 1, ""1001111110"": 1, ""1010000010"": 1, ""1010000011"": 1, ""1010000101"": 1, ""1010001001"": 2, ""1010001011"": 3, ""1010001100"": 1, ""1010011101"": 1, ""1010011110"": 1, ""1010100001"": 2, ""1010100101"": 1, ""1010101001"": 1, ""1010101011"": 1, ""1010101110"": 1, ""1010110000"": 2, ""1010111010"": 1, ""1010111011"": 1, ""1010111100"": 1, ""1011000010"": 1, ""1011000110"": 1, ""1011010000"": 1, ""1011010011"": 1, ""1011100110"": 1, ""1011101010"": 1, ""1011101101"": 1, ""1011111110"": 1, ""1100010001"": 1, ""1100011110"": 1, ""1101100000"": 1, ""1110010000"": 1, ""1110010001"": 1, ""1110010101"": 1, ""1110110011"": 1, ""1110110110"": 1, ""1111001011"": 1, ""1111011111"": 1, ""1111101001"": 1, ""1111101110"": 1, ""1111110011"": 1}"
ising,2,10,1.0,1,42,100,1,2166,2223,289.5546875,295.0244254999998,3.1240998703626572,1011010011,-1.684310905098434,-1.2346704565533948,1.5202026006228717,-3.0802334220743677,3.129320807286708,4.808410775461091,4.4,"{""0000000100"": 1, ""0000000111"": 1, ""0000100011"": 1, ""0001000000"": 1, ""0001001100"": 1, ""0001011100"": 1, ""0001110100"": 1, ""0010111010"": 1, ""0011001101"": 1, ""0011010111"": 1, ""0100011001"": 1, ""0100100001"": 1, ""0100101010"": 1, ""0110000010"": 1, ""0110001011"": 1, ""0110100010"": 1, ""0111100010"": 1, ""0111101110"": 1, ""0111111110"": 1, ""1000001010"": 1, ""1000011000"": 1, ""1000011011"": 1, ""1000100001"": 1, ""1000100101"": 1, ""1000100110"": 1, ""1000101010"": 1, ""1000101100"": 1, ""1000110111"": 1, ""1000111010"": 1, ""1001000000"": 1, ""1001000101"": 1, ""1001011000"": 1, ""1001011110"": 1, ""1001011111"": 1, ""1001100011"": 1, ""1001100101"": 1, ""1001101001"": 1, ""1001111000"": 1, ""1001111010"": 1, ""1001111011"": 1, ""1010000011"": 2, ""1010001000"": 1, ""1010001011"": 1, ""1010001110"": 1, ""1010011100"": 1, ""1010100000"": 1, ""1010100110"": 1, ""1010110000"": 1, ""1010110001"": 1, ""1010111100"": 2, ""1011000001"": 1, ""1011000010"": 2, ""1011000011"": 1, ""1011000101"": 2, ""1011000111"": 1, ""1011001111"": 1, ""1011010011"": 2, ""1011010101"": 2, ""1011011101"": 1, ""1011011110"": 1, ""1011100110"": 1, ""1011101010"": 1, ""1011101101"": 1, ""1011101110"": 1, ""1011101111"": 1, ""1011110001"": 1, ""1011110100"": 1, ""1011111000"": 1, ""1011111010"": 1, ""1100000000"": 1, ""1100010010"": 1, ""1100010011"": 1, ""1100010110"": 1, ""1100011000"": 1, ""1100011100"": 1, ""1100011110"": 2, ""1100100110"": 1, ""1100101011"": 1, ""1100110101"": 1, ""1100111110"": 1, ""1101001011"": 1, ""1101001110"": 2, ""1101010110"": 1, ""1101100001"": 1, ""1101100011"": 1, ""1101110110"": 1, ""1110000110"": 1, ""1110010110"": 1, ""1110101100"": 1, ""1110101101"": 1, ""1110111001"": 1, ""1111011011"": 1}"
ising,2,10,1.0800597388923059,1,42,100,1,2166,2223,285.64453125,294.4982751000007,3.1240998703626572,1100010001,-1.3634630598123354,-0.810408356175957,1.4100688547310594,-2.8462291373582502,2.851910233440802,4.487562930174993,4.4,"{""0000000110"": 1, ""0000010111"": 1, ""0000101010"": 1, ""0000101011"": 1, ""0000111011"": 1, ""0001011001"": 1, ""0001110100"": 1, ""0010000100"": 1, ""0010111011"": 1, ""0010111111"": 1, ""0011001000"": 1, ""0011101100"": 2, ""0100001001"": 1, ""0101000000"": 1, ""0101010011"": 1, ""0111000011"": 1, ""0111000111"": 1, ""0111001001"": 1, ""0111001011"": 1, ""0111100010"": 1, ""0111101111"": 1, ""0111110110"": 1, ""1000001011"": 1, ""1000011000"": 1, ""1000100011"": 1, ""1001010000"": 1, ""1001011000"": 1, ""1001100000"": 1, ""1001101001"": 1, ""1001110111"": 1, ""1001111110"": 1, ""1010001010"": 1, ""1010001011"": 1, ""1010001110"": 1, ""1010010011"": 1, ""1010101000"": 1, ""1010101110"": 1, ""1011000000"": 2, ""1011000100"": 1, ""1011001010"": 1, ""1011010001"": 1, ""1011010011"": 2, ""1011010111"": 1, ""1011011001"": 1, ""1011011101"": 1, ""1011100010"": 1, ""1011100100"": 1, ""1011100101"": 1, ""1011100110"": 2, ""1011101100"": 1, ""1011101101"": 1, ""1011110000"": 2, ""1011110010"": 2, ""1011110101"": 1, ""1011110111"": 1, ""1011111011"": 1, ""1011111101"": 1, ""1100000011"": 2, ""1100000101"": 2, ""1100000110"": 1, ""1100001010"": 2, ""1100001101"": 1, ""1100001111"": 2, ""1100010001"": 2, ""1100010111"": 1, ""1100011000"": 1, ""1100011010"": 1, ""1100011011"": 1, ""1100011110"": 1, ""1100100000"": 1, ""1100100110"": 2, ""1100100111"": 1, ""1100110110"": 1, ""1100111001"": 1, ""1101000011"": 1, ""1101000110"": 1, ""1101011100"": 1, ""1101100001"": 1, ""1101110010"": 1, ""1110001000"": 1, ""1110011100"": 1, ""1110101101"": 1, ""1110110001"": 1, ""1111000110"": 1, ""1111001111"": 1, ""1111011111"": 1, ""1111100001"": 1, ""1111100010"": 1}"
ising,2,10,1.1665290395761159,1,42,100,1,2166,2223,289.921875,295.6666777999999,3.1240998703626572,1100010011,-0.828447354143125,-0.7696407419569654,1.092060487586509,-2.6405115668561825,2.6036916844498217,3.952547224505782,4.4,"{""0000000110"": 1, ""0000010111"": 1, ""0000011111"": 1, ""0001000000"": 2, ""0001001101"": 1, ""0001010000"": 1, ""0001110110"": 1, ""0010001100"": 1, ""0010111000"": 1, ""0011001100"": 1, ""0011010111"": 1, ""0011111001"": 1, ""0100100001"": 1, ""0110000000"": 1, ""0111000110"": 1, ""0111001001"": 1, ""0111101111"": 1, ""1000001010"": 1, ""1000011101"": 1, ""1000100110"": 1, ""1000101010"": 1, ""1000110101"": 1, ""1001001011"": 1, ""1001010011"": 1, ""1001011100"": 1, ""1001111000"": 1, ""1001111011"": 1, ""1010000111"": 1, ""1010001000"": 2, ""1010010101"": 1, ""1010100001"": 1, ""1010101011"": 1, ""1010101111"": 1, ""1010110001"": 1, ""1010111000"": 1, ""1010111010"": 1, ""1011000110"": 1, ""1011010011"": 1, ""1011100110"": 1, ""1011101011"": 1, ""1011101100"": 1, ""1011101110"": 1, ""1011111000"": 2, ""1011111100"": 1, ""1011111110"": 1, ""1100000011"": 1, ""1100001101"": 1, ""1100010001"": 1, ""1100010011"": 2, ""1100010110"": 1, ""1100011110"": 2, ""1100100000"": 1, ""1100101001"": 1, ""1100101010"": 1, ""1100110100"": 1, ""1100110111"": 1, ""1101000100"": 1, ""1101001100"": 1, ""1101001101"": 2, ""1101010101"": 1, ""1101011100"": 1, ""1101100010"": 1, ""1101100011"": 1, ""1101100100"": 1, ""1101100101"": 2, ""1101101110"": 1, ""1101110010"": 1, ""1101110111"": 1, ""1101111001"": 1, ""1110000001"": 1, ""1110000010"": 1, ""1110000110"": 1, ""1110001010"": 1, ""1110001011"": 1, ""1110001101"": 1, ""1110001110"": 1, ""1110010010"": 1, ""1110010011"": 1, ""1110010100"": 1, ""1110010111"": 2, ""1110011011"": 1, ""1110011101"": 1, ""1110100010"": 1, ""1110100011"": 1, ""1110101010"": 1, ""1111000010"": 1, ""1111010111"": 1, ""1111100000"": 1, ""1111100101"": 1, ""1111100110"": 1, ""1111101011"": 1, ""1111101110"": 1}"
ising,2,10,1.259921049894872,1,42,100,1,2166,2223,283.80859375,295.79915079999955,3.1240998703626572,1110010001,-0.47483332969579195,-0.5073167995324168,1.0109427525817087,-2.454523058119786,2.454523058119786,3.598933200058449,4.4,"{""0000000001"": 1, ""0000010001"": 1, ""0000010111"": 1, ""0000100001"": 1, ""0000110000"": 1, ""0000110110"": 1, ""0000111010"": 1, ""0000111111"": 1, ""0001001100"": 1, ""0001010101"": 1, ""0001011000"": 1, ""0001011011"": 1, ""0001011110"": 1, ""0001100001"": 1, ""0001100100"": 1, ""0001101011"": 1, ""0001110101"": 1, ""0111001000"": 1, ""0111001101"": 1, ""0111011100"": 1, ""0111100011"": 1, ""0111111000"": 1, ""1000001000"": 1, ""1000001011"": 1, ""1000001100"": 1, ""1000001110"": 1, ""1000011110"": 1, ""1000101010"": 1, ""1001000110"": 1, ""1001010010"": 1, ""1001010100"": 1, ""1001011001"": 1, ""1001111000"": 1, ""1010000011"": 1, ""1010001011"": 1, ""1010101011"": 1, ""1010111101"": 2, ""1011100011"": 1, ""1011100101"": 1, ""1011110011"": 1, ""1100000010"": 1, ""1100010111"": 2, ""1100011001"": 1, ""1100100000"": 1, ""1100101001"": 1, ""1100110100"": 1, ""1100110110"": 1, ""1100111010"": 1, ""1101001011"": 1, ""1101001110"": 1, ""1101100000"": 1, ""1101100110"": 1, ""1101110010"": 1, ""1101110011"": 1, ""1101110101"": 1, ""1101111001"": 1, ""1101111100"": 1, ""1101111110"": 1, ""1110000000"": 1, ""1110001010"": 2, ""1110001101"": 1, ""1110001111"": 1, ""1110010001"": 3, ""1110010101"": 1, ""1110010110"": 1, ""1110011011"": 1, ""1110011100"": 1, ""1110100001"": 1, ""1110100010"": 2, ""1110100100"": 1, ""1110100101"": 1, ""1110100110"": 1, ""1110101100"": 1, ""1110101110"": 2, ""1110110110"": 1, ""1110111011"": 1, ""1111000000"": 1, ""1111000011"": 1, ""1111001001"": 1, ""1111001111"": 1, ""1111010111"": 2, ""1111011000"": 1, ""1111100000"": 1, ""1111100011"": 1, ""1111101000"": 1, ""1111101010"": 1, ""1111101101"": 1, ""1111101111"": 1, ""1111110011"": 1, ""1111110101"": 1, ""1111110110"": 1, ""1111111111"": 1}"
ising,2,10,1.3607900001743771,1,42,100,1,2166,2223,288.78515625,293.41750890000003,3.1240998703626572,1111100000,-0.15556356873661017,-0.20985299968121268,0.47053249135053676,-2.13279907282367,2.1463263396703316,3.2796634390992674,4.4,"{""0000000010"": 1, ""0000000011"": 1, ""0000001010"": 1, ""0000001110"": 1, ""0000011110"": 1, ""0000100011"": 1, ""0000100100"": 1, ""0000100110"": 1, ""0000101010"": 1, ""0000101011"": 1, ""0000110000"": 1, ""0001011110"": 1, ""0011000011"": 1, ""0111011100"": 1, ""1000100111"": 1, ""1001000010"": 1, ""1001000111"": 1, ""1100010101"": 1, ""1100011011"": 1, ""1100100111"": 1, ""1101010001"": 1, ""1101110100"": 1, ""1110000011"": 2, ""1110010001"": 1, ""1110100001"": 1, ""1110100101"": 1, ""1110101001"": 1, ""1110101100"": 1, ""1110110000"": 1, ""1110110010"": 1, ""1110111001"": 1, ""1110111011"": 1, ""1110111111"": 1, ""1111000011"": 2, ""1111001001"": 1, ""1111001010"": 1, ""1111001100"": 1, ""1111001111"": 1, ""1111010010"": 2, ""1111010011"": 1, ""1111010100"": 1, ""1111010101"": 3, ""1111010111"": 4, ""1111011000"": 2, ""1111011001"": 1, ""1111011010"": 1, ""1111011011"": 1, ""1111011100"": 6, ""1111011101"": 2, ""1111011110"": 6, ""1111011111"": 3, ""1111100000"": 8, ""1111100001"": 1, ""1111100010"": 1, ""1111100011"": 3, ""1111100100"": 3, ""1111100110"": 1, ""1111101000"": 1, ""1111101001"": 2, ""1111101101"": 2, ""1111101110"": 1, ""1111101111"": 2, ""1111110011"": 1, ""1111111001"": 1}"
ising,2,10,1.4697344922755986,1,42,100,1,2166,2223,284.59375,294.18455039999935,3.1240998703626572,0000010111,0.08767188009780451,0.0897175573000866,0.2949007713428631,-2.0749011623147067,1.8995574021190975,3.0364279902648525,4.4,"{""0000000101"": 1, ""0000001000"": 1, ""0000001001"": 1, ""0000001010"": 2, ""0000001100"": 2, ""0000001101"": 1, ""0000001110"": 4, ""0000010001"": 7, ""0000010010"": 4, ""0000010011"": 7, ""0000010100"": 7, ""0000010101"": 9, ""0000010110"": 8, ""0000010111"": 12, ""0000011000"": 4, ""0000011001"": 1, ""0000011010"": 2, ""0000011011"": 2, ""0000011100"": 2, ""0000011110"": 1, ""0000100001"": 2, ""0000100100"": 1, ""0000100110"": 1, ""0000100111"": 1, ""0000101000"": 1, ""0000101001"": 1, ""0000101010"": 1, ""0000101011"": 2, ""0000111010"": 1, ""0000111011"": 1, ""0001100000"": 1, ""0010001101"": 1, ""0111000111"": 1, ""1000001111"": 1, ""1111100101"": 1, ""1111100110"": 1, ""1111101000"": 1, ""1111101110"": 1, ""1111111011"": 1, ""1111111100"": 1}"
ising,2,10,1.587401051968199,1,42,100,1,2166,2223,289.47265625,295.49548680000044,3.1240998703626572,0000111111,0.2957022867730907,0.2509410778733209,0.6921494291482345,-1.9558870210089399,1.8631176761389505,2.8283975835895667,4.4,"{""0000000111"": 1, ""0000001010"": 2, ""0000001111"": 1, ""0000011011"": 2, ""0000011100"": 1, ""0000100000"": 1, ""0000100001"": 1, ""0000100010"": 1, ""0000100110"": 1, ""0000100111"": 1, ""0000101001"": 1, ""0000101010"": 1, ""0000101111"": 1, ""0000110000"": 1, ""0000110100"": 2, ""0000111001"": 1, ""0000111100"": 2, ""0000111111"": 3, ""0001000110"": 1, ""0001001001"": 1, ""0001001100"": 1, ""0001001101"": 1, ""0001010000"": 1, ""0001010010"": 1, ""0001010101"": 1, ""0001010111"": 2, ""0001011000"": 1, ""0001011100"": 2, ""0001011110"": 1, ""0001100000"": 1, ""0001100001"": 1, ""0001100010"": 1, ""0001100110"": 1, ""0001101100"": 1, ""0001101110"": 2, ""0001110000"": 1, ""0001110101"": 1, ""0001110111"": 1, ""0001111000"": 2, ""0001111111"": 1, ""0010000011"": 1, ""0010001011"": 1, ""0010010110"": 1, ""0010011100"": 1, ""0010011110"": 1, ""0010100001"": 1, ""0010101000"": 1, ""0010101100"": 1, ""0010101101"": 1, ""0010110011"": 1, ""0011000000"": 1, ""0011000011"": 1, ""0011000111"": 1, ""0011001000"": 1, ""0011001101"": 2, ""0011100101"": 1, ""0011111110"": 1, ""0100010101"": 1, ""0100010111"": 1, ""0101111100"": 1, ""0110001010"": 1, ""0110010000"": 1, ""0110010101"": 1, ""0111000000"": 1, ""0111010100"": 1, ""0111100010"": 1, ""1000000110"": 1, ""1000001100"": 1, ""1000111001"": 1, ""1001001011"": 1, ""1010000111"": 1, ""1011100101"": 1, ""1100001010"": 1, ""1110010001"": 1, ""1110010010"": 1, ""1110100101"": 1, ""1110100110"": 1, ""1110101011"": 2, ""1110111100"": 1, ""1111000100"": 1, ""1111000110"": 1, ""1111001111"": 1, ""1111011111"": 1, ""1111100001"": 1, ""1111100011"": 2, ""1111101010"": 1, ""1111101101"": 1}"
ising,2,10,1.7144879657061445,1,42,100,1,2166,2223,287.00390625,295.21304450000025,3.1240998703626572,0011010011,0.5028307109969472,0.34031439365622573,0.7843610521417986,-1.7965908677613347,1.7965908677613347,2.62126915936571,4.4,"{""0000000100"": 1, ""0000000111"": 1, ""0000100001"": 1, ""0000100101"": 1, ""0000100110"": 1, ""0000101010"": 1, ""0000101100"": 1, ""0000110111"": 1, ""0000111010"": 1, ""0001000000"": 2, ""0001000101"": 1, ""0001001100"": 1, ""0001011000"": 1, ""0001011100"": 1, ""0001011110"": 1, ""0001011111"": 1, ""0001100101"": 1, ""0001101001"": 1, ""0001110100"": 1, ""0001111000"": 1, ""0001111010"": 1, ""0010000011"": 2, ""0010001000"": 1, ""0010001011"": 1, ""0010001110"": 1, ""0010011100"": 1, ""0010011110"": 1, ""0010100000"": 1, ""0010110000"": 1, ""0010110001"": 1, ""0010111011"": 1, ""0010111100"": 2, ""0011000001"": 1, ""0011000010"": 2, ""0011000011"": 1, ""0011000101"": 2, ""0011000111"": 1, ""0011001101"": 1, ""0011001111"": 1, ""0011010011"": 2, ""0011010101"": 1, ""0011010111"": 1, ""0011011100"": 1, ""0011011101"": 1, ""0011100110"": 1, ""0011101010"": 1, ""0011101111"": 1, ""0011110001"": 1, ""0011111000"": 1, ""0011111010"": 1, ""0011111110"": 1, ""0100000000"": 1, ""0100010010"": 1, ""0100010011"": 1, ""0100011000"": 1, ""0100011100"": 1, ""0100011110"": 1, ""0100100001"": 1, ""0100100110"": 1, ""0100110101"": 1, ""0101001110"": 1, ""0101010110"": 1, ""0101100011"": 1, ""0110000010"": 1, ""0110000110"": 1, ""0110001011"": 1, ""0110100010"": 1, ""0111100011"": 1, ""0111101110"": 1, ""0111110110"": 1, ""1000001010"": 1, ""1000011000"": 1, ""1000011011"": 1, ""1001100011"": 1, ""1001111011"": 1, ""1011010101"": 1, ""1011101101"": 1, ""1011110100"": 1, ""1100010110"": 1, ""1100011001"": 1, ""1100011110"": 1, ""1100101010"": 1, ""1100101011"": 1, ""1100111110"": 1, ""1101001011"": 1, ""1101001110"": 1, ""1101100001"": 1, ""1101110110"": 1, ""1110010110"": 1, ""1110101100"": 1, ""1110101101"": 1, ""1110111001"": 1, ""1111011011"": 1, ""1111100010"": 1}"
ising,2,10,1.8517494245745791,1,42,100,1,2166,2223,292.140625,294.01953519999915,3.1240998703626572,0100011110,0.7339583639287045,0.3449438631375988,0.9532354143434774,-1.673358798121877,1.6634180527864997,2.390141506433953,4.4,"{""0000001010"": 1, ""0000011000"": 1, ""0000100001"": 1, ""0000100011"": 1, ""0000110111"": 1, ""0001000000"": 1, ""0001000101"": 1, ""0001011100"": 1, ""0001101001"": 1, ""0001101010"": 1, ""0001110110"": 1, ""0010000011"": 1, ""0010001000"": 1, ""0010101001"": 1, ""0010110000"": 1, ""0010111010"": 1, ""0010111101"": 1, ""0011000001"": 1, ""0011000010"": 1, ""0011001100"": 1, ""0011010111"": 1, ""0011011101"": 1, ""0011011110"": 1, ""0011100011"": 1, ""0011100110"": 1, ""0011101101"": 1, ""0011110001"": 1, ""0011110101"": 1, ""0011111000"": 1, ""0011111110"": 1, ""0100000000"": 1, ""0100000010"": 1, ""0100000011"": 1, ""0100000100"": 1, ""0100010010"": 1, ""0100010011"": 1, ""0100010101"": 1, ""0100010110"": 1, ""0100011001"": 1, ""0100011011"": 1, ""0100011100"": 1, ""0100011110"": 3, ""0100100000"": 1, ""0100100001"": 2, ""0100100110"": 1, ""0100101010"": 2, ""0100110110"": 1, ""0100111011"": 1, ""0100111111"": 1, ""0101000101"": 1, ""0101010010"": 1, ""0101011000"": 1, ""0101011111"": 1, ""0110000011"": 1, ""0110000101"": 1, ""0110000110"": 1, ""0110001110"": 1, ""0110010100"": 1, ""0110100010"": 1, ""0110101101"": 1, ""0110101110"": 1, ""0110101111"": 1, ""0110111001"": 1, ""0111001011"": 1, ""0111001100"": 1, ""0111001101"": 1, ""0111011100"": 1, ""0111110110"": 1, ""1000000111"": 1, ""1000011000"": 1, ""1000011100"": 1, ""1000100110"": 1, ""1001000000"": 1, ""1001010011"": 1, ""1001010100"": 1, ""1001011000"": 1, ""1001011110"": 1, ""1001100011"": 1, ""1001111011"": 1, ""1010010011"": 1, ""1010011000"": 1, ""1010011011"": 1, ""1010111100"": 1, ""1011000111"": 1, ""1011010101"": 1, ""1011100110"": 1, ""1011110001"": 1, ""1011111010"": 1, ""1100100001"": 1, ""1100101011"": 1, ""1101001011"": 1, ""1110010111"": 1, ""1111001111"": 1, ""1111011011"": 1, ""1111100000"": 1, ""1111101010"": 1}"
ising,2,10,2.0,1,42,100,1,2166,2223,292.7265625,291.12834160000057,3.1240998703626572,1000001010,1.239456476611598,0.5587064825637083,1.1228686782402706,-1.5462526341887264,1.521708941582556,1.8846433937510592,4.4,"{""0000101011"": 1, ""0000110001"": 1, ""0000110111"": 1, ""0001100000"": 1, ""0001100100"": 1, ""0010000011"": 1, ""0010100111"": 1, ""0010101111"": 1, ""0100010011"": 1, ""0100010101"": 1, ""0100010111"": 1, ""0100110111"": 1, ""0101001001"": 1, ""0101010010"": 1, ""0101100011"": 1, ""0101100100"": 1, ""0101100110"": 1, ""0101111011"": 1, ""0110001001"": 1, ""0110001011"": 1, ""0110010001"": 2, ""0110010100"": 3, ""0110011011"": 1, ""0110011111"": 1, ""0110100000"": 1, ""0110100101"": 1, ""0110101000"": 1, ""0110101001"": 1, ""0110101011"": 1, ""0110101100"": 1, ""0110101110"": 1, ""0110110000"": 1, ""0110110001"": 1, ""0110110110"": 1, ""0110110111"": 1, ""0110111000"": 2, ""0110111001"": 1, ""0110111011"": 2, ""0110111100"": 2, ""0110111110"": 3, ""0110111111"": 1, ""0111000000"": 1, ""0111000010"": 1, ""0111000011"": 1, ""0111000110"": 1, ""0111001000"": 1, ""0111001001"": 1, ""0111001011"": 3, ""0111001100"": 1, ""0111001101"": 1, ""0111001110"": 2, ""0111010011"": 1, ""0111010110"": 2, ""0111011000"": 1, ""0111100010"": 1, ""0111101000"": 1, ""0111101100"": 1, ""0111101101"": 2, ""0111101111"": 1, ""0111110000"": 1, ""1000001000"": 1, ""1000001010"": 3, ""1000010101"": 1, ""1000010110"": 1, ""1000011101"": 1, ""1000011110"": 1, ""1000100000"": 1, ""1000100001"": 1, ""1000110010"": 1, ""1000111000"": 1, ""1001000010"": 1, ""1001001100"": 1, ""1001010111"": 1, ""1001011000"": 1, ""1001011001"": 1, ""1001100110"": 1, ""1010001011"": 1, ""1011000110"": 1, ""1011001111"": 1, ""1011010001"": 1, ""1100010111"": 1, ""1101001111"": 1, ""1101111000"": 1, ""1110100111"": 1, ""1111110100"": 1}"
ising,2,12,0.0010547458387620175,1,42,100,1,8612,8692,475.9296875,1039.7338852000012,3.1240998703626572,000000000010,2.908721194266316,2.908721194266316,0.29233747942835836,1.454360597133158,4.363081791399473,0.21537867609634143,4.4,"{""000000000001"": 2, ""000000000010"": 96, ""000000000011"": 2}"
ising,2,12,0.0009765625,1,42,100,1,8612,8692,475.33203125,1043.1912376,3.1240998703626572,000000000010,3.141592653589793,3.141592653589793,0.0,3.141592653589793,3.141592653589793,0.017492783227135877,4.4,"{""000000000010"": 100}"
ising,2,12,0.0011391885152110507,1,42,100,1,8612,8692,471.87890625,1044.0169494000002,3.1240998703626572,000000000010,2.6931113988652697,2.4641969299617217,2.8839468879653767,-24.238002589787428,5.3862227977305395,0.4309884714973875,4.4,"{""000000000000"": 3, ""000000000001"": 5, ""000000000010"": 75, ""000000000011"": 12, ""000000000100"": 3, ""111111101110"": 1, ""111111111110"": 1}"
ising,2,12,0.0012303916502879625,1,42,100,1,8612,8692,472.7421875,1044.1714869000007,3.1240998703626572,000000000011,2.4934837415820015,2.792701790571842,4.282772288658995,-22.441353674238012,22.441353674238012,0.6306161287806558,4.4,"{""000000000000"": 5, ""000000000001"": 6, ""000000000010"": 36, ""000000000011"": 37, ""000000000100"": 5, ""000000000101"": 2, ""000000000110"": 2, ""000000001101"": 1, ""000000010010"": 1, ""111111101110"": 1, ""111111110100"": 1, ""111111111100"": 1, ""111111111110"": 2}"
ising,2,12,0.0013288964845452902,1,42,100,1,8612,8692,472.3125,1045.546452399998,3.1240998703626572,000000000011,3.462980312745409,3.0358794075068087,2.7729822106079838,-19.62355510555732,11.543267709151364,0.33888044238275183,4.4,"{""000000000000"": 3, ""000000000001"": 3, ""000000000010"": 11, ""000000000011"": 69, ""000000000100"": 8, ""000000000101"": 1, ""000000000110"": 1, ""000000001010"": 1, ""111111101111"": 1, ""111111111100"": 1, ""111111111111"": 1}"
ising,2,12,0.0014352875901128893,1,42,100,1,8612,8692,472.19921875,1041.7741602000006,3.1240998703626572,000000000011,3.2062859007197075,3.1421601827053136,0.7567967871313013,-4.275047867626276,4.275047867626276,0.0821860303570503,4.4,"{""000000000011"": 98, ""000000000100"": 1, ""111111111100"": 1}"
ising,2,12,0.0015501963398126943,1,42,100,1,8612,8692,471.55078125,1043.4358698999986,3.1240998703626572,000000000011,2.9686190358396556,2.879560464764466,0.7842885855144119,-3.9581587144528743,3.9581587144528743,0.15548083452300165,4.4,"{""000000000001"": 2, ""000000000010"": 2, ""000000000011"": 91, ""000000000100"": 4, ""111111111100"": 1}"
ising,2,12,0.0016743046540099089,1,42,100,1,8612,8692,475.90625,1047.5716444999998,3.1240998703626572,000000000011,2.748569295698612,2.803540681612584,4.379046702469361,-31.150452017917605,18.323795304657413,0.37553057466404516,4.4,"{""000000000000"": 1, ""000000000001"": 1, ""000000000010"": 4, ""000000000011"": 54, ""000000000100"": 26, ""000000000101"": 5, ""000000000110"": 3, ""000000001010"": 2, ""000000010100"": 1, ""111111011110"": 1, ""111111101111"": 1, ""111111111111"": 1}"
ising,2,12,0.0018083490474361146,1,42,100,1,8612,8692,471.2265625,1047.3653988999977,3.1240998703626572,000000000100,3.3931077411421784,3.1895212766736476,3.071832665901968,-25.448308058566337,10.179323223426534,0.26900787077952115,4.4,"{""000000000010"": 2, ""000000000011"": 12, ""000000000100"": 76, ""000000000101"": 4, ""000000000110"": 2, ""000000001000"": 1, ""000000001010"": 1, ""000000001100"": 1, ""111111100010"": 1}"
ising,2,12,0.001953125,1,42,100,1,8612,8692,472.796875,1041.199794,3.1240998703626572,000000000100,3.141592653589793,2.8038714433288905,3.148041769065847,-28.274333882308138,3.141592653589793,0.017492783227135877,4.4,"{""000000000001"": 1, ""000000000100"": 98, ""111111011100"": 1}"
ising,2,12,0.002109491677524035,1,42,100,1,8612,8692,474.8046875,1041.6662667000019,3.1240998703626572,000000000100,2.908721194266316,2.821459558438326,3.2211557739531673,-24.724130151263687,14.543605971331578,0.21537867609634143,4.4,"{""000000000001"": 1, ""000000000011"": 5, ""000000000100"": 77, ""000000000101"": 8, ""000000000110"": 3, ""000000000111"": 1, ""000000001000"": 1, ""000000001100"": 1, ""000000010100"": 1, ""111111011110"": 1, ""111111111001"": 1}"
ising,2,12,0.0022783770304221013,1,42,100,1,8612,8692,476.15625,1038.6585558000006,3.1240998703626572,000000000101,3.366389248581587,3.3192597991014448,2.757385434503899,-19.525057641773206,13.465556994326349,0.24228937821892993,4.4,"{""000000000001"": 1, ""000000000011"": 3, ""000000000100"": 20, ""000000000101"": 61, ""000000000110"": 6, ""000000000111"": 2, ""000000001001"": 1, ""000000001011"": 2, ""000000001100"": 1, ""000000001110"": 1, ""000000010100"": 1, ""111111100011"": 1}"
ising,2,12,0.002460783300575925,1,42,100,1,8612,8692,470.85546875,1039.7680005999973,3.1240998703626572,000000000101,3.116854676977502,2.8176366279876617,2.7215122857530347,-23.064724609633515,6.857080289350503,0.007245193385155169,4.4,"{""000000000011"": 1, ""000000000100"": 2, ""000000000101"": 93, ""000000000111"": 1, ""000000001011"": 1, ""111111011011"": 1, ""111111111011"": 1}"
ising,2,12,0.0026577929690905803,1,42,100,1,8612,8692,472.265625,1042.3995682000022,3.1240998703626572,000000000101,2.885816927287841,3.203256789289503,1.597829837917062,-2.885816927287841,12.697594480066499,0.23828294307481634,4.4,"{""000000000000"": 1, ""000000000001"": 1, ""000000000010"": 2, ""000000000011"": 3, ""000000000100"": 5, ""000000000101"": 51, ""000000000110"": 22, ""000000000111"": 5, ""000000001000"": 4, ""000000001001"": 1, ""000000001100"": 1, ""000000001110"": 1, ""000000001111"": 1, ""000000010110"": 1, ""111111111011"": 1}"
ising,2,12,0.0028705751802257785,1,42,100,1,8612,8692,472.46484375,1045.0237426999993,3.1240998703626572,000000000110,3.2062859007197075,3.158191612208912,0.5156740831240634,0.0,5.343809834532846,0.0821860303570503,4.4,"{""000000000000"": 1, ""000000000001"": 1, ""000000000011"": 1, ""000000000101"": 2, ""000000000110"": 92, ""000000000111"": 1, ""000000001000"": 1, ""000000001010"": 1}"
ising,2,12,0.0033486093080198178,1,42,100,1,8612,8692,471.97265625,1040.9717283999998,3.1240998703626572,000000000111,3.206664178315047,3.192921331836554,0.8722292015762918,-3.206664178315047,6.413328356630094,0.08256430795238989,4.4,"{""000000000001"": 1, ""000000000101"": 2, ""000000000110"": 6, ""000000000111"": 79, ""000000001000"": 6, ""000000001001"": 2, ""000000001100"": 2, ""000000001110"": 1, ""111111111001"": 1}"
ising,2,12,0.0031003926796253885,1,42,100,1,8612,8692,471.109375,1042.8437742000024,3.1240998703626572,000000000110,2.9686190358396556,3.057677606914845,1.106070757996378,-2.4738491965330462,10.884936464745403,0.15548083452300165,4.4,"{""000000000000"": 1, ""000000000011"": 1, ""000000000101"": 6, ""000000000110"": 74, ""000000000111"": 9, ""000000001000"": 5, ""000000001010"": 1, ""000000001011"": 1, ""000000010110"": 1, ""111111111011"": 1}"
ising,2,12,0.0036166980948722292,1,42,100,1,8612,8692,467.01953125,1042.6402616999985,3.1240998703626572,000000000111,2.968969273499406,3.5415562048171485,4.8247780951504735,0.8482769352855446,50.89661611713267,0.15513059686325104,4.4,"{""000000000010"": 2, ""000000000011"": 1, ""000000000101"": 4, ""000000000110"": 5, ""000000000111"": 57, ""000000001000"": 22, ""000000001001"": 4, ""000000001010"": 1, ""000000001011"": 1, ""000000001100"": 1, ""000000001110"": 1, ""000001111000"": 1}"
ising,2,12,0.00390625,1,42,100,1,8612,8692,469.21875,1045.1117372000008,3.1240998703626572,000000001000,3.141592653589793,3.5421457169224917,4.443226519039937,-1.5707963267948966,47.12388980384689,0.017492783227135877,4.4,"{""000000000010"": 1, ""000000000110"": 2, ""000000000111"": 2, ""000000001000"": 87, ""000000001001"": 3, ""000000001011"": 1, ""000000001100"": 2, ""000001111000"": 1, ""111111111100"": 1}"
ising,2,12,0.00421898335504807,1,42,100,1,8612,8692,468.625,1046.7651761999987,3.1240998703626572,000000001001,3.2723113435496054,2.937808406208979,1.7824796865150794,-9.089753732082237,8.726163582798947,0.14821147318694816,4.4,"{""000000000010"": 1, ""000000000011"": 1, ""000000000110"": 3, ""000000000111"": 7, ""000000001000"": 27, ""000000001001"": 45, ""000000001010"": 5, ""000000001011"": 2, ""000000001100"": 2, ""000000001101"": 1, ""000000001110"": 1, ""000000001111"": 1, ""000000011000"": 1, ""111111100111"": 1, ""111111110011"": 1, ""111111110111"": 1}"
ising,2,12,0.004556754060844206,1,42,100,1,8612,8692,485.79296875,1041.5106785999997,3.1240998703626572,000000001001,3.0297503237234262,2.8109350225656233,2.2439406895493996,-13.802195919184497,8.415973121453963,0.09434954663923101,4.4,"{""000000000011"": 1, ""000000000110"": 1, ""000000000111"": 5, ""000000001000"": 8, ""000000001001"": 56, ""000000001010"": 13, ""000000001011"": 6, ""000000001100"": 3, ""000000001101"": 2, ""000000001111"": 1, ""000000011001"": 1, ""111111010111"": 1, ""111111100111"": 1, ""111111110111"": 1}"
ising,2,12,0.0049215666011518475,1,42,100,1,8612,8692,477.32421875,1039.9304043999982,3.1240998703626572,000000001010,3.1168546769775034,3.132438950362391,0.5135387184610505,1.8701128061865022,6.857080289350507,0.007245193385153836,4.4,"{""000000000110"": 3, ""000000001000"": 4, ""000000001001"": 5, ""000000001010"": 79, ""000000001011"": 4, ""000000001100"": 1, ""000000001110"": 3, ""000000010110"": 1}"
ising,2,12,0.005741150360451557,1,42,100,1,8612,8692,477.84765625,1041.6011829000017,3.1240998703626572,000000001100,3.2062859007197075,3.3265216219966964,3.195782369193729,-7.481333768345984,30.99409704029051,0.0821860303570503,4.4,"{""000000000100"": 1, ""000000000101"": 1, ""000000000111"": 1, ""000000001000"": 1, ""000000001001"": 1, ""000000001010"": 5, ""000000001011"": 13, ""000000001100"": 58, ""000000001101"": 4, ""000000001110"": 5, ""000000010000"": 1, ""000000010010"": 1, ""000000010011"": 1, ""000000010100"": 2, ""000000010101"": 2, ""000001110100"": 1, ""111111100100"": 1, ""111111101010"": 1}"
ising,2,12,0.005315585938181161,1,42,100,1,8612,8692,482.7734375,1046.1945425000013,3.1240998703626572,000000001011,3.1743986200166248,3.5957278914006494,3.8060837911009013,-8.657450781863522,34.05263974199652,0.05029874965396752,4.4,"{""000000000101"": 2, ""000000000110"": 1, ""000000001000"": 1, ""000000001001"": 1, ""000000001010"": 8, ""000000001011"": 66, ""000000001100"": 8, ""000000001101"": 4, ""000000001110"": 1, ""000000001111"": 1, ""000000010101"": 2, ""000000110101"": 1, ""000000110110"": 1, ""000001110110"": 1, ""111111100010"": 1, ""111111111001"": 1}"
ising,2,12,0.006200785359250777,1,42,100,1,8612,8692,481.96875,1046.7592172999975,3.1240998703626572,000000001101,3.2160039554929605,2.61485860073543,12.424410004344827,-114.04444796017343,28.69665067978334,0.09190408513030324,4.4,"{""000000000011"": 1, ""000000000100"": 1, ""000000001011"": 6, ""000000001100"": 20, ""000000001101"": 40, ""000000001110"": 11, ""000000001111"": 6, ""000000010000"": 3, ""000000010001"": 1, ""000000010011"": 1, ""000000010100"": 1, ""000000010111"": 1, ""000000011110"": 1, ""000000100011"": 1, ""000000110100"": 1, ""000001110011"": 1, ""000001110100"": 1, ""111000110011"": 1, ""111111101011"": 1, ""111111110011"": 1}"
ising,2,12,0.006697218616039631,1,42,100,1,8612,8692,492.30078125,1047.4540720999976,3.1240998703626572,000000001110,3.2066641783150494,2.6409169982837515,12.178214627059841,-105.5908704430884,55.65852823789693,0.08256430795239211,4.4,"{""000000001000"": 1, ""000000001001"": 2, ""000000001010"": 1, ""000000001011"": 3, ""000000001100"": 5, ""000000001101"": 15, ""000000001110"": 54, ""000000001111"": 3, ""000000010000"": 4, ""000000010001"": 1, ""000000010010"": 4, ""000000010011"": 3, ""000000110010"": 1, ""000011110011"": 1, ""111000110011"": 1, ""111111110010"": 1}"
ising,2,12,0.0072333961897444584,1,42,100,1,8612,8692,485.27734375,1041.444321400002,3.1240998703626572,000000001111,3.181038507320792,3.0665211210572436,1.334935761636413,-3.181038507320792,6.998284716105743,0.056938636958134836,4.4,"{""000000000011"": 1, ""000000001001"": 2, ""000000001010"": 2, ""000000001011"": 1, ""000000001100"": 4, ""000000001101"": 5, ""000000001110"": 14, ""000000001111"": 41, ""000000010000"": 10, ""000000010001"": 7, ""000000010010"": 2, ""000000010011"": 3, ""000000011001"": 1, ""000000011010"": 1, ""000000011011"": 1, ""000000011110"": 1, ""000000100001"": 1, ""111111110001"": 1, ""111111110010"": 2}"
ising,2,12,0.0078125,1,42,100,1,8612,8692,480.5078125,1047.9509020000005,3.1240998703626572,000000010000,3.141592653589793,2.992367002544278,1.1638367465832502,-3.141592653589793,9.42477796076938,0.017492783227135877,4.4,"{""000000000000"": 1, ""000000001000"": 1, ""000000001011"": 1, ""000000001100"": 5, ""000000001110"": 8, ""000000001111"": 10, ""000000010000"": 57, ""000000010001"": 9, ""000000010010"": 1, ""000000010011"": 3, ""000000011001"": 1, ""000000110000"": 1, ""111111110000"": 1, ""111111110010"": 1}"
ising,2,12,0.00843796671009614,1,42,100,1,8612,8692,474.8515625,1044.4021914000004,3.1240998703626572,000000010001,3.090516268907961,3.0541572539796316,2.826296465886667,-5.999237463174277,20.179253285222565,0.03358360145469641,4.4,"{""000000000111"": 1, ""000000001010"": 1, ""000000001011"": 1, ""000000001100"": 2, ""000000001101"": 2, ""000000001110"": 3, ""000000001111"": 7, ""000000010000"": 12, ""000000010001"": 35, ""000000010010"": 15, ""000000010011"": 8, ""000000010100"": 2, ""000000010110"": 1, ""000000010111"": 1, ""000000011000"": 1, ""000000011011"": 1, ""000001100110"": 1, ""000001101111"": 1, ""111111011111"": 1, ""111111101110"": 2, ""111111101111"": 2}"
ising,2,12,0.009113508121688405,1,42,100,1,8612,8692,479.109375,1049.5357334,3.1240998703626572,000000010011,3.113910054937968,2.7840039085769726,2.927957294563899,-15.317071081046223,17.000265705337014,0.010189815424689108,4.4,"{""000000000010"": 1, ""000000001011"": 1, ""000000001100"": 2, ""000000001101"": 1, ""000000001110"": 4, ""000000001111"": 2, ""000000010000"": 3, ""000000010001"": 9, ""000000010010"": 20, ""000000010011"": 23, ""000000010100"": 8, ""000000010101"": 4, ""000000010110"": 6, ""000000010111"": 1, ""000000011001"": 2, ""000000011010"": 1, ""000000100000"": 1, ""000000100001"": 1, ""000000101010"": 1, ""000000101110"": 1, ""000001100101"": 1, ""111110100101"": 1, ""111111011111"": 1, ""111111101101"": 1, ""111111101110"": 1, ""111111101111"": 2, ""111111110010"": 1}"
ising,2,12,0.009843133202303695,1,42,100,1,8612,8692,484.28125,1047.3912729000003,3.1240998703626572,000000010100,3.1168546769775034,3.1215299589929697,0.8657015017752923,-3.1168546769775034,6.857080289350507,0.007245193385153836,4.4,"{""000000001010"": 1, ""000000001011"": 1, ""000000001100"": 2, ""000000001110"": 1, ""000000001111"": 1, ""000000010000"": 2, ""000000010001"": 1, ""000000010010"": 3, ""000000010011"": 11, ""000000010100"": 45, ""000000010101"": 10, ""000000010110"": 5, ""000000010111"": 4, ""000000011000"": 6, ""000000011001"": 1, ""000000011011"": 1, ""000000011100"": 2, ""000000011101"": 1, ""000000101100"": 1, ""111111101100"": 1}"
ising,2,12,0.010631171876362321,1,42,100,1,8612,8692,482.44921875,1049.3903371000015,3.1240998703626572,000000010110,3.1743986200166248,2.6563944815684577,4.495601690473441,-40.690018674758555,6.637378932762034,0.05029874965396752,4.4,"{""000000001001"": 1, ""000000001010"": 3, ""000000001011"": 1, ""000000001100"": 2, ""000000001110"": 2, ""000000010010"": 3, ""000000010011"": 5, ""000000010100"": 8, ""000000010101"": 18, ""000000010110"": 31, ""000000010111"": 6, ""000000011000"": 7, ""000000011010"": 4, ""000000011011"": 1, ""000000011101"": 1, ""000000100000"": 1, ""000000101000"": 1, ""000000101010"": 1, ""000000101101"": 1, ""000000101110"": 1, ""111011100110"": 1, ""111111101101"": 1}"
ising,2,12,0.011482300720903114,1,42,100,1,8612,8692,481.59765625,1042.449966600001,3.1240998703626572,000000011000,3.072690654856386,2.9577987434139303,4.662339713992495,-37.2730735958666,18.56973917500164,0.05140921550627109,4.4,"{""000000000011"": 1, ""000000001000"": 1, ""000000001001"": 1, ""000000001110"": 2, ""000000001111"": 1, ""000000010000"": 1, ""000000010001"": 2, ""000000010010"": 2, ""000000010011"": 1, ""000000010100"": 1, ""000000010101"": 4, ""000000010110"": 13, ""000000010111"": 18, ""000000011000"": 21, ""000000011001"": 7, ""000000011010"": 4, ""000000011011"": 2, ""000000011100"": 2, ""000000011101"": 1, ""000000011111"": 1, ""000000100000"": 1, ""000000100001"": 2, ""000000100010"": 1, ""000000100011"": 1, ""000000101000"": 1, ""000000101010"": 1, ""000000101101"": 1, ""000001001000"": 1, ""000001101000"": 1, ""000010001011"": 1, ""111011101001"": 1, ""111111101000"": 1, ""111111101111"": 1}"
ising,2,12,0.012401570718501554,1,42,100,1,8612,8692,483.5859375,1037.6712197000015,3.1240998703626572,000000011001,3.092311495666308,3.258059391834022,2.342431839093653,-3.5870813349729174,17.19325191590467,0.03178837469634921,4.4,"{""000000000011"": 1, ""000000000111"": 1, ""000000001000"": 1, ""000000001001"": 1, ""000000001010"": 1, ""000000010000"": 3, ""000000010011"": 1, ""000000010101"": 1, ""000000010110"": 4, ""000000010111"": 11, ""000000011000"": 7, ""000000011001"": 20, ""000000011010"": 15, ""000000011011"": 5, ""000000011100"": 2, ""000000011101"": 1, ""000000011110"": 4, ""000000011111"": 2, ""000000100000"": 2, ""000000100001"": 4, ""000000100011"": 1, ""000000100110"": 1, ""000000101001"": 1, ""000000101110"": 1, ""000000101111"": 1, ""000001001000"": 2, ""000001100110"": 1, ""000010001011"": 1, ""111111100011"": 1, ""111111100111"": 1, ""111111101111"": 1, ""111111110111"": 1}"
ising,2,12,0.013394437232079262,1,42,100,1,8612,8692,484.09765625,1037.4872286999998,3.1240998703626572,000000011011,3.0921404576609404,2.998231006724571,4.776175218590726,-32.410212945112825,28.630930163527225,0.03195941270171687,4.4,"{""000000000011"": 1, ""000000001010"": 1, ""000000001100"": 1, ""000000010001"": 1, ""000000010010"": 1, ""000000010011"": 3, ""000000010100"": 2, ""000000010101"": 2, ""000000010110"": 1, ""000000010111"": 1, ""000000011000"": 2, ""000000011001"": 5, ""000000011010"": 7, ""000000011011"": 18, ""000000011100"": 13, ""000000011101"": 7, ""000000011110"": 7, ""000000011111"": 1, ""000000100000"": 2, ""000000100001"": 1, ""000000100010"": 2, ""000000100011"": 2, ""000000100100"": 4, ""000000100101"": 4, ""000000100110"": 1, ""000000101110"": 1, ""000000101111"": 1, ""000001100100"": 1, ""000001100110"": 1, ""000011111010"": 1, ""111011100101"": 1, ""111111010001"": 1, ""111111100111"": 1, ""111111101111"": 1, ""111111110011"": 1}"
ising,2,12,0.014466792379488917,1,42,100,1,8612,8692,483.75390625,1042.9673393000012,3.1240998703626572,000000011101,3.181038507320792,3.1290815450345524,2.3956654325938644,-3.181038507320792,24.069858038727325,0.056938636958134836,4.4,"{""000000000010"": 1, ""000000000011"": 2, ""000000001010"": 1, ""000000010010"": 1, ""000000010011"": 1, ""000000010100"": 1, ""000000010101"": 1, ""000000010111"": 2, ""000000011000"": 2, ""000000011001"": 2, ""000000011010"": 1, ""000000011011"": 6, ""000000011100"": 9, ""000000011101"": 16, ""000000011110"": 14, ""000000011111"": 9, ""000000100000"": 3, ""000000100001"": 5, ""000000100010"": 8, ""000000100011"": 3, ""000000100100"": 4, ""000000100101"": 1, ""000000100110"": 2, ""000000101010"": 1, ""000011100011"": 1, ""111111100010"": 1, ""111111100111"": 1, ""111111111111"": 1}"
ising,2,12,0.01687593342019228,1,42,100,1,8612,8692,482.890625,1040.3929508,3.1240998703626572,000000100010,3.090516268907961,3.1677791756306597,3.062721678813067,-15.543478881860624,20.542843434505855,0.03358360145469641,4.4,"{""000000000101"": 1, ""000000001010"": 1, ""000000001110"": 1, ""000000010110"": 1, ""000000011001"": 1, ""000000011010"": 1, ""000000011011"": 3, ""000000011100"": 3, ""000000011101"": 1, ""000000011110"": 6, ""000000011111"": 3, ""000000100000"": 6, ""000000100001"": 6, ""000000100010"": 18, ""000000100011"": 12, ""000000100100"": 10, ""000000100101"": 2, ""000000100110"": 6, ""000000100111"": 2, ""000000101000"": 1, ""000000101011"": 1, ""000000101110"": 3, ""000000110000"": 1, ""000000110010"": 1, ""000000110100"": 1, ""000000110110"": 1, ""000001010111"": 1, ""000001101110"": 1, ""000010001110"": 1, ""000011100010"": 1, ""111101010101"": 1, ""111111011110"": 1, ""111111100001"": 1}"
ising,2,12,0.015625,1,42,100,1,8612,8692,482.15625,1044.280849900002,3.1240998703626572,000000100000,3.141592653589793,1.1672980203494574,16.382506238241458,-152.7599427808037,22.187498115977913,0.017492783227135877,4.4,"{""000000000000"": 1, ""000000000001"": 1, ""000000001010"": 1, ""000000010001"": 1, ""000000010110"": 1, ""000000010111"": 1, ""000000011000"": 2, ""000000011001"": 3, ""000000011011"": 2, ""000000011100"": 3, ""000000011101"": 3, ""000000011110"": 9, ""000000011111"": 11, ""000000100000"": 25, ""000000100001"": 8, ""000000100010"": 4, ""000000100011"": 5, ""000000100100"": 3, ""000000100110"": 3, ""000000100111"": 1, ""000000101000"": 2, ""000000101001"": 1, ""000000101011"": 1, ""000000101100"": 2, ""000001100100"": 1, ""000011100010"": 1, ""100111101100"": 1, ""111001001010"": 1, ""111111100000"": 1, ""111111100001"": 1}"
ising,2,12,0.018227016243376824,1,42,100,1,8612,8692,476.484375,1042.921888099998,3.1240998703626572,000000100110,3.113910054937966,3.853674092313769,8.41523601144744,-36.525323347110195,61.52076351782846,0.010189815424691329,4.4,"{""000000000011"": 1, ""000000000100"": 1, ""000000010001"": 1, ""000000010110"": 1, ""000000011010"": 1, ""000000011011"": 2, ""000000011100"": 1, ""000000011111"": 1, ""000000100000"": 3, ""000000100001"": 2, ""000000100010"": 4, ""000000100011"": 8, ""000000100100"": 13, ""000000100101"": 8, ""000000100110"": 13, ""000000100111"": 9, ""000000101000"": 4, ""000000101001"": 2, ""000000101010"": 3, ""000000101011"": 1, ""000000101100"": 1, ""000000101101"": 2, ""000000101111"": 2, ""000000110001"": 1, ""000000110010"": 1, ""000000111011"": 1, ""000001001100"": 1, ""000001111101"": 1, ""000010000001"": 1, ""000010001101"": 1, ""000010101011"": 1, ""001000000110"": 1, ""001011011011"": 1, ""111001001110"": 1, ""111111100010"": 1, ""111111111001"": 1, ""111111111010"": 1, ""111111111110"": 2}"
ising,2,12,0.01968626640460739,1,42,100,1,8612,8692,479.77734375,1040.6566972,3.1240998703626572,000000101000,3.1168546769775034,2.84023382439575,4.306701367508408,-33.739951878281474,18.233599860318396,0.007245193385153836,4.4,"{""000000000011"": 1, ""000000000110"": 1, ""000000010100"": 1, ""000000010110"": 1, ""000000010111"": 1, ""000000011000"": 2, ""000000011010"": 1, ""000000011100"": 1, ""000000100000"": 2, ""000000100001"": 1, ""000000100011"": 3, ""000000100100"": 2, ""000000100101"": 6, ""000000100110"": 7, ""000000100111"": 10, ""000000101000"": 15, ""000000101001"": 9, ""000000101010"": 7, ""000000101011"": 2, ""000000101100"": 2, ""000000101101"": 2, ""000000101110"": 3, ""000000110000"": 1, ""000000110001"": 1, ""000000110110"": 1, ""000000111000"": 2, ""000000111001"": 1, ""000000111010"": 1, ""000001001110"": 1, ""000001010001"": 1, ""000001010111"": 1, ""000001011010"": 2, ""000010000011"": 1, ""000011101010"": 1, ""111001001111"": 1, ""111111011010"": 1, ""111111100001"": 1, ""111111111001"": 2, ""111111111111"": 1}"
ising,2,12,0.021262343752724643,1,42,100,1,8612,8692,481.08203125,1045.4745653999998,3.1240998703626572,000000101100,3.1743986200166248,3.4211359672997355,2.620956356484375,-3.1743986200166248,16.88202902463387,0.05029874965396752,4.4,"{""000000010011"": 2, ""000000010100"": 1, ""000000010101"": 2, ""000000010110"": 3, ""000000010111"": 1, ""000000011110"": 1, ""000000100000"": 2, ""000000100010"": 1, ""000000100011"": 1, ""000000100100"": 4, ""000000100101"": 2, ""000000100110"": 4, ""000000100111"": 4, ""000000101000"": 3, ""000000101001"": 2, ""000000101010"": 5, ""000000101011"": 8, ""000000101100"": 11, ""000000101101"": 8, ""000000101110"": 4, ""000000101111"": 4, ""000000110000"": 1, ""000000110001"": 3, ""000000110010"": 3, ""000000110011"": 2, ""000000110100"": 1, ""000000110110"": 2, ""000000111000"": 1, ""000000111001"": 1, ""000000111101"": 1, ""000000111110"": 1, ""000001010100"": 1, ""000001010101"": 1, ""000001010111"": 1, ""000001100000"": 1, ""000001111011"": 1, ""000011010011"": 1, ""000011010111"": 1, ""000011101010"": 1, ""111111010100"": 1, ""111111011001"": 1, ""111111111101"": 1}"
ising,2,12,0.022964601441806228,1,42,100,1,8612,8692,482.52734375,1042.7827475000013,3.1240998703626572,000000110000,3.1394882777880473,3.2269931638285225,6.771473306996897,-29.19056122113567,39.1434070379531,0.01538840742539005,4.4,"{""000000000100"": 1, ""000000010001"": 2, ""000000010011"": 1, ""000000010100"": 1, ""000000010110"": 1, ""000000010111"": 1, ""000000011010"": 1, ""000000011110"": 1, ""000000100000"": 1, ""000000100010"": 1, ""000000100011"": 1, ""000000100100"": 1, ""000000100110"": 2, ""000000100111"": 2, ""000000101001"": 1, ""000000101010"": 5, ""000000101100"": 6, ""000000101101"": 3, ""000000101110"": 8, ""000000101111"": 10, ""000000110000"": 12, ""000000110001"": 5, ""000000110010"": 6, ""000000110011"": 3, ""000000110100"": 1, ""000000110101"": 1, ""000000110110"": 1, ""000000110111"": 1, ""000000111000"": 2, ""000000111001"": 1, ""000000111011"": 1, ""000000111110"": 1, ""000001000100"": 1, ""000001000101"": 1, ""000001010100"": 1, ""000001100110"": 1, ""000010000011"": 2, ""000010010011"": 1, ""000011110011"": 1, ""000111001101"": 1, ""001001001010"": 1, ""111001001011"": 1, ""111001001111"": 1, ""111111010100"": 1, ""111111111000"": 1, ""111111111100"": 1}"
ising,2,12,0.024803141437003108,1,42,100,1,8612,8692,484.37890625,1040.3366688999995,3.1240998703626572,000000110010,3.154157725579634,3.1795146798440976,9.548810176281348,-49.41513770074759,60.67115154497296,0.03005785521697657,4.4,"{""000000000111"": 1, ""000000001010"": 1, ""000000001101"": 1, ""000000010001"": 2, ""000000010101"": 2, ""000000010110"": 2, ""000000011101"": 1, ""000000100000"": 2, ""000000100101"": 1, ""000000100110"": 2, ""000000101010"": 1, ""000000101100"": 3, ""000000101101"": 3, ""000000101110"": 3, ""000000101111"": 1, ""000000110000"": 5, ""000000110001"": 3, ""000000110010"": 10, ""000000110011"": 7, ""000000110100"": 7, ""000000110101"": 2, ""000000110110"": 2, ""000000110111"": 2, ""000000111000"": 4, ""000000111001"": 2, ""000000111010"": 2, ""000000111011"": 1, ""000000111100"": 1, ""000000111101"": 1, ""000000111110"": 2, ""000001000000"": 3, ""000001001100"": 3, ""000001001101"": 2, ""000001001110"": 1, ""000001001111"": 1, ""000001100100"": 1, ""000010000011"": 1, ""000010001011"": 1, ""000011001011"": 1, ""000011100110"": 1, ""000011101111"": 1, ""000111001101"": 1, ""001111010101"": 1, ""110011100001"": 1, ""110110100000"": 1, ""111110100100"": 1, ""111111000011"": 1, ""111111001010"": 1}"
ising,2,12,0.026788874464158525,1,42,100,1,8612,8692,486.58203125,1035.014325199998,3.1240998703626572,000000111000,3.120771387824468,2.898022751152226,8.708302853611245,-45.29413151870007,44.950560356737746,0.0033284825381891814,4.4,"{""000000000111"": 1, ""000000001010"": 1, ""000000010001"": 2, ""000000010110"": 1, ""000000100001"": 1, ""000000100100"": 1, ""000000100110"": 4, ""000000101010"": 2, ""000000101101"": 2, ""000000101110"": 1, ""000000101111"": 2, ""000000110000"": 4, ""000000110001"": 1, ""000000110010"": 4, ""000000110011"": 2, ""000000110100"": 3, ""000000110101"": 3, ""000000110110"": 3, ""000000110111"": 5, ""000000111000"": 7, ""000000111001"": 2, ""000000111010"": 5, ""000000111011"": 1, ""000000111100"": 1, ""000000111101"": 2, ""000000111110"": 1, ""000001000000"": 2, ""000001000001"": 2, ""000001000011"": 1, ""000001000100"": 2, ""000001000101"": 1, ""000001000110"": 1, ""000001001001"": 3, ""000001001100"": 1, ""000001001110"": 1, ""000001010001"": 1, ""000001010010"": 1, ""000001011100"": 1, ""000001100110"": 1, ""000001100111"": 1, ""000010000011"": 1, ""000010001010"": 1, ""000010001011"": 1, ""000011111010"": 1, ""000111010101"": 1, ""001001001010"": 1, ""001100010001"": 1, ""110011101001"": 1, ""110111001000"": 1, ""111110010111"": 1, ""111110100010"": 1, ""111111000110"": 1, ""111111001000"": 1, ""111111001011"": 1, ""111111001101"": 1, ""111111010111"": 1, ""111111100010"": 1, ""111111101001"": 1, ""111111111110"": 1}"
ising,2,12,0.03125,1,42,100,1,8612,8692,484.63671875,1039.0687601999998,3.1240998703626572,000001000000,3.141592653589793,4.37221340086317,11.266198454247014,-38.58268477689965,71.12762117268142,0.017492783227135877,4.4,"{""000000001111"": 1, ""000000010000"": 1, ""000000010111"": 2, ""000000100101"": 1, ""000000101010"": 1, ""000000101100"": 1, ""000000101110"": 1, ""000000101111"": 1, ""000000110000"": 3, ""000000110010"": 1, ""000000110101"": 1, ""000000110110"": 2, ""000000111000"": 3, ""000000111011"": 3, ""000000111100"": 4, ""000000111101"": 1, ""000000111110"": 5, ""000000111111"": 1, ""000001000000"": 10, ""000001000001"": 3, ""000001000010"": 4, ""000001000011"": 3, ""000001000100"": 3, ""000001000101"": 4, ""000001000110"": 3, ""000001000111"": 1, ""000001001000"": 1, ""000001001001"": 2, ""000001001010"": 1, ""000001001100"": 1, ""000001001110"": 1, ""000001001111"": 1, ""000001010010"": 1, ""000001010101"": 1, ""000001010110"": 1, ""000001100110"": 1, ""000001101111"": 1, ""000001111111"": 1, ""000010000000"": 1, ""000010000011"": 1, ""000010010001"": 1, ""000010011101"": 1, ""000010111010"": 1, ""000011100101"": 1, ""000110111001"": 1, ""000111110111"": 1, ""001110000011"": 1, ""010011000011"": 1, ""010110101001"": 1, ""110011101110"": 1, ""111101100111"": 1, ""111110000111"": 1, ""111111000000"": 1, ""111111000010"": 1, ""111111000100"": 1, ""111111001011"": 1, ""111111011011"": 1, ""111111011111"": 1, ""111111100101"": 1, ""111111101111"": 1, ""111111110011"": 1}"
ising,2,12,0.028933584758977816,1,42,100,1,8612,8692,487.390625,1040.4496958000018,3.1240998703626572,000000111011,3.207547161548467,1.5253079642603207,20.916466379825913,-98.18805525930183,105.02728805004155,0.08344729118580974,4.4,"{""000000001011"": 1, ""000000010000"": 1, ""000000100100"": 1, ""000000100101"": 1, ""000000100110"": 2, ""000000101010"": 1, ""000000101100"": 1, ""000000101101"": 1, ""000000101111"": 3, ""000000110000"": 1, ""000000110100"": 2, ""000000110101"": 1, ""000000110110"": 3, ""000000110111"": 3, ""000000111000"": 3, ""000000111001"": 2, ""000000111010"": 1, ""000000111011"": 8, ""000000111100"": 4, ""000000111101"": 5, ""000000111110"": 3, ""000000111111"": 3, ""000001000000"": 6, ""000001000001"": 2, ""000001000010"": 3, ""000001000011"": 1, ""000001000100"": 1, ""000001000101"": 1, ""000001000110"": 2, ""000001000111"": 3, ""000001001001"": 1, ""000001001101"": 1, ""000001001110"": 2, ""000001010000"": 1, ""000001010001"": 1, ""000001010011"": 1, ""000001011001"": 1, ""000001100011"": 1, ""000001100100"": 1, ""000001100110"": 1, ""000010000011"": 1, ""000010001011"": 1, ""000010011001"": 1, ""000011000011"": 1, ""000011111011"": 1, ""000111100011"": 1, ""001001001011"": 1, ""001100010011"": 1, ""011110111101"": 1, ""100011000100"": 1, ""100100001010"": 1, ""100111111100"": 1, ""110011001101"": 1, ""111000100010"": 1, ""111110111100"": 1, ""111111000000"": 1, ""111111000100"": 1, ""111111000110"": 1, ""111111100010"": 1}"
ising,2,12,0.03645403248675365,1,42,100,1,8612,8692,480.89453125,1038.6715767999995,3.1240998703626572,000001001011,3.1559899205452355,5.136268396023353,12.374374272154574,-22.176089175031187,83.19189430557242,0.03189005018257829,4.4,"{""000000000100"": 1, ""000000001010"": 1, ""000000010111"": 1, ""000000100011"": 1, ""000000100101"": 1, ""000000101010"": 1, ""000000101011"": 1, ""000000101100"": 1, ""000000110011"": 1, ""000000110101"": 1, ""000000110110"": 2, ""000000111000"": 2, ""000000111001"": 1, ""000000111011"": 1, ""000000111110"": 1, ""000001000000"": 2, ""000001000001"": 2, ""000001000011"": 3, ""000001000100"": 5, ""000001000101"": 2, ""000001000110"": 1, ""000001000111"": 2, ""000001001000"": 1, ""000001001001"": 1, ""000001001010"": 3, ""000001001011"": 5, ""000001001100"": 4, ""000001001101"": 2, ""000001001110"": 4, ""000001001111"": 3, ""000001010000"": 3, ""000001010001"": 4, ""000001010010"": 1, ""000001010011"": 1, ""000001010111"": 1, ""000001011000"": 1, ""000001011011"": 1, ""000001011110"": 1, ""000001011111"": 1, ""000001100001"": 1, ""000001100110"": 1, ""000001101100"": 1, ""000001110000"": 1, ""000001110011"": 1, ""000001110110"": 1, ""000001110111"": 1, ""000010010100"": 1, ""000010010101"": 1, ""000010100000"": 1, ""000010101110"": 1, ""000010101111"": 1, ""000011001101"": 1, ""000011110011"": 1, ""000100010011"": 1, ""000110101111"": 1, ""000110111000"": 1, ""000110111100"": 1, ""001100001001"": 1, ""011110111001"": 2, ""110111110001"": 1, ""111110001000"": 1, ""111110100000"": 1, ""111110111101"": 1, ""111111000100"": 1, ""111111001111"": 1, ""111111100010"": 1, ""111111110011"": 1}"
ising,2,12,0.03375186684038456,1,42,100,1,8612,8692,485.40234375,1048.381124399999,3.1240998703626572,000001001000,3.045067500247549,3.2409516931739213,14.767740742208321,-84.12567079042111,91.57926885072854,0.07903237011510811,4.4,"{""000000001011"": 1, ""000000010111"": 1, ""000000100000"": 2, ""000000101000"": 1, ""000000101010"": 1, ""000000101110"": 1, ""000000110100"": 1, ""000000110110"": 5, ""000000111000"": 3, ""000000111001"": 1, ""000000111010"": 1, ""000000111011"": 1, ""000000111100"": 3, ""000000111110"": 1, ""000000111111"": 3, ""000001000000"": 4, ""000001000001"": 3, ""000001000010"": 4, ""000001000011"": 6, ""000001000100"": 2, ""000001000101"": 4, ""000001000110"": 4, ""000001000111"": 5, ""000001001000"": 6, ""000001001001"": 1, ""000001001010"": 2, ""000001001011"": 1, ""000001001100"": 2, ""000001001101"": 1, ""000001001110"": 1, ""000001010000"": 1, ""000001010101"": 1, ""000001011011"": 1, ""000001101100"": 1, ""000001110010"": 1, ""000001110110"": 1, ""000010000111"": 1, ""000010010100"": 1, ""000010101110"": 1, ""000010111000"": 1, ""000011001101"": 1, ""000011101001"": 1, ""000110111000"": 1, ""000110111111"": 1, ""000111101011"": 1, ""001000010111"": 1, ""001111001011"": 1, ""011111011111"": 1, ""100011000101"": 1, ""110011001101"": 1, ""111001001011"": 1, ""111010000111"": 1, ""111101100110"": 1, ""111110001010"": 1, ""111110101100"": 1, ""111111000101"": 1, ""111111000111"": 1, ""111111111001"": 1}"
ising,2,12,0.03937253280921478,1,42,100,1,8612,8692,482.46875,1043.6744123000026,3.1240998703626572,000001010011,3.2337367273641604,4.580217947818442,10.310576097752937,-30.038686949370693,77.88240624097537,0.10963685700150316,4.4,"{""000000001010"": 1, ""000000010100"": 1, ""000000100000"": 1, ""000000100101"": 1, ""000000101000"": 1, ""000000101010"": 1, ""000000101110"": 1, ""000000110000"": 1, ""000000110001"": 1, ""000000110011"": 1, ""000000110100"": 1, ""000000111000"": 1, ""000000111001"": 1, ""000000111110"": 1, ""000001000100"": 1, ""000001000111"": 1, ""000001001000"": 3, ""000001001001"": 1, ""000001001010"": 1, ""000001001011"": 2, ""000001001100"": 2, ""000001001101"": 3, ""000001001110"": 1, ""000001001111"": 3, ""000001010000"": 2, ""000001010001"": 1, ""000001010010"": 3, ""000001010011"": 5, ""000001010100"": 2, ""000001010101"": 1, ""000001010110"": 4, ""000001010111"": 2, ""000001011000"": 2, ""000001011001"": 2, ""000001011011"": 1, ""000001011100"": 1, ""000001011110"": 2, ""000001100000"": 2, ""000001100001"": 1, ""000001100100"": 2, ""000001100101"": 1, ""000001100111"": 2, ""000001101100"": 1, ""000001101111"": 1, ""000001110001"": 1, ""000001110011"": 1, ""000001110101"": 1, ""000001110110"": 1, ""000010000000"": 1, ""000010000010"": 1, ""000010010000"": 1, ""000010010001"": 1, ""000010101100"": 1, ""000010101101"": 1, ""000010101111"": 1, ""000010111101"": 1, ""000011001001"": 1, ""000011111111"": 1, ""000100010111"": 1, ""000110111010"": 1, ""001001000000"": 1, ""001010110101"": 1, ""001110010001"": 1, ""001110011011"": 1, ""011111001111"": 1, ""110011111101"": 1, ""111010101100"": 1, ""111110100011"": 1, ""111110100110"": 1, ""111110100111"": 2, ""111110111011"": 1, ""111111011010"": 1, ""111111100010"": 1}"
ising,2,12,0.04252468750544926,1,42,100,1,8612,8692,476.14453125,1046.3613088999991,3.1240998703626572,000001011110,3.2645803989943722,4.818953541454786,14.866601377531051,-64.35371747851889,70.66644200696105,0.140480528631715,4.4,"{""000000001010"": 1, ""000000010001"": 1, ""000000100011"": 1, ""000000100100"": 1, ""000000100110"": 2, ""000000101001"": 1, ""000000101010"": 1, ""000000101011"": 1, ""000000101110"": 1, ""000000111001"": 1, ""000001000000"": 1, ""000001000011"": 1, ""000001000101"": 3, ""000001000110"": 1, ""000001000111"": 1, ""000001001001"": 1, ""000001001010"": 1, ""000001001100"": 1, ""000001001110"": 3, ""000001010001"": 2, ""000001010010"": 2, ""000001010011"": 2, ""000001010100"": 1, ""000001010110"": 2, ""000001010111"": 4, ""000001011000"": 4, ""000001011001"": 1, ""000001011010"": 1, ""000001011011"": 2, ""000001011100"": 4, ""000001011101"": 1, ""000001011110"": 4, ""000001011111"": 1, ""000001100000"": 2, ""000001100001"": 1, ""000001100010"": 1, ""000001100011"": 1, ""000001100101"": 3, ""000001100110"": 2, ""000001100111"": 1, ""000001101011"": 1, ""000001101100"": 1, ""000001101111"": 1, ""000001110000"": 1, ""000001110110"": 1, ""000001111010"": 1, ""000010010100"": 2, ""000010100000"": 1, ""000010100010"": 1, ""000010100100"": 1, ""000010100110"": 1, ""000010101001"": 1, ""000010110111"": 1, ""000010111101"": 1, ""000011000011"": 1, ""000011110000"": 1, ""000100010011"": 1, ""000110011100"": 1, ""000110100001"": 1, ""000110110010"": 1, ""001001001000"": 1, ""001110011011"": 1, ""001111010111"": 1, ""011001011011"": 1, ""011110011101"": 1, ""011110100111"": 1, ""100100001000"": 1, ""110000010110"": 1, ""110110100010"": 1, ""111010101110"": 1, ""111110001000"": 1, ""111110100001"": 1, ""111111011011"": 1}"
ising,2,12,0.045929202883612456,1,42,100,1,8612,8692,481.015625,1042.0812022999999,3.1240998703626572,000001101111,3.2396847121855377,4.7897235523147215,11.279408223138645,-37.339871218798265,64.92728948957408,0.11558484182288042,4.4,"{""000000001010"": 1, ""000000010101"": 1, ""000000011110"": 1, ""000000100100"": 2, ""000000100101"": 1, ""000000111000"": 1, ""000000111011"": 1, ""000001000000"": 1, ""000001000011"": 2, ""000001000101"": 1, ""000001001000"": 1, ""000001001001"": 1, ""000001001100"": 2, ""000001001101"": 1, ""000001010010"": 1, ""000001010011"": 2, ""000001010110"": 1, ""000001010111"": 2, ""000001011000"": 1, ""000001011001"": 1, ""000001011010"": 2, ""000001011011"": 2, ""000001011100"": 4, ""000001011101"": 2, ""000001011110"": 2, ""000001100000"": 2, ""000001100001"": 3, ""000001100011"": 2, ""000001100100"": 1, ""000001100101"": 2, ""000001100110"": 2, ""000001100111"": 1, ""000001101000"": 1, ""000001101001"": 1, ""000001101010"": 1, ""000001101100"": 1, ""000001101101"": 1, ""000001101110"": 1, ""000001101111"": 4, ""000001110000"": 1, ""000001110010"": 1, ""000001110110"": 1, ""000001111001"": 1, ""000001111011"": 1, ""000001111100"": 1, ""000001111110"": 1, ""000010000100"": 1, ""000010001011"": 1, ""000010010101"": 2, ""000010011011"": 1, ""000010011100"": 1, ""000010011101"": 1, ""000010100000"": 1, ""000010100001"": 1, ""000010101111"": 1, ""000010110011"": 1, ""000011011101"": 1, ""000011111001"": 1, ""000100010111"": 1, ""000110011000"": 1, ""000111001111"": 1, ""001000000111"": 1, ""001001001010"": 1, ""001001110101"": 1, ""001010110000"": 1, ""001110000001"": 1, ""001110101010"": 1, ""011001011110"": 1, ""011110011000"": 1, ""101110100010"": 1, ""110000010110"": 1, ""111100011001"": 1, ""111110001000"": 1, ""111110011011"": 1, ""111110100100"": 1, ""111111010110"": 1, ""111111100100"": 1, ""111111101111"": 1}"
ising,2,12,0.049606282874006216,1,42,100,1,8612,8692,482.875,1044.1980781999991,3.1240998703626572,000001101100,3.3242348578412813,4.436848533982019,9.693413199446304,-27.02680247212353,61.96992237315281,0.20013498747862402,4.4,"{""000000001111"": 1, ""000000010001"": 1, ""000000010111"": 1, ""000000011001"": 1, ""000000011100"": 1, ""000000011110"": 1, ""000000100000"": 1, ""000000100100"": 1, ""000000100101"": 1, ""000000101111"": 1, ""000000111000"": 1, ""000000111100"": 1, ""000001001110"": 1, ""000001010010"": 2, ""000001010011"": 1, ""000001010101"": 1, ""000001010111"": 3, ""000001011001"": 1, ""000001011011"": 1, ""000001011100"": 3, ""000001100000"": 1, ""000001100001"": 2, ""000001100010"": 1, ""000001100100"": 2, ""000001100101"": 2, ""000001100110"": 2, ""000001100111"": 1, ""000001101011"": 3, ""000001101100"": 3, ""000001101101"": 1, ""000001101110"": 1, ""000001101111"": 1, ""000001110000"": 2, ""000001110011"": 2, ""000001110100"": 2, ""000001110110"": 1, ""000001110111"": 1, ""000001111000"": 2, ""000001111001"": 1, ""000001111011"": 1, ""000001111110"": 1, ""000010000010"": 1, ""000010000011"": 3, ""000010000110"": 1, ""000010001001"": 1, ""000010001010"": 1, ""000010001100"": 2, ""000010001101"": 1, ""000010010000"": 2, ""000010010100"": 1, ""000010011000"": 1, ""000010011001"": 1, ""000010011101"": 1, ""000010100001"": 1, ""000010100100"": 1, ""000010101110"": 1, ""000010111001"": 1, ""000011000011"": 1, ""000110001000"": 1, ""000110010000"": 1, ""000110100010"": 1, ""000110100011"": 1, ""000111000100"": 1, ""001010011101"": 1, ""001110000001"": 1, ""001110110010"": 1, ""011001101011"": 1, ""011111010100"": 1, ""110010010110"": 1, ""111001001010"": 1, ""111100011001"": 1, ""111101100111"": 1, ""111110001000"": 1, ""111110100011"": 1, ""111110100110"": 1, ""111110101101"": 1, ""111111011111"": 1, ""111111100100"": 1, ""111111101111"": 1}"
ising,2,12,0.05357774892831705,1,42,100,1,8612,8692,483.91015625,1043.7344463000009,3.1240998703626572,000001101100,3.2066641783150494,3.3151754036348176,9.715452231319947,-51.24936499271374,56.317039631658055,0.08256430795239211,4.4,"{""000000010000"": 1, ""000000011110"": 1, ""000000100000"": 1, ""000000111000"": 1, ""000000111010"": 1, ""000000111100"": 1, ""000001010010"": 3, ""000001010101"": 1, ""000001010110"": 1, ""000001010111"": 1, ""000001011000"": 1, ""000001011011"": 1, ""000001011100"": 1, ""000001011101"": 1, ""000001011111"": 1, ""000001100000"": 1, ""000001100001"": 2, ""000001100100"": 1, ""000001100101"": 1, ""000001100110"": 3, ""000001100111"": 2, ""000001101001"": 1, ""000001101010"": 2, ""000001101100"": 3, ""000001101101"": 1, ""000001101110"": 2, ""000001101111"": 2, ""000001110000"": 2, ""000001110011"": 3, ""000001110100"": 1, ""000001110110"": 2, ""000001110111"": 1, ""000001111000"": 1, ""000001111011"": 2, ""000001111100"": 1, ""000010000000"": 1, ""000010000001"": 2, ""000010000011"": 1, ""000010000100"": 1, ""000010000101"": 1, ""000010001001"": 1, ""000010001100"": 1, ""000010001101"": 1, ""000010001111"": 1, ""000010010000"": 1, ""000010010001"": 1, ""000010010011"": 2, ""000010010101"": 1, ""000010010110"": 3, ""000010011010"": 1, ""000010011011"": 1, ""000010011100"": 1, ""000010100000"": 1, ""000010101000"": 1, ""000010110100"": 1, ""000010111001"": 1, ""000011000010"": 1, ""000011001000"": 1, ""000011111101"": 1, ""000100000110"": 1, ""000110010101"": 1, ""000110100010"": 1, ""000111001110"": 1, ""001000010001"": 1, ""001000010011"": 1, ""001000010111"": 1, ""001001011101"": 1, ""001110010001"": 1, ""011110101111"": 1, ""100100000010"": 1, ""101110000011"": 1, ""110110100010"": 1, ""111100001010"": 1, ""111101111111"": 1, ""111110000011"": 1, ""111110010110"": 1, ""111110101001"": 1, ""111111001111"": 1, ""111111100011"": 1, ""111111111110"": 1}"
ising,2,12,0.05786716951795563,1,42,100,1,8612,8692,482.45703125,1042.7736564999977,3.1240998703626572,000001110110,3.1280211988654476,3.804256968213393,7.980023803385446,-15.268984835139811,51.055668042498745,0.003921328502790367,4.4,"{""000000000000"": 1, ""000000001010"": 2, ""000000010001"": 1, ""000000010100"": 1, ""000000010111"": 1, ""000000100100"": 1, ""000000111000"": 1, ""000001000101"": 1, ""000001001010"": 1, ""000001001100"": 1, ""000001001101"": 1, ""000001001110"": 1, ""000001010000"": 1, ""000001011000"": 1, ""000001011011"": 1, ""000001011101"": 1, ""000001100111"": 2, ""000001101010"": 1, ""000001101011"": 2, ""000001101100"": 1, ""000001101101"": 1, ""000001101110"": 1, ""000001101111"": 1, ""000001110011"": 2, ""000001110100"": 2, ""000001110101"": 1, ""000001110110"": 3, ""000001111000"": 1, ""000001111001"": 1, ""000001111010"": 2, ""000001111011"": 1, ""000001111100"": 1, ""000001111110"": 1, ""000001111111"": 1, ""000010000001"": 1, ""000010000010"": 1, ""000010000011"": 1, ""000010000100"": 1, ""000010000101"": 2, ""000010000111"": 1, ""000010001010"": 2, ""000010001100"": 1, ""000010001101"": 1, ""000010010000"": 2, ""000010010001"": 1, ""000010010011"": 1, ""000010010100"": 2, ""000010010111"": 1, ""000010011000"": 1, ""000010011011"": 1, ""000010100001"": 1, ""000010101000"": 1, ""000010110001"": 1, ""000011000010"": 1, ""000011001001"": 1, ""000011001100"": 1, ""000011001101"": 1, ""000011010110"": 1, ""000011111001"": 1, ""000011111101"": 1, ""000100001110"": 1, ""000101110011"": 1, ""000110110001"": 1, ""001000000010"": 1, ""001000010110"": 1, ""001000011110"": 1, ""001001000010"": 1, ""001001111101"": 1, ""011101110101"": 1, ""011110000110"": 1, ""110111000000"": 1, ""111101100101"": 1, ""111101101111"": 1, ""111110000001"": 1, ""111110001110"": 1, ""111110001111"": 1, ""111110010001"": 1, ""111110010011"": 1, ""111110010101"": 1, ""111110100011"": 1, ""111110101110"": 1, ""111110111011"": 1, ""111111001100"": 1, ""111111001111"": 1, ""111111011111"": 1, ""111111100010"": 1, ""111111110010"": 1, ""111111111100"": 1}"
ising,2,12,0.0625,1,42,100,1,8612,8692,486.7109375,1038.3332743000028,3.1240998703626572,000001110110,2.9084275738311756,2.3581579856008386,10.944149059703701,-41.4297531192154,47.271151959483916,0.21567229653148168,4.4,"{""000000000000"": 1, ""000000000101"": 1, ""000000001010"": 2, ""000000011110"": 1, ""000000100000"": 1, ""000000101100"": 1, ""000000111001"": 1, ""000001000010"": 1, ""000001000101"": 1, ""000001001110"": 1, ""000001010010"": 1, ""000001011011"": 1, ""000001011110"": 1, ""000001100100"": 1, ""000001100110"": 1, ""000001101000"": 1, ""000001101001"": 1, ""000001101011"": 1, ""000001101110"": 2, ""000001101111"": 1, ""000001110000"": 1, ""000001110010"": 1, ""000001110100"": 1, ""000001110110"": 3, ""000001110111"": 1, ""000001111000"": 2, ""000001111100"": 3, ""000001111110"": 3, ""000001111111"": 1, ""000010000000"": 1, ""000010000001"": 1, ""000010000011"": 1, ""000010000100"": 1, ""000010000111"": 2, ""000010001001"": 2, ""000010001010"": 2, ""000010001011"": 2, ""000010001100"": 2, ""000010010000"": 1, ""000010010001"": 2, ""000010010100"": 1, ""000010010111"": 1, ""000010100000"": 1, ""000010101000"": 1, ""000010110011"": 1, ""000010111010"": 1, ""000011000100"": 1, ""000011010010"": 1, ""000011111001"": 1, ""000011111110"": 1, ""000100001110"": 1, ""000101101110"": 1, ""000101110011"": 1, ""000110111000"": 1, ""001000001000"": 1, ""001000010001"": 1, ""001000010111"": 1, ""001000011001"": 1, ""001010110000"": 1, ""001110000001"": 1, ""010001100111"": 1, ""011101110100"": 1, ""011110000110"": 1, ""100101101000"": 1, ""101001011100"": 1, ""101101110010"": 1, ""110011111001"": 1, ""110110001101"": 1, ""110111000000"": 1, ""111010101011"": 1, ""111011111000"": 1, ""111100000001"": 1, ""111101101110"": 1, ""111101111010"": 1, ""111110000000"": 1, ""111110001010"": 1, ""111110001110"": 1, ""111110010011"": 1, ""111110110010"": 1, ""111111000000"": 1, ""111111000110"": 1, ""111111010110"": 1, ""111111100010"": 1, ""111111101101"": 1, ""111111110100"": 1}"
ising,2,12,0.06750373368076912,1,42,100,1,8612,8692,490.88671875,1039.3548685999995,3.1240998703626572,000001111110,2.9768943472569327,3.8340581241922873,8.120695214250441,-32.814010972816874,43.880786141627,0.14720552310572455,4.4,"{""000000000000"": 1, ""000000010101"": 1, ""000000011111"": 1, ""000000100000"": 1, ""000000110001"": 1, ""000000110010"": 1, ""000001000000"": 1, ""000001000010"": 1, ""000001000101"": 1, ""000001001111"": 2, ""000001011011"": 1, ""000001011110"": 1, ""000001101010"": 1, ""000001101100"": 2, ""000001101101"": 1, ""000001101110"": 1, ""000001110000"": 2, ""000001110010"": 1, ""000001110110"": 2, ""000001110111"": 1, ""000001111000"": 2, ""000001111010"": 1, ""000001111011"": 1, ""000001111100"": 3, ""000001111110"": 3, ""000001111111"": 2, ""000010000000"": 1, ""000010000010"": 1, ""000010000011"": 2, ""000010000100"": 1, ""000010000111"": 1, ""000010001000"": 2, ""000010001011"": 2, ""000010001110"": 2, ""000010001111"": 1, ""000010010000"": 2, ""000010010011"": 1, ""000010010100"": 1, ""000010010111"": 1, ""000010011001"": 2, ""000010011110"": 1, ""000010100110"": 1, ""000010101001"": 1, ""000010101100"": 1, ""000010101101"": 1, ""000010110000"": 1, ""000010110011"": 1, ""000010111010"": 2, ""000011000010"": 1, ""000011001000"": 1, ""000011001100"": 1, ""000011110000"": 1, ""000011111000"": 1, ""000011111101"": 1, ""000100001000"": 1, ""000100010101"": 1, ""000100011000"": 1, ""000100110010"": 1, ""000101010010"": 1, ""000101010110"": 1, ""000101100110"": 1, ""000110111000"": 1, ""000111000110"": 1, ""001000001010"": 2, ""001000010011"": 1, ""001000100101"": 1, ""001010110101"": 1, ""001110000001"": 1, ""001110100101"": 1, ""011011100001"": 1, ""011110001011"": 1, ""101001011100"": 1, ""110110100000"": 1, ""111000000110"": 1, ""111010100011"": 1, ""111100000010"": 1, ""111101100101"": 1, ""111110001111"": 1, ""111110010011"": 1, ""111110101110"": 1, ""111111001111"": 1, ""111111110011"": 1}"
ising,2,12,0.07290806497350724,1,42,100,1,8612,8692,489.2734375,1042.1632145000003,3.1240998703626572,000010001101,2.956110558910706,3.891756370688351,8.419350763514313,-30.381662968448822,40.08107199092452,0.16798931145195128,4.4,"{""000000010001"": 1, ""000000011110"": 1, ""000000100100"": 1, ""000000101010"": 1, ""000000101011"": 1, ""000001000010"": 1, ""000001000100"": 1, ""000001011000"": 1, ""000001100010"": 1, ""000001100100"": 1, ""000001101001"": 1, ""000001101010"": 1, ""000001101100"": 2, ""000001101110"": 1, ""000001110000"": 1, ""000001110100"": 2, ""000001111000"": 1, ""000001111010"": 2, ""000001111011"": 2, ""000001111100"": 1, ""000001111110"": 1, ""000001111111"": 2, ""000010000000"": 1, ""000010000011"": 1, ""000010000100"": 1, ""000010000101"": 2, ""000010000110"": 1, ""000010001011"": 1, ""000010001100"": 1, ""000010001101"": 3, ""000010010000"": 1, ""000010010001"": 1, ""000010010100"": 1, ""000010010110"": 1, ""000010010111"": 1, ""000010011100"": 1, ""000010100000"": 1, ""000010100001"": 2, ""000010100100"": 1, ""000010100111"": 1, ""000010101010"": 1, ""000010101011"": 2, ""000010101100"": 1, ""000010111001"": 1, ""000010111010"": 1, ""000011000000"": 1, ""000011000010"": 1, ""000011000110"": 1, ""000011010111"": 1, ""000011100010"": 1, ""000011101001"": 1, ""000011111100"": 1, ""000100000000"": 1, ""000100000011"": 1, ""000100010101"": 1, ""000100011000"": 1, ""000100110011"": 1, ""000101011011"": 1, ""000101011101"": 1, ""000101100011"": 1, ""000101111110"": 1, ""000110011001"": 1, ""000111000110"": 1, ""001000000001"": 1, ""001000000111"": 1, ""001000010011"": 1, ""001000100101"": 1, ""001001010100"": 1, ""001110000001"": 1, ""001110001011"": 1, ""001110101101"": 1, ""010000001100"": 1, ""010010100100"": 1, ""011010011010"": 1, ""011101110001"": 1, ""101001011100"": 1, ""110011111101"": 1, ""110100011110"": 1, ""110110101111"": 1, ""111011110000"": 1, ""111100101010"": 1, ""111101000110"": 1, ""111101100001"": 1, ""111110001100"": 1, ""111110010111"": 1, ""111110101110"": 1, ""111111010111"": 1, ""111111100011"": 2, ""111111101101"": 1}"
ising,2,12,0.07874506561842956,1,42,100,1,8612,8692,485.12109375,1039.2012761000005,3.1240998703626572,000010100001,2.9804922848597375,2.541405382240532,6.7285527605835185,-28.129613459721966,26.47378441257767,0.14360758550291974,4.4,"{""000000011110"": 1, ""000000100001"": 1, ""000000101010"": 1, ""000000101100"": 1, ""000001000010"": 1, ""000001010000"": 1, ""000001010001"": 1, ""000001100000"": 1, ""000001100101"": 1, ""000001100110"": 1, ""000001101010"": 1, ""000001101100"": 2, ""000001110100"": 1, ""000001110110"": 1, ""000001111000"": 1, ""000001111010"": 1, ""000001111110"": 2, ""000001111111"": 1, ""000010000000"": 2, ""000010000010"": 1, ""000010000011"": 2, ""000010000100"": 1, ""000010000101"": 1, ""000010000111"": 1, ""000010001001"": 1, ""000010001110"": 2, ""000010010101"": 1, ""000010010111"": 1, ""000010011011"": 1, ""000010100001"": 4, ""000010100010"": 1, ""000010100111"": 1, ""000010101011"": 1, ""000010101100"": 1, ""000010101110"": 3, ""000010101111"": 1, ""000010110000"": 1, ""000010110111"": 1, ""000010111000"": 1, ""000010111111"": 1, ""000011000000"": 1, ""000011000001"": 1, ""000011000011"": 1, ""000011000100"": 2, ""000011000111"": 1, ""000011001110"": 1, ""000011010000"": 1, ""000011010011"": 1, ""000011011101"": 1, ""000011100100"": 2, ""000011100110"": 1, ""000011101101"": 2, ""000011110110"": 1, ""000011111000"": 1, ""000100001111"": 1, ""000100010011"": 1, ""000100010101"": 1, ""000100101010"": 1, ""000100110011"": 1, ""000101010001"": 1, ""000101011010"": 1, ""000111000111"": 1, ""001000000111"": 1, ""001000100100"": 1, ""001001000010"": 1, ""001001010101"": 1, ""001100101000"": 1, ""001110001001"": 1, ""010010100110"": 1, ""010101001111"": 1, ""101001011100"": 1, ""101110100011"": 1, ""110011011110"": 1, ""110110100100"": 1, ""111001000110"": 1, ""111001001010"": 1, ""111100110011"": 1, ""111101001001"": 1, ""111101001010"": 1, ""111101100001"": 1, ""111101101110"": 1, ""111101110011"": 1, ""111101111000"": 1, ""111110000111"": 1, ""111111010111"": 1, ""111111100010"": 1, ""111111100101"": 1}"
ising,2,12,0.08504937501089851,1,42,100,1,8612,8692,480.78125,1049.4913495,3.1240998703626572,000010111000,3.1563622642210776,2.945877992087021,5.62924106886322,-19.569446038170685,21.48129975249888,0.032262393858420335,4.4,"{""000000000110"": 1, ""000000000111"": 1, ""000000100000"": 1, ""000000101010"": 2, ""000000110001"": 1, ""000000110101"": 1, ""000000111100"": 1, ""000001000000"": 1, ""000001010011"": 1, ""000001011010"": 1, ""000001100001"": 1, ""000001101100"": 1, ""000001110010"": 1, ""000001110100"": 1, ""000001110110"": 1, ""000001111010"": 1, ""000010000011"": 1, ""000010000101"": 1, ""000010001010"": 1, ""000010001100"": 1, ""000010010010"": 1, ""000010010100"": 1, ""000010011100"": 1, ""000010011101"": 2, ""000010011110"": 1, ""000010100000"": 1, ""000010100001"": 2, ""000010100011"": 1, ""000010100101"": 1, ""000010101110"": 2, ""000010101111"": 2, ""000010110000"": 1, ""000010110001"": 1, ""000010110011"": 1, ""000010111000"": 3, ""000010111100"": 1, ""000010111110"": 1, ""000011000001"": 1, ""000011000010"": 1, ""000011000011"": 2, ""000011000111"": 2, ""000011001000"": 1, ""000011001001"": 2, ""000011001101"": 1, ""000011001111"": 1, ""000011010010"": 1, ""000011010011"": 1, ""000011010101"": 1, ""000011010111"": 1, ""000011100101"": 1, ""000011100110"": 1, ""000011101100"": 1, ""000011101101"": 1, ""000011101110"": 1, ""000011110010"": 1, ""000011111110"": 1, ""000011111111"": 1, ""000100010000"": 1, ""000100011000"": 1, ""000100111110"": 1, ""000101010001"": 1, ""000101011011"": 1, ""000110101101"": 1, ""000111000110"": 1, ""001000010110"": 1, ""001000110100"": 1, ""001001000011"": 1, ""001001010101"": 1, ""001001011010"": 1, ""001001011100"": 1, ""001011100001"": 1, ""001110001011"": 1, ""001110010001"": 1, ""001110101100"": 1, ""010010100111"": 1, ""101111000011"": 1, ""110011110001"": 1, ""110100011100"": 1, ""111000011100"": 1, ""111001100110"": 1, ""111100000011"": 1, ""111100110011"": 1, ""111100111110"": 1, ""111101000001"": 1, ""111101001011"": 1, ""111101100001"": 1, ""111111000001"": 1, ""111111001111"": 1, ""111111010110"": 1, ""111111100011"": 1}"
ising,2,12,0.09185840576722491,1,42,100,1,8612,8692,483.30859375,1046.5115681999996,3.1240998703626572,000010111000,2.897346894660777,2.898515853062081,7.147934536501502,-31.91256435560084,29.023567163806522,0.22675297570188002,4.4,"{""000000000110"": 1, ""000000010111"": 1, ""000000100000"": 1, ""000000100001"": 1, ""000000101010"": 2, ""000000110100"": 1, ""000000110110"": 1, ""000000111100"": 1, ""000001000000"": 1, ""000001001101"": 1, ""000001011111"": 1, ""000001100001"": 1, ""000001101110"": 1, ""000001110000"": 1, ""000001110100"": 1, ""000001111010"": 1, ""000010001011"": 3, ""000010001100"": 1, ""000010010001"": 2, ""000010010101"": 1, ""000010010111"": 1, ""000010011001"": 1, ""000010011101"": 1, ""000010011110"": 1, ""000010100100"": 2, ""000010101010"": 2, ""000010101100"": 2, ""000010101111"": 1, ""000010111000"": 3, ""000010111001"": 1, ""000010111110"": 1, ""000010111111"": 1, ""000011000001"": 1, ""000011000011"": 1, ""000011000100"": 1, ""000011001000"": 1, ""000011001001"": 1, ""000011001100"": 1, ""000011010010"": 1, ""000011010011"": 1, ""000011010110"": 2, ""000011010111"": 2, ""000011011100"": 1, ""000011100000"": 1, ""000011100110"": 1, ""000011101111"": 2, ""000011110000"": 2, ""000011111100"": 1, ""000011111111"": 1, ""000100010101"": 1, ""000100011010"": 1, ""000100100011"": 1, ""000100100111"": 1, ""000100111011"": 1, ""000101000100"": 1, ""000101010001"": 1, ""000110101101"": 1, ""000111000111"": 1, ""000111100010"": 1, ""001000011100"": 1, ""001000011110"": 1, ""001001000101"": 1, ""001001001100"": 1, ""001010110101"": 1, ""001100010111"": 1, ""001100011001"": 1, ""001100100101"": 1, ""001101001011"": 1, ""010010100111"": 1, ""011010001110"": 1, ""011011001010"": 1, ""100010001001"": 1, ""101111000011"": 1, ""110011111000"": 1, ""110100011111"": 1, ""111001100110"": 1, ""111011010010"": 1, ""111011110011"": 1, ""111100001001"": 1, ""111100010011"": 1, ""111100110011"": 1, ""111101100001"": 1, ""111111000001"": 1, ""111111001000"": 1, ""111111001111"": 1, ""111111010111"": 1, ""111111100010"": 1}"
ising,2,12,0.1071554978566341,1,42,100,1,8612,8692,482.97265625,1042.5435528999988,3.1240998703626572,000011001110,3.1350868529062312,3.114043119236039,5.746925944771292,-21.94560797034362,26.197301099627413,0.010986982543573998,4.4,"{""000000000100"": 1, ""000000000111"": 1, ""000000100001"": 1, ""000000100101"": 1, ""000000101011"": 1, ""000000101111"": 1, ""000001010010"": 1, ""000001100100"": 1, ""000001101100"": 1, ""000001110000"": 1, ""000001110100"": 1, ""000001111001"": 1, ""000001111010"": 1, ""000010000100"": 1, ""000010010100"": 1, ""000010010101"": 1, ""000010011101"": 2, ""000010100100"": 1, ""000010101011"": 1, ""000010101100"": 1, ""000010110001"": 1, ""000010111010"": 1, ""000010111110"": 1, ""000011000001"": 1, ""000011000011"": 1, ""000011000111"": 1, ""000011001110"": 2, ""000011010000"": 1, ""000011010110"": 1, ""000011011000"": 1, ""000011011110"": 1, ""000011100100"": 1, ""000011100110"": 1, ""000011101000"": 1, ""000011101010"": 1, ""000011101100"": 1, ""000011101110"": 1, ""000011110010"": 1, ""000011110011"": 1, ""000011111001"": 2, ""000011111010"": 1, ""000011111110"": 1, ""000100001010"": 1, ""000100001111"": 1, ""000100010001"": 1, ""000100010010"": 1, ""000100010101"": 1, ""000100011000"": 1, ""000100011011"": 1, ""000100011110"": 1, ""000100100011"": 2, ""000100101000"": 1, ""000100110110"": 1, ""000100111001"": 1, ""000101000110"": 1, ""000110001011"": 1, ""000110110000"": 1, ""000110111101"": 1, ""000111000110"": 1, ""000111100100"": 1, ""001000000001"": 1, ""001000001010"": 1, ""001000001011"": 1, ""001000011001"": 1, ""001000101010"": 1, ""001001000101"": 1, ""001001001100"": 1, ""001011001001"": 1, ""001011110101"": 1, ""001100000011"": 1, ""001100010000"": 1, ""001100011111"": 1, ""001100100001"": 1, ""001100111000"": 1, ""001110110001"": 1, ""010000000001"": 1, ""010010101110"": 1, ""011100100110"": 1, ""101000000011"": 1, ""110100010110"": 1, ""111001011110"": 1, ""111010001001"": 1, ""111010101011"": 1, ""111011001101"": 1, ""111011100010"": 1, ""111011100011"": 1, ""111011100100"": 1, ""111011110111"": 1, ""111100010000"": 1, ""111100110110"": 1, ""111100111000"": 1, ""111101000010"": 1, ""111101001010"": 1, ""111101100011"": 1, ""111110001110"": 1, ""111110001111"": 1}"
ising,2,12,0.09921256574801243,1,42,100,1,8612,8692,484.01171875,1046.1725994000008,3.1240998703626572,000011001100,3.1773500617971315,3.3979864870129224,6.311630231109345,-29.547036341091573,25.80533943133534,0.05325019143447429,4.4,"{""000000000100"": 1, ""000000000110"": 1, ""000000010111"": 1, ""000000100010"": 1, ""000000100110"": 1, ""000001000001"": 1, ""000001010010"": 1, ""000001101101"": 1, ""000001110000"": 1, ""000001111010"": 1, ""000010000001"": 1, ""000010000011"": 1, ""000010000100"": 1, ""000010000111"": 2, ""000010001010"": 1, ""000010001011"": 1, ""000010010110"": 1, ""000010011101"": 1, ""000010100100"": 1, ""000010100111"": 1, ""000010101001"": 1, ""000010110000"": 1, ""000010110011"": 2, ""000010110111"": 1, ""000010111000"": 1, ""000010111100"": 2, ""000010111101"": 1, ""000011000000"": 1, ""000011000011"": 1, ""000011001100"": 2, ""000011001101"": 1, ""000011001110"": 2, ""000011010000"": 1, ""000011010101"": 1, ""000011011100"": 2, ""000011100010"": 1, ""000011100111"": 1, ""000011101001"": 1, ""000011101100"": 1, ""000011101110"": 1, ""000011110011"": 2, ""000011110100"": 1, ""000011110101"": 2, ""000011110111"": 1, ""000011111000"": 1, ""000011111100"": 1, ""000100000011"": 1, ""000100000111"": 1, ""000100001001"": 1, ""000100010101"": 2, ""000100011010"": 1, ""000100101101"": 1, ""000100110100"": 1, ""000100111011"": 1, ""000101010010"": 1, ""000101100110"": 1, ""000101110100"": 1, ""000110110001"": 1, ""000111000110"": 2, ""001000011100"": 1, ""001000101010"": 2, ""001001000101"": 1, ""001001001100"": 1, ""001001010010"": 1, ""001001110101"": 1, ""001011111100"": 1, ""001100000111"": 1, ""001100010101"": 2, ""001100010111"": 1, ""001101001000"": 1, ""010010101110"": 1, ""010111111100"": 1, ""011010000101"": 1, ""100010001001"": 1, ""110100010110"": 1, ""110110100000"": 1, ""111001100110"": 1, ""111010100011"": 1, ""111010101101"": 1, ""111100011001"": 1, ""111101001001"": 1, ""111101011011"": 1, ""111101011110"": 1, ""111101100001"": 1, ""111111010110"": 1, ""111111011001"": 1, ""111111100000"": 1, ""111111111111"": 1}"
ising,2,12,0.11573433903591127,1,42,100,1,8612,8692,486.171875,1047.524809399998,3.1240998703626572,000011101100,3.1744113437638752,2.840269757224054,6.184537342081362,-25.6471229652739,23.55293928128771,0.050311473401218,4.4,"{""000000000110"": 1, ""000000010000"": 1, ""000000010011"": 1, ""000000101000"": 1, ""000001000000"": 1, ""000001001111"": 1, ""000001100101"": 1, ""000001101110"": 1, ""000001101111"": 1, ""000001110000"": 1, ""000001110100"": 1, ""000001111000"": 1, ""000001111001"": 1, ""000010000001"": 1, ""000010000100"": 1, ""000010001010"": 1, ""000010001011"": 1, ""000010011101"": 2, ""000010101000"": 1, ""000010101001"": 1, ""000010101011"": 1, ""000010101101"": 1, ""000010110000"": 1, ""000011001110"": 1, ""000011010010"": 1, ""000011010111"": 1, ""000011011111"": 1, ""000011100010"": 1, ""000011101100"": 2, ""000011101110"": 1, ""000011101111"": 1, ""000011110000"": 1, ""000011110110"": 1, ""000011110111"": 1, ""000011111000"": 2, ""000011111010"": 1, ""000011111101"": 1, ""000011111111"": 1, ""000100000000"": 2, ""000100000001"": 1, ""000100000011"": 1, ""000100000111"": 1, ""000100001001"": 1, ""000100010100"": 1, ""000100010101"": 1, ""000100011001"": 2, ""000100011011"": 1, ""000100100000"": 1, ""000100100011"": 2, ""000100101000"": 1, ""000100101011"": 1, ""000100111000"": 1, ""000100111001"": 1, ""000101000100"": 1, ""000110100001"": 1, ""000110100100"": 1, ""000110110000"": 1, ""000111000110"": 1, ""000111010011"": 1, ""001000000000"": 1, ""001000000110"": 1, ""001000001011"": 1, ""001000001111"": 1, ""001000011100"": 1, ""001000111010"": 1, ""001001000001"": 1, ""001001000011"": 1, ""001011101101"": 1, ""001011110000"": 1, ""001100100000"": 1, ""001100110110"": 1, ""001101010111"": 1, ""001110011101"": 1, ""010000000100"": 1, ""010010101110"": 1, ""011010000011"": 1, ""011011110001"": 1, ""100001110001"": 1, ""101011011100"": 1, ""110011100101"": 1, ""110100011110"": 1, ""111001101000"": 1, ""111001111010"": 1, ""111010001011"": 1, ""111011100011"": 1, ""111011101100"": 1, ""111011111110"": 1, ""111100011001"": 1, ""111100011110"": 1, ""111101011010"": 1, ""111101100001"": 1, ""111110001110"": 1, ""111110100011"": 1, ""111111100111"": 1}"
ising,2,12,0.125,1,42,100,1,8612,8692,486.92578125,1044.2100385000012,3.1240998703626572,000100011100,3.626330582561656,3.930672370878167,6.536796133670916,-23.50058567040802,20.972585331972486,0.5022307121989988,4.4,"{""000000000111"": 1, ""000000100011"": 1, ""000001000000"": 2, ""000001100000"": 1, ""000001100101"": 1, ""000001111000"": 1, ""000010000011"": 1, ""000010001111"": 1, ""000010101100"": 1, ""000010110010"": 1, ""000010111100"": 1, ""000011000010"": 1, ""000011000100"": 1, ""000011001001"": 1, ""000011001101"": 1, ""000011010010"": 1, ""000011011110"": 1, ""000011100111"": 1, ""000011101011"": 1, ""000011101110"": 1, ""000011110000"": 1, ""000011110101"": 1, ""000011110111"": 1, ""000011111000"": 1, ""000011111101"": 1, ""000011111110"": 1, ""000100000001"": 1, ""000100000100"": 1, ""000100001001"": 1, ""000100010000"": 1, ""000100010101"": 1, ""000100011011"": 1, ""000100011100"": 2, ""000100100110"": 1, ""000100101001"": 1, ""000100101010"": 1, ""000100101100"": 1, ""000100110110"": 1, ""000100111010"": 1, ""000100111011"": 1, ""000100111100"": 1, ""000100111110"": 1, ""000101000000"": 1, ""000101010000"": 1, ""000101010111"": 1, ""000101011110"": 1, ""000101100011"": 1, ""000101110010"": 1, ""000101110101"": 1, ""000101111100"": 1, ""000110000001"": 1, ""000110001001"": 1, ""000110001011"": 1, ""000110100010"": 1, ""000110100011"": 1, ""000110100101"": 1, ""000111010100"": 1, ""000111100011"": 1, ""000111100101"": 1, ""001000001000"": 1, ""001000001010"": 1, ""001000001011"": 2, ""001000010000"": 1, ""001000010101"": 1, ""001000010111"": 1, ""001000011000"": 1, ""001000101010"": 1, ""001000111110"": 1, ""001001000111"": 1, ""001001011100"": 1, ""001001111101"": 1, ""001011111101"": 1, ""001100000011"": 1, ""001100100100"": 1, ""001111111001"": 1, ""010000010110"": 1, ""010011100111"": 1, ""010110001011"": 1, ""010111010011"": 1, ""011001100100"": 1, ""011010000101"": 1, ""011010000110"": 1, ""011010101101"": 1, ""100010000101"": 1, ""100100001001"": 1, ""110011100000"": 1, ""110100110110"": 1, ""111010110011"": 1, ""111010111001"": 1, ""111011111100"": 1, ""111101001110"": 1, ""111101110001"": 1, ""111110100110"": 1, ""111110110001"": 1, ""111111000010"": 1, ""111111001111"": 1, ""111111101111"": 1}"
ising,2,12,0.13500746736153824,1,42,100,1,8612,8692,482.26171875,1043.3365682000003,3.1240998703626572,000011011100,3.3348034004576705,3.4845570931937253,6.6989147059259855,-21.804046764832265,23.08797447948888,0.2107035300950133,4.4,"{""000000000001"": 1, ""000000100011"": 1, ""000001000100"": 1, ""000001100000"": 1, ""000001111000"": 1, ""000010000011"": 1, ""000010100000"": 1, ""000010101001"": 1, ""000011000100"": 1, ""000011000111"": 1, ""000011001011"": 1, ""000011001101"": 2, ""000011001111"": 1, ""000011010010"": 1, ""000011011100"": 2, ""000011011110"": 1, ""000011100111"": 1, ""000011101111"": 1, ""000011110000"": 1, ""000011111000"": 1, ""000011111101"": 1, ""000011111111"": 1, ""000100010000"": 1, ""000100010001"": 1, ""000100010011"": 1, ""000100010101"": 1, ""000100011001"": 1, ""000100011110"": 1, ""000100011111"": 1, ""000100100001"": 1, ""000100100011"": 1, ""000100101000"": 1, ""000100101111"": 1, ""000100110100"": 2, ""000100111100"": 1, ""000101010001"": 1, ""000101011110"": 2, ""000101100010"": 1, ""000101110011"": 1, ""000101110100"": 1, ""000101111100"": 1, ""000101111111"": 1, ""000110000000"": 1, ""000110010001"": 1, ""000110010110"": 1, ""000110100011"": 2, ""000110100100"": 1, ""000110100111"": 1, ""000111000011"": 1, ""000111101100"": 1, ""000111110010"": 1, ""001000000001"": 1, ""001000000111"": 1, ""001000001001"": 1, ""001000001010"": 2, ""001000001011"": 2, ""001000010101"": 1, ""001000010111"": 1, ""001000011100"": 1, ""001001010010"": 1, ""001001010100"": 1, ""001010000011"": 1, ""001011000010"": 1, ""001011001110"": 1, ""001100010100"": 1, ""001100011101"": 1, ""001101010001"": 1, ""001101101100"": 1, ""001110110111"": 1, ""010000010111"": 1, ""010110111000"": 1, ""011001100110"": 1, ""011010101101"": 1, ""011011101111"": 1, ""011100100110"": 1, ""011111110000"": 1, ""100010000001"": 1, ""100100101010"": 1, ""101011011100"": 1, ""110011000101"": 1, ""110011101101"": 1, ""110100111110"": 1, ""111001110011"": 1, ""111010101010"": 1, ""111010111000"": 1, ""111011111000"": 1, ""111101001011"": 1, ""111101100000"": 1, ""111110100010"": 1, ""111111001100"": 1, ""111111010010"": 1, ""111111100110"": 1, ""111111111010"": 1}"
ising,2,12,0.14581612994701448,1,42,100,1,8612,8692,483.19921875,1038.8859086999983,3.1240998703626572,000101110110,3.103390088536151,2.884048789058257,6.179941781732481,-18.67294036322599,20.7874536099913,0.02070978182650629,4.4,"{""000000100011"": 1, ""000000110101"": 1, ""000000110110"": 1, ""000001100000"": 1, ""000001101101"": 1, ""000001111001"": 1, ""000010000110"": 2, ""000010011110"": 1, ""000010101100"": 1, ""000010101101"": 1, ""000010110101"": 1, ""000011000000"": 1, ""000011000011"": 1, ""000011000100"": 1, ""000011000101"": 1, ""000011001111"": 1, ""000011010011"": 1, ""000011100000"": 1, ""000011101111"": 1, ""000011110010"": 1, ""000011111100"": 1, ""000011111110"": 1, ""000100011000"": 1, ""000100011110"": 1, ""000100110000"": 1, ""000100111011"": 1, ""000101000101"": 1, ""000101010011"": 1, ""000101010110"": 1, ""000101011110"": 1, ""000101101101"": 1, ""000101110110"": 2, ""000101111110"": 1, ""000101111111"": 1, ""000110001011"": 1, ""000110010001"": 1, ""000110100111"": 2, ""000110110000"": 1, ""000111000111"": 1, ""000111100010"": 1, ""000111100100"": 1, ""000111101101"": 1, ""000111101110"": 1, ""000111111111"": 1, ""001000000010"": 1, ""001000001010"": 2, ""001000001100"": 1, ""001000011001"": 1, ""001000110110"": 1, ""001000111100"": 1, ""001000111110"": 1, ""001001001100"": 1, ""001001010100"": 1, ""001001010101"": 1, ""001001011100"": 1, ""001010000001"": 1, ""001010110101"": 1, ""001011000010"": 1, ""001100010110"": 1, ""001100011001"": 1, ""001101010011"": 1, ""001101101100"": 1, ""001110010110"": 1, ""010000010111"": 1, ""010000011110"": 1, ""010000011111"": 1, ""010110000011"": 1, ""011010000011"": 1, ""011100100110"": 1, ""011110100011"": 1, ""011110111000"": 1, ""100100010001"": 1, ""101010001011"": 1, ""110000100001"": 1, ""110010000001"": 1, ""110100101100"": 1, ""110110001001"": 1, ""110111100111"": 1, ""111001100110"": 1, ""111001110011"": 1, ""111001110111"": 1, ""111010000111"": 1, ""111010101010"": 1, ""111011101001"": 1, ""111011111000"": 1, ""111011111001"": 1, ""111100010100"": 1, ""111100010101"": 1, ""111101100001"": 1, ""111101100100"": 1, ""111110011101"": 1, ""111110101100"": 1, ""111111000111"": 1, ""111111001100"": 1, ""111111011010"": 1, ""111111110010"": 1}"
ising,2,12,0.15749013123685912,1,42,100,1,8612,8692,487.09765625,1040.371186700002,3.1240998703626572,000011111010,3.248346983662492,2.3963742380524224,5.815733458273723,-17.649189608385115,17.766071658771768,0.12424711329983484,4.4,"{""000000000111"": 1, ""000000100001"": 1, ""000000100011"": 1, ""000000110000"": 1, ""000001000101"": 1, ""000001100100"": 1, ""000001111100"": 1, ""000010000001"": 1, ""000010001101"": 1, ""000011000011"": 1, ""000011001000"": 1, ""000011010010"": 1, ""000011010111"": 1, ""000011101100"": 1, ""000011110010"": 1, ""000011111010"": 2, ""000011111110"": 1, ""000100000101"": 1, ""000100010000"": 1, ""000100101000"": 1, ""000100110011"": 1, ""000100111010"": 1, ""000101000000"": 1, ""000101001101"": 1, ""000101001110"": 1, ""000101010100"": 1, ""000101011011"": 1, ""000101011111"": 1, ""000101100101"": 1, ""000101110111"": 1, ""000101111111"": 1, ""000110000011"": 1, ""000110000100"": 1, ""000110001010"": 1, ""000110010001"": 1, ""000110010010"": 1, ""000110100111"": 1, ""000110101101"": 1, ""000110110000"": 1, ""000110111001"": 1, ""000111000111"": 1, ""000111001111"": 1, ""000111010101"": 1, ""000111100011"": 1, ""000111111010"": 1, ""001000000110"": 1, ""001000001011"": 1, ""001000010110"": 1, ""001000011001"": 1, ""001000011010"": 1, ""001000101111"": 1, ""001000111100"": 1, ""001001000010"": 1, ""001001000101"": 1, ""001001011010"": 2, ""001001011100"": 1, ""001001101011"": 1, ""001010000011"": 1, ""001010110101"": 1, ""001011101110"": 1, ""001011110010"": 1, ""001100010110"": 1, ""001100011001"": 1, ""001101101100"": 1, ""001101110100"": 1, ""001110010111"": 1, ""001111011000"": 1, ""010000100001"": 1, ""010000100110"": 1, ""010110010001"": 1, ""010111011001"": 1, ""011010000011"": 1, ""011100100000"": 1, ""100011101100"": 1, ""100100110110"": 1, ""101010001010"": 1, ""101010010111"": 1, ""110010000000"": 1, ""110100011110"": 1, ""110101111001"": 1, ""111001000110"": 1, ""111001111010"": 1, ""111010011000"": 2, ""111010100101"": 1, ""111010101011"": 1, ""111011101101"": 2, ""111011101110"": 1, ""111100010001"": 1, ""111101010011"": 1, ""111101010101"": 1, ""111101110100"": 1, ""111110100001"": 1, ""111110100010"": 1, ""111110100110"": 1, ""111111001010"": 1, ""111111001111"": 1}"
ising,2,12,0.17009875002179703,1,42,100,1,8612,8692,491.05859375,1041.8949103000014,3.1240998703626572,000110010001,3.368289444818779,2.49397709762954,5.68414292058625,-17.42311969850035,16.80086542355391,0.24418957445612177,4.4,"{""000000110000"": 1, ""000001000000"": 1, ""000001011011"": 1, ""000001100100"": 1, ""000001100101"": 1, ""000010001100"": 1, ""000010110110"": 1, ""000011000110"": 1, ""000011010010"": 1, ""000011010111"": 1, ""000011011101"": 2, ""000011100011"": 1, ""000011101111"": 1, ""000011110000"": 1, ""000011111010"": 1, ""000011111011"": 1, ""000011111100"": 1, ""000100010100"": 1, ""000100101011"": 1, ""000100111000"": 1, ""000100111110"": 1, ""000101000110"": 1, ""000101001110"": 1, ""000101011110"": 2, ""000101100100"": 1, ""000101100110"": 1, ""000101100111"": 1, ""000110000100"": 1, ""000110001001"": 1, ""000110001010"": 1, ""000110010001"": 2, ""000110010101"": 1, ""000110100001"": 1, ""000110100011"": 1, ""000110101001"": 2, ""000110101010"": 1, ""000110101101"": 1, ""000110101110"": 1, ""000110111000"": 1, ""000111000100"": 1, ""000111000110"": 2, ""000111100000"": 1, ""001000000000"": 1, ""001000000101"": 1, ""001000000111"": 1, ""001000001011"": 1, ""001000010101"": 1, ""001000011000"": 1, ""001000011011"": 1, ""001000011111"": 1, ""001001000011"": 2, ""001001011101"": 1, ""001001101100"": 1, ""001001101111"": 1, ""001001110000"": 1, ""001001110101"": 1, ""001001111100"": 1, ""001010001000"": 1, ""001010011011"": 1, ""001011010010"": 1, ""001011111101"": 1, ""001100010111"": 2, ""001111001000"": 1, ""001111010101"": 1, ""001111110110"": 1, ""010000010111"": 1, ""010000100000"": 1, ""010000100100"": 1, ""010110101000"": 1, ""011001110010"": 1, ""011010000011"": 1, ""011101000111"": 1, ""100001110100"": 1, ""100011111100"": 1, ""100110000100"": 1, ""101010001010"": 1, ""101010100110"": 1, ""110010010110"": 1, ""110011111000"": 1, ""111000000101"": 1, ""111001000000"": 1, ""111001010110"": 1, ""111001101010"": 1, ""111001111010"": 1, ""111011101101"": 1, ""111100101010"": 1, ""111101010001"": 1, ""111101100000"": 1, ""111110100010"": 1, ""111110100110"": 1, ""111111000111"": 1, ""111111001011"": 1, ""111111101100"": 1}"
ising,2,12,0.18371681153444983,1,42,100,1,8612,8692,479.7578125,1041.833221300003,3.1240998703626572,001000001010,3.957759158700889,3.847960566006972,5.717557268625558,-16.131625937996027,16.741154247247433,0.8336592883382319,4.4,"{""000000000101"": 1, ""000000011101"": 1, ""000001001111"": 1, ""000010111100"": 1, ""000010111111"": 1, ""000011000110"": 1, ""000011000111"": 1, ""000011010010"": 1, ""000011010111"": 1, ""000011100011"": 1, ""000011101111"": 1, ""000011111000"": 1, ""000011111001"": 1, ""000100000010"": 1, ""000100111000"": 1, ""000100111001"": 1, ""000101001110"": 1, ""000101010001"": 1, ""000101011011"": 1, ""000101011111"": 1, ""000110000011"": 1, ""000110010001"": 1, ""000110010011"": 1, ""000110010100"": 1, ""000110100010"": 1, ""000110101000"": 1, ""000111001000"": 1, ""000111001011"": 1, ""000111001101"": 1, ""000111010111"": 1, ""000111011101"": 1, ""000111100000"": 1, ""000111110011"": 1, ""000111111110"": 1, ""001000000100"": 1, ""001000000101"": 1, ""001000001000"": 1, ""001000001010"": 2, ""001000010100"": 1, ""001000011010"": 1, ""001000101111"": 1, ""001000111110"": 1, ""001001000000"": 1, ""001001000011"": 1, ""001001000101"": 1, ""001001001100"": 1, ""001001011100"": 1, ""001001100000"": 1, ""001001101010"": 1, ""001010011000"": 1, ""001010100001"": 1, ""001010100100"": 1, ""001010100101"": 1, ""001011001100"": 1, ""001011110000"": 1, ""001100001001"": 1, ""001100110110"": 1, ""001101011110"": 1, ""001110100011"": 1, ""001111000110"": 1, ""010000000111"": 1, ""010000001111"": 1, ""010000010100"": 1, ""010000100001"": 1, ""010000100100"": 1, ""010000101101"": 1, ""010011110001"": 1, ""010011111000"": 2, ""010110111000"": 1, ""010111011111"": 1, ""010111100100"": 1, ""011001110101"": 1, ""011010000011"": 1, ""011010001011"": 1, ""011101000111"": 1, ""011110101010"": 1, ""011110101110"": 1, ""011111010101"": 1, ""100001110100"": 1, ""100011000111"": 1, ""110000101000"": 1, ""110010010110"": 1, ""111000000100"": 1, ""111000011110"": 1, ""111001000100"": 1, ""111001111000"": 1, ""111001111010"": 1, ""111010001011"": 1, ""111011101001"": 1, ""111011101100"": 1, ""111101110011"": 1, ""111110000110"": 1, ""111110100000"": 2, ""111110100001"": 1, ""111110100110"": 1, ""111111000010"": 1, ""111111001010"": 1}"
ising,2,12,0.2143109957132682,1,42,100,1,8612,8692,479.64453125,1043.271472299999,3.1240998703626572,001000001010,3.2174007771263717,2.2533257811950014,5.688684749021538,-14.286834151600086,14.05778671029187,0.0933009067637145,4.4,"{""000000000100"": 1, ""000000110010"": 1, ""000001000000"": 1, ""000001010010"": 1, ""000001100011"": 1, ""000010101111"": 1, ""000010111000"": 1, ""000011010010"": 1, ""000011101100"": 1, ""000011101111"": 1, ""000100010000"": 1, ""000100011011"": 1, ""000100101011"": 1, ""000101001000"": 1, ""000101001100"": 1, ""000101100110"": 1, ""000101101001"": 1, ""000110000100"": 1, ""000110010001"": 1, ""000110010010"": 1, ""000110110010"": 1, ""000110110110"": 1, ""000110111101"": 1, ""000111000110"": 1, ""000111010110"": 1, ""000111010111"": 1, ""000111011111"": 1, ""000111100010"": 1, ""000111110011"": 1, ""000111111110"": 1, ""001000000000"": 1, ""001000000101"": 1, ""001000001010"": 2, ""001000010010"": 1, ""001000010101"": 1, ""001000011001"": 1, ""001000011110"": 1, ""001000100100"": 1, ""001000101010"": 1, ""001001011001"": 1, ""001001011110"": 1, ""001001100100"": 1, ""001001100110"": 1, ""001001111000"": 1, ""001010001001"": 1, ""001010100000"": 1, ""001010110001"": 1, ""001010111100"": 1, ""001011001000"": 1, ""001011011001"": 1, ""001011100011"": 1, ""001011101101"": 1, ""001100000011"": 1, ""001100110100"": 1, ""001110101001"": 1, ""001111010111"": 1, ""001111011101"": 1, ""010000010000"": 1, ""010000010011"": 1, ""010000110111"": 1, ""010010110001"": 1, ""010011000110"": 1, ""010110110000"": 1, ""010111001000"": 1, ""010111010110"": 1, ""010111010111"": 1, ""011000111000"": 1, ""011010001011"": 1, ""011010100100"": 1, ""011100001010"": 1, ""011100100110"": 1, ""011110101100"": 1, ""100000110100"": 1, ""100011101100"": 1, ""100100010100"": 1, ""100111000010"": 1, ""101011000111"": 1, ""101101111011"": 1, ""101101111110"": 1, ""110000010111"": 1, ""110000110110"": 1, ""110001100101"": 1, ""110101000001"": 1, ""111000010011"": 1, ""111000010100"": 1, ""111000100001"": 1, ""111000111110"": 1, ""111001010110"": 1, ""111001011110"": 1, ""111001111011"": 1, ""111011101101"": 1, ""111101000001"": 1, ""111101011110"": 1, ""111110100111"": 1, ""111110101100"": 1, ""111110101101"": 1, ""111111000100"": 1, ""111111100011"": 1, ""111111101101"": 1}"
ising,2,12,0.19842513149602486,1,42,100,1,8612,8692,485.5546875,1046.2901259000027,3.1240998703626572,000111111111,3.950427935713708,3.4887458294107287,5.774965790068289,-14.935864524068267,15.291480346069891,0.826328065351051,4.4,"{""000000000100"": 1, ""000000101011"": 1, ""000001001010"": 1, ""000010011100"": 1, ""000011000011"": 1, ""000011010111"": 1, ""000011011110"": 1, ""000011101110"": 1, ""000011111011"": 1, ""000101010001"": 1, ""000101011011"": 1, ""000101011110"": 1, ""000101011111"": 1, ""000101100110"": 1, ""000101101101"": 1, ""000101111101"": 1, ""000101111110"": 1, ""000110000001"": 1, ""000110000011"": 1, ""000110011011"": 1, ""000110100100"": 1, ""000110100110"": 1, ""000110101000"": 1, ""000111000110"": 1, ""000111001101"": 1, ""000111010101"": 1, ""000111100010"": 1, ""000111110010"": 1, ""000111111111"": 2, ""001000000100"": 1, ""001000000101"": 1, ""001000001000"": 1, ""001000001010"": 1, ""001000010101"": 1, ""001000010111"": 1, ""001000011010"": 1, ""001000011101"": 1, ""001000011110"": 1, ""001000100000"": 1, ""001000100101"": 1, ""001000101010"": 1, ""001001001100"": 1, ""001001100001"": 1, ""001001110000"": 1, ""001001110111"": 1, ""001001111001"": 1, ""001010011011"": 1, ""001010100001"": 1, ""001010110000"": 1, ""001010111100"": 1, ""001100000010"": 1, ""001100001101"": 1, ""001100010000"": 1, ""001100010011"": 1, ""001100010111"": 1, ""001101101001"": 1, ""001111000001"": 1, ""001111110000"": 1, ""010000000011"": 1, ""010000000101"": 1, ""010000010001"": 1, ""010000100101"": 1, ""010000101011"": 1, ""010001100100"": 1, ""010011000111"": 1, ""010011101101"": 1, ""010110111000"": 1, ""010111000100"": 1, ""010111010111"": 1, ""010111011001"": 1, ""011001110101"": 1, ""011010000011"": 1, ""011010001011"": 1, ""011010010111"": 1, ""011010101000"": 1, ""011101001011"": 1, ""011110100100"": 1, ""011110111010"": 1, ""100001110100"": 1, ""100011000011"": 1, ""100011011100"": 1, ""110001111111"": 1, ""110011101100"": 2, ""110100010101"": 1, ""110101100000"": 1, ""111000000101"": 1, ""111001000011"": 1, ""111001011000"": 1, ""111001100110"": 1, ""111001110010"": 1, ""111010000011"": 1, ""111100110111"": 1, ""111101000000"": 1, ""111101100001"": 1, ""111110101011"": 1, ""111110101101"": 1, ""111111000100"": 1, ""111111000111"": 1}"
ising,2,12,0.23146867807182253,1,42,100,1,8612,8692,473.89453125,1042.537995999999,3.1240998703626572,000111110010,3.3599719233575884,2.547349128008264,5.245735233805531,-12.27350690741273,13.22119129605205,0.2358720529949312,4.4,"{""000000100011"": 1, ""000000110100"": 1, ""000001100000"": 1, ""000010001011"": 1, ""000010101110"": 1, ""000010110000"": 1, ""000011011101"": 1, ""000100101010"": 1, ""000100101011"": 1, ""000100110011"": 1, ""000101001100"": 1, ""000101001101"": 1, ""000101011011"": 1, ""000110000001"": 1, ""000110000011"": 1, ""000110010100"": 1, ""000110101110"": 1, ""000110110110"": 1, ""000111010000"": 1, ""000111010110"": 1, ""000111010111"": 1, ""000111101011"": 1, ""000111101101"": 1, ""000111101110"": 1, ""000111110010"": 2, ""001000000100"": 2, ""001000001011"": 1, ""001000001110"": 1, ""001000011001"": 1, ""001000100111"": 1, ""001000101010"": 1, ""001001000010"": 1, ""001001010010"": 1, ""001001011010"": 1, ""001001011100"": 1, ""001001011101"": 1, ""001001101110"": 1, ""001001110100"": 1, ""001010010001"": 1, ""001010111000"": 1, ""001011010000"": 1, ""001011010010"": 1, ""001011010011"": 1, ""001011011101"": 1, ""001011100110"": 1, ""001011101000"": 1, ""001100000001"": 1, ""001100010001"": 1, ""001100100011"": 1, ""001100110110"": 1, ""001101111001"": 1, ""001110001010"": 1, ""001110101000"": 1, ""001110101100"": 1, ""001110111110"": 1, ""001111000111"": 1, ""001111100001"": 1, ""010000000100"": 1, ""010000010111"": 1, ""010000011100"": 1, ""010000011111"": 1, ""010000101111"": 1, ""010001001101"": 1, ""010010111000"": 1, ""010011101100"": 1, ""010110001101"": 1, ""010110101001"": 1, ""010111001000"": 1, ""010111011110"": 1, ""011010100000"": 1, ""011100011110"": 1, ""011101001011"": 1, ""011110101011"": 1, ""011111001011"": 1, ""100011000100"": 1, ""100011101000"": 1, ""100100010100"": 1, ""101000110100"": 1, ""101101100110"": 1, ""101111100011"": 1, ""110000110101"": 1, ""110001101101"": 1, ""110010111110"": 1, ""110100000111"": 1, ""110100001000"": 1, ""110110110000"": 1, ""111000000101"": 1, ""111000001010"": 1, ""111001010100"": 2, ""111001011110"": 1, ""111001111011"": 1, ""111010001010"": 1, ""111010100101"": 1, ""111100110001"": 1, ""111110101011"": 1, ""111110111011"": 1, ""111111100010"": 1}"
ising,2,12,0.25,1,42,100,1,8612,8692,478.390625,1045.0842166000002,3.1240998703626572,111110100011,3.51588396583389,2.6974745358811423,4.316234311185665,-10.35743827980385,11.98345791496263,0.3917840954712326,4.4,"{""000000001111"": 1, ""000000100110"": 1, ""000000110000"": 1, ""000000111010"": 1, ""000001010111"": 1, ""000001100001"": 1, ""000011001100"": 1, ""000011011101"": 1, ""000011101100"": 1, ""000011101111"": 1, ""000100110011"": 1, ""000100111011"": 1, ""000101011001"": 1, ""000110000001"": 1, ""000110100100"": 1, ""000110101011"": 1, ""000111010010"": 1, ""000111100100"": 1, ""000111100101"": 1, ""000111101011"": 1, ""000111101110"": 1, ""000111110010"": 1, ""001000010110"": 1, ""001000011111"": 1, ""001000100010"": 1, ""001000111100"": 2, ""001000111110"": 1, ""001001000000"": 1, ""001001001000"": 1, ""001001001110"": 1, ""001001010010"": 1, ""001001010101"": 1, ""001001011100"": 1, ""001001101110"": 1, ""001001110100"": 1, ""001001111101"": 1, ""001001111111"": 1, ""001011000111"": 1, ""001011010010"": 1, ""001011010011"": 1, ""001011011100"": 1, ""001011101100"": 1, ""001011101101"": 1, ""001100000000"": 1, ""001100000100"": 1, ""001100000111"": 1, ""001100010100"": 1, ""001100011010"": 1, ""001100110010"": 1, ""001100110110"": 1, ""001100110111"": 1, ""001101001000"": 1, ""001110001100"": 1, ""001110011000"": 1, ""001110111001"": 1, ""001111001111"": 1, ""010000101011"": 1, ""010000111011"": 1, ""010000111100"": 1, ""010001000000"": 1, ""010001100111"": 1, ""010001101100"": 1, ""010001110110"": 1, ""010010000000"": 1, ""010010100100"": 1, ""010010100101"": 1, ""010010110001"": 1, ""010011000011"": 1, ""010011111000"": 1, ""010110010101"": 1, ""010110101110"": 1, ""010111000100"": 1, ""010111001011"": 1, ""010111100010"": 1, ""011101001011"": 1, ""011110100001"": 1, ""100101101000"": 1, ""101000110110"": 1, ""101010000110"": 1, ""110001000100"": 1, ""110001111100"": 1, ""110010000001"": 1, ""110010111110"": 1, ""110100101001"": 1, ""110111010100"": 1, ""110111101010"": 1, ""111000010101"": 1, ""111000101010"": 1, ""111001110010"": 1, ""111010001011"": 1, ""111010100101"": 1, ""111011111101"": 1, ""111100011111"": 1, ""111100101001"": 1, ""111100110001"": 1, ""111110100011"": 2, ""111110100110"": 1, ""111111100100"": 1}"
ising,2,12,0.27001493472307647,1,42,100,1,8612,8692,488.12109375,1046.2754702999991,3.1240998703626572,110011001100,3.192775998393886,2.2357953632881027,4.922912798865917,-10.964515439324199,11.09518064922288,0.06867612803122869,4.4,"{""000000000110"": 1, ""000000001111"": 1, ""000000100011"": 1, ""000000111010"": 1, ""000011000101"": 1, ""000011100000"": 1, ""000011101110"": 1, ""000100000001"": 1, ""000100111011"": 1, ""000101001101"": 1, ""000101101000"": 1, ""000110000010"": 1, ""000110010101"": 1, ""000111010111"": 2, ""000111100010"": 1, ""000111100100"": 1, ""000111100110"": 1, ""000111101101"": 1, ""000111111111"": 1, ""001000000101"": 1, ""001000011010"": 1, ""001000011110"": 2, ""001000101010"": 1, ""001000111010"": 1, ""001001000010"": 1, ""001001001001"": 1, ""001001010010"": 1, ""001001011001"": 1, ""001001100001"": 1, ""001001111000"": 1, ""001010000110"": 1, ""001010010001"": 1, ""001010011100"": 1, ""001010110101"": 1, ""001011101101"": 1, ""001011110011"": 1, ""001011111001"": 1, ""001100000110"": 1, ""001100010001"": 1, ""001100010011"": 2, ""001100010111"": 1, ""001100110110"": 2, ""001101001111"": 1, ""001101010101"": 1, ""001110000010"": 1, ""001110100000"": 1, ""001111000111"": 1, ""001111100010"": 1, ""010000000001"": 1, ""010000100011"": 1, ""010000100100"": 1, ""010001000111"": 1, ""010001101110"": 1, ""010001110000"": 1, ""010010001011"": 1, ""010010011011"": 1, ""010010111010"": 1, ""010011000010"": 1, ""010011101101"": 1, ""010011110011"": 1, ""010110000000"": 1, ""010110110000"": 1, ""010111000100"": 1, ""010111000110"": 1, ""010111001001"": 1, ""010111001111"": 1, ""010111111110"": 1, ""011001001110"": 1, ""011001101110"": 1, ""011100100110"": 1, ""011110100001"": 1, ""100001110110"": 1, ""100010011111"": 1, ""100011000111"": 1, ""100100000000"": 1, ""101000001010"": 1, ""101001010011"": 1, ""101011011100"": 1, ""101110011000"": 1, ""110000010111"": 1, ""110010011100"": 1, ""110011001100"": 2, ""110011111010"": 1, ""110101101010"": 1, ""110101111101"": 1, ""111000000101"": 1, ""111000010101"": 1, ""111010011101"": 1, ""111011100100"": 1, ""111100000000"": 1, ""111100110000"": 1, ""111110011011"": 1, ""111110100010"": 1, ""111110100011"": 1, ""111111100100"": 1}"
ising,2,12,0.29163225989402897,1,42,100,1,8612,8692,487.5546875,1045.6259576000011,3.1240998703626572,010010000011,3.5899385346202086,2.332381750946949,5.3452548146823595,-10.530486368219279,9.962408182521134,0.4658386642575514,4.4,"{""000001000000"": 1, ""000001100111"": 1, ""000011000101"": 1, ""000011101011"": 1, ""000101110010"": 1, ""000110001100"": 1, ""000110010101"": 1, ""000111100110"": 1, ""000111101000"": 1, ""000111101001"": 1, ""000111101100"": 1, ""001000101010"": 1, ""001000111001"": 1, ""001001000111"": 1, ""001001001100"": 1, ""001001001111"": 1, ""001001010001"": 1, ""001001010010"": 1, ""001001011010"": 1, ""001001011110"": 1, ""001001100110"": 1, ""001001110100"": 1, ""001001110101"": 1, ""001001111000"": 1, ""001010000101"": 1, ""001011010000"": 1, ""001011101110"": 1, ""001011110101"": 1, ""001100000001"": 1, ""001100000111"": 1, ""001100010001"": 1, ""001101001000"": 1, ""001101111011"": 1, ""001110110001"": 1, ""001111000111"": 1, ""001111100010"": 1, ""001111101111"": 2, ""010000000000"": 1, ""010000000100"": 1, ""010000100100"": 1, ""010000100101"": 1, ""010000101111"": 1, ""010000111000"": 1, ""010000111011"": 1, ""010000111110"": 1, ""010001011100"": 1, ""010001100000"": 1, ""010001100110"": 1, ""010001110000"": 1, ""010001111011"": 1, ""010010000011"": 3, ""010010001011"": 1, ""010010010100"": 1, ""010010110000"": 1, ""010011000011"": 1, ""010011111010"": 1, ""010100000100"": 1, ""010100010011"": 1, ""010110100001"": 1, ""010111000100"": 1, ""010111001011"": 1, ""010111010110"": 1, ""010111010111"": 1, ""010111101000"": 1, ""010111111111"": 1, ""011000010101"": 1, ""011000011000"": 1, ""011001100110"": 1, ""011010001101"": 1, ""011010101111"": 1, ""011101001111"": 1, ""011101100110"": 1, ""100000101110"": 1, ""100001101100"": 1, ""100001110110"": 1, ""100010001010"": 1, ""100011101110"": 1, ""100100000000"": 1, ""101000001010"": 1, ""101001000100"": 1, ""101001010010"": 1, ""101011110011"": 1, ""101101101001"": 1, ""101101111110"": 1, ""101110110000"": 1, ""110000110111"": 1, ""110000111110"": 1, ""110001010110"": 1, ""110001110001"": 1, ""110010111000"": 1, ""110011100010"": 1, ""110011100101"": 1, ""111011101101"": 1, ""111100011011"": 1, ""111101100000"": 1, ""111110010011"": 1, ""111111100000"": 1}"
ising,2,12,0.314980262473718,1,42,100,1,8612,8692,478.35546875,1042.3455571000013,3.1240998703626572,010000100001,3.5283768960471917,2.4580295196313853,4.680992325217285,-9.900883684836357,9.78887171988248,0.4042770256845345,4.4,"{""000000001000"": 1, ""000000100011"": 1, ""000001000000"": 1, ""000010110111"": 1, ""000011000101"": 1, ""000011010111"": 1, ""000101010101"": 1, ""000101011110"": 1, ""000110001111"": 1, ""000111100001"": 1, ""000111100100"": 1, ""000111111111"": 1, ""001000010100"": 1, ""001000100101"": 1, ""001000101010"": 2, ""001000111100"": 1, ""001001000000"": 1, ""001001001100"": 1, ""001001011010"": 1, ""001001011101"": 1, ""001001110101"": 1, ""001001110110"": 1, ""001001111101"": 1, ""001010101101"": 1, ""001010110001"": 1, ""001010110110"": 1, ""001011110011"": 2, ""001100001110"": 1, ""001100010001"": 1, ""001100010101"": 1, ""001100010111"": 1, ""001110001011"": 1, ""001110010011"": 1, ""001110111100"": 1, ""001111000101"": 1, ""001111001010"": 1, ""001111010111"": 1, ""001111100000"": 1, ""001111100011"": 1, ""001111111110"": 1, ""010000001000"": 1, ""010000100000"": 2, ""010000100001"": 2, ""010000101111"": 1, ""010000111000"": 1, ""010000111001"": 1, ""010001010011"": 1, ""010001011100"": 1, ""010001101110"": 1, ""010001110101"": 1, ""010001111000"": 1, ""010010000110"": 1, ""010010001100"": 1, ""010010010011"": 1, ""010010100001"": 1, ""010010110011"": 1, ""010010111011"": 1, ""010011010010"": 1, ""010011111101"": 1, ""010100111100"": 1, ""010101000111"": 1, ""010101011100"": 1, ""010110000000"": 1, ""010111000110"": 1, ""010111001110"": 1, ""011000010101"": 1, ""011001100110"": 1, ""011100101110"": 1, ""011101001110"": 1, ""011101100111"": 1, ""011110100001"": 1, ""011110100010"": 1, ""011111011010"": 1, ""100000001111"": 1, ""100000010111"": 1, ""100001110110"": 1, ""100010001000"": 1, ""100011111100"": 1, ""100111011100"": 1, ""101001010000"": 1, ""101001110000"": 1, ""101101111110"": 1, ""101110011001"": 1, ""110001001111"": 1, ""110001100101"": 1, ""110010010110"": 1, ""110011100000"": 1, ""110100100101"": 1, ""111011101101"": 2, ""111100100101"": 1, ""111100110110"": 1, ""111101100011"": 1, ""111101111011"": 1, ""111110010000"": 1, ""111111000000"": 1}"
ising,2,12,0.3401975000435943,1,42,100,1,8612,8692,484.6953125,1038.5950727000018,3.1240998703626572,001101111000,4.004070986611879,2.142358341395311,4.4924401834245575,-9.189523277832219,9.117377854650021,0.8799711162492216,4.4,"{""000011010111"": 1, ""000011100101"": 1, ""000100110000"": 1, ""000101011110"": 1, ""000101101110"": 1, ""000111000110"": 1, ""000111001000"": 1, ""000111101101"": 1, ""001000011111"": 1, ""001000110111"": 1, ""001001001011"": 1, ""001001011100"": 1, ""001001110101"": 1, ""001010011101"": 1, ""001011000000"": 1, ""001011010101"": 1, ""001011101110"": 1, ""001011110011"": 1, ""001011111010"": 1, ""001100000111"": 1, ""001101001010"": 1, ""001101010101"": 1, ""001101101101"": 1, ""001101111000"": 2, ""001110000001"": 1, ""001110001101"": 1, ""001110010100"": 1, ""001110100010"": 1, ""001110101111"": 1, ""001111000000"": 1, ""001111000100"": 1, ""001111001011"": 1, ""001111001111"": 1, ""001111011011"": 1, ""001111011110"": 1, ""001111110101"": 1, ""001111111001"": 1, ""001111111111"": 1, ""010000000100"": 1, ""010000001110"": 1, ""010000010001"": 1, ""010000011101"": 1, ""010000100011"": 1, ""010000100111"": 1, ""010001000000"": 1, ""010001000010"": 1, ""010001010100"": 1, ""010001010111"": 1, ""010001011010"": 1, ""010001100100"": 1, ""010001101100"": 1, ""010001110011"": 1, ""010001111000"": 1, ""010010001101"": 1, ""010010010011"": 1, ""010010011100"": 1, ""010010100000"": 1, ""010010101000"": 1, ""010011100001"": 1, ""010011111100"": 1, ""010011111101"": 1, ""010100000111"": 1, ""010100100011"": 1, ""010101101000"": 1, ""010111000100"": 1, ""011000010101"": 1, ""011000100001"": 1, ""011000111000"": 1, ""011001110001"": 1, ""011011010111"": 1, ""011101111011"": 1, ""011110111010"": 1, ""011111100110"": 1, ""100000001010"": 1, ""100000100111"": 1, ""100001000000"": 1, ""100111010000"": 1, ""101000110110"": 1, ""101001101101"": 1, ""101001110000"": 1, ""101011000111"": 1, ""101011001011"": 1, ""101101001000"": 1, ""101101100011"": 1, ""101110010000"": 1, ""101110111000"": 1, ""110000000011"": 1, ""110000010111"": 1, ""110010000101"": 1, ""110010111111"": 1, ""110011001100"": 1, ""110011111100"": 1, ""110111101000"": 1, ""111000000110"": 1, ""111000101010"": 1, ""111100011011"": 1, ""111100100001"": 1, ""111110000000"": 1, ""111110001000"": 1}"
ising,2,12,0.36743362306889965,1,42,100,1,8612,8692,485.65234375,1041.0596210999975,3.1240998703626572,010001111000,3.6613447069416454,1.9339164294145705,4.516808644812693,-8.499997518053808,8.395626232223087,0.5372448365789881,4.4,"{""000010011101"": 1, ""000010110011"": 1, ""000101011110"": 1, ""000111000110"": 1, ""000111001001"": 1, ""000111001111"": 1, ""000111011111"": 1, ""001000001110"": 1, ""001000100110"": 1, ""001000101010"": 1, ""001001010010"": 1, ""001001100010"": 1, ""001001110101"": 1, ""001001111000"": 1, ""001001111101"": 1, ""001010010000"": 1, ""001010011101"": 1, ""001011000101"": 1, ""001011010100"": 1, ""001011011001"": 1, ""001100000001"": 1, ""001100010111"": 1, ""001101010001"": 1, ""001110001001"": 1, ""001110010111"": 1, ""001110101101"": 1, ""001110111000"": 1, ""001111001011"": 1, ""001111011011"": 1, ""001111101000"": 1, ""001111110000"": 1, ""001111110100"": 1, ""001111111000"": 1, ""001111111110"": 1, ""010000000011"": 1, ""010000010001"": 1, ""010000010100"": 1, ""010000010111"": 1, ""010000100001"": 1, ""010000100010"": 1, ""010000101011"": 1, ""010000101111"": 1, ""010000110000"": 1, ""010001000110"": 1, ""010001011011"": 1, ""010001011101"": 1, ""010001100100"": 1, ""010001100101"": 1, ""010001101010"": 1, ""010001111000"": 2, ""010010000011"": 1, ""010010010001"": 1, ""010010010110"": 1, ""010010111100"": 1, ""010011010011"": 1, ""010100110111"": 1, ""010101001101"": 1, ""010101100011"": 1, ""010111010111"": 1, ""010111011100"": 1, ""010111101100"": 1, ""011000011100"": 1, ""011000110000"": 1, ""011001011100"": 1, ""011001110000"": 1, ""011011001011"": 1, ""011011101010"": 1, ""011100101100"": 1, ""011101100111"": 1, ""011110100100"": 1, ""011110100111"": 1, ""011111011011"": 1, ""100000001100"": 1, ""100000100111"": 1, ""100001000000"": 1, ""100001001100"": 1, ""100001101100"": 1, ""100100110011"": 1, ""100111000010"": 1, ""100111010001"": 1, ""101000110110"": 1, ""101001100001"": 1, ""101011001010"": 1, ""101011110111"": 1, ""101110000111"": 1, ""101110010101"": 1, ""101111101100"": 1, ""110000000101"": 1, ""110000000110"": 1, ""110010000101"": 1, ""110011011111"": 1, ""110101101100"": 1, ""110110111100"": 1, ""111000000110"": 1, ""111011101101"": 1, ""111100011011"": 1, ""111100110111"": 1, ""111101110111"": 1, ""111110000001"": 1}"
ising,2,12,0.39685026299204973,1,42,100,1,8612,8692,494.51171875,1043.0267108000007,3.1240998703626572,010000100001,3.8363989493110133,2.2777966477078024,4.123616747876206,-7.87766353520992,7.684394066730776,0.7122990789483561,4.4,"{""000010100011"": 1, ""000010110111"": 1, ""000101010101"": 1, ""000101011111"": 1, ""000111111110"": 1, ""001001001100"": 1, ""001001011010"": 1, ""001001100001"": 1, ""001001110100"": 1, ""001010101110"": 1, ""001010110110"": 1, ""001100010001"": 1, ""001100010101"": 1, ""001100011000"": 1, ""001101011101"": 1, ""001101101110"": 1, ""001101110001"": 1, ""001110001011"": 1, ""001110101100"": 1, ""001110111000"": 1, ""001111000000"": 1, ""001111000100"": 1, ""001111000110"": 1, ""001111001010"": 1, ""001111100000"": 1, ""001111100001"": 1, ""010000001000"": 1, ""010000010101"": 1, ""010000010111"": 1, ""010000100001"": 2, ""010000101010"": 1, ""010000101111"": 1, ""010000111001"": 1, ""010001010011"": 1, ""010001010100"": 1, ""010001010111"": 1, ""010001100101"": 1, ""010001100110"": 1, ""010001110110"": 1, ""010001111000"": 1, ""010001111100"": 1, ""010010000011"": 1, ""010010001100"": 1, ""010010001111"": 1, ""010010100000"": 1, ""010010110111"": 1, ""010011010010"": 1, ""010011101100"": 1, ""010011111011"": 1, ""010011111101"": 1, ""010011111110"": 1, ""010100000111"": 1, ""010100001110"": 1, ""010100111100"": 1, ""010101011100"": 1, ""010110000000"": 1, ""010111000000"": 1, ""010111000100"": 1, ""010111010111"": 1, ""010111100011"": 1, ""010111100100"": 1, ""010111101100"": 1, ""010111111110"": 1, ""011000010100"": 1, ""011000100000"": 1, ""011000111100"": 1, ""011000111110"": 1, ""011011110011"": 1, ""011100101110"": 1, ""011101001010"": 1, ""011101100111"": 1, ""011110100000"": 1, ""011110100010"": 1, ""011111000100"": 1, ""100000001010"": 1, ""100000111110"": 1, ""100001000000"": 1, ""100001110100"": 1, ""100001111000"": 1, ""100011000101"": 1, ""101000101010"": 1, ""101001010000"": 1, ""101101110011"": 1, ""101101111110"": 1, ""101110000001"": 1, ""101110011001"": 1, ""110000000001"": 1, ""110010000110"": 1, ""110010001000"": 1, ""110010110110"": 1, ""110011010110"": 1, ""110011100010"": 1, ""110100100101"": 1, ""111011101101"": 2, ""111100011011"": 1, ""111100100010"": 1, ""111101100011"": 1, ""111110001010"": 1}"
ising,2,12,0.4286219914265361,1,42,100,1,8612,8692,484.91796875,1041.5693667000014,3.1240998703626572,010111100100,3.6737062266075897,1.7883952640020249,4.097333220278313,-7.164890273422693,7.265098528995039,0.5496063562449325,4.4,"{""000000100011"": 1, ""000100010001"": 1, ""001001000110"": 1, ""001001001010"": 1, ""001001010001"": 1, ""001001011010"": 1, ""001001110100"": 1, ""001010000110"": 1, ""001011101000"": 1, ""001011111110"": 1, ""001100000001"": 1, ""001100010111"": 1, ""001100110111"": 1, ""001101011001"": 1, ""001110001110"": 1, ""001110010100"": 1, ""001110011011"": 1, ""001111011110"": 1, ""001111100010"": 1, ""001111100101"": 1, ""010000000001"": 1, ""010000000100"": 1, ""010000000111"": 1, ""010000001000"": 1, ""010000100000"": 1, ""010000100100"": 1, ""010000110000"": 1, ""010000111010"": 1, ""010000111100"": 1, ""010001000101"": 1, ""010001010010"": 1, ""010001100110"": 2, ""010001100111"": 1, ""010001101100"": 1, ""010001110000"": 1, ""010001110110"": 1, ""010010000011"": 2, ""010010111000"": 1, ""010011001101"": 1, ""010011011010"": 1, ""010011101111"": 1, ""010011110010"": 1, ""010011111101"": 1, ""010100010000"": 1, ""010100010011"": 1, ""010101100111"": 1, ""010101110000"": 1, ""010101111000"": 1, ""010110010001"": 1, ""010110010010"": 1, ""010110011010"": 1, ""010110100000"": 1, ""010110101110"": 1, ""010111000111"": 1, ""010111001111"": 1, ""010111010111"": 1, ""010111100010"": 1, ""010111100100"": 2, ""010111101100"": 1, ""010111111110"": 1, ""011000011110"": 1, ""011000101111"": 1, ""011000110000"": 1, ""011010001101"": 1, ""011100011011"": 1, ""011110101101"": 1, ""011111001011"": 1, ""011111101110"": 1, ""100000101110"": 1, ""100001011100"": 1, ""100001100000"": 1, ""100001110110"": 1, ""100010011010"": 1, ""100011000101"": 1, ""100111000111"": 1, ""101000001010"": 1, ""101000101010"": 1, ""101001001010"": 1, ""101001001011"": 1, ""101001111101"": 1, ""101010011110"": 1, ""101100000100"": 1, ""101101001100"": 1, ""101101110111"": 1, ""101110110000"": 1, ""110000111011"": 1, ""110000111110"": 1, ""110010001010"": 1, ""110011100011"": 1, ""110011101100"": 1, ""110100100100"": 1, ""111011101101"": 1, ""111011111011"": 1, ""111100001001"": 1, ""111100100001"": 1, ""111110101011"": 1, ""111111100000"": 1}"
ising,2,12,0.46293735614364534,1,42,100,1,8612,8692,486.3828125,1043.6128382000024,3.1240998703626572,010000111010,3.6118041385204833,2.3350148076446,3.5211625035720386,-6.497933867558411,6.6934351924875,0.4877042681578261,4.4,"{""000110101011"": 1, ""000111110011"": 1, ""001000000100"": 1, ""001000111110"": 1, ""001001000000"": 1, ""001001001110"": 1, ""001001011100"": 1, ""001001110100"": 1, ""001001110110"": 1, ""001001111101"": 1, ""001010101110"": 1, ""001010110001"": 1, ""001011100001"": 1, ""001011101001"": 1, ""001100011001"": 1, ""001100110110"": 1, ""001101010001"": 1, ""001110000001"": 1, ""001110111001"": 1, ""001111001111"": 1, ""001111101010"": 1, ""001111101110"": 1, ""010000001111"": 1, ""010000101111"": 1, ""010000111010"": 2, ""010000111011"": 1, ""010000111100"": 1, ""010001000000"": 1, ""010001000100"": 1, ""010001010010"": 1, ""010010000000"": 1, ""010010000001"": 1, ""010010000110"": 1, ""010010100100"": 1, ""010010100101"": 1, ""010011000011"": 1, ""010011001100"": 1, ""010011010011"": 1, ""010011100101"": 1, ""010011101100"": 1, ""010011101111"": 1, ""010011111000"": 1, ""010011111100"": 1, ""010011111101"": 1, ""010100100000"": 1, ""010100101001"": 1, ""010100110010"": 1, ""010100110011"": 1, ""010101000111"": 1, ""010101001000"": 1, ""010110010101"": 1, ""010110100011"": 1, ""010110100100"": 1, ""010110101110"": 1, ""010110110010"": 1, ""010110111110"": 1, ""010111000110"": 1, ""010111001100"": 1, ""010111010100"": 1, ""010111010101"": 1, ""010111011011"": 1, ""010111100010"": 1, ""011000010101"": 1, ""011000011111"": 1, ""011000100010"": 1, ""011000100110"": 1, ""011000101010"": 1, ""011000110000"": 1, ""011000111100"": 1, ""011001000111"": 1, ""011001101100"": 1, ""011001101110"": 1, ""011001110010"": 1, ""011001111100"": 1, ""011001111111"": 1, ""011100100110"": 1, ""011101001011"": 1, ""011111100100"": 1, ""100001010111"": 1, ""100001100001"": 1, ""100001110110"": 1, ""100011011101"": 1, ""100100000000"": 1, ""100100111011"": 1, ""100111100100"": 1, ""101001001010"": 1, ""101001100111"": 1, ""101001101100"": 1, ""101011110010"": 1, ""101100010111"": 1, ""101101011100"": 1, ""101111011000"": 1, ""110011101100"": 1, ""110101000101"": 1, ""111010001011"": 1, ""111100100111"": 1, ""111100101001"": 1, ""111100110001"": 1, ""111110100010"": 1}"
ising,2,12,0.5400298694461529,1,42,100,1,8612,8692,482.5,1041.493011300001,3.1240998703626572,110011111001,3.9923902720129947,2.023151936918204,3.7091604941674006,-5.5333875844050615,5.6924582747165005,0.8682904016503374,4.4,"{""000010011001"": 1, ""000011100011"": 1, ""000011101111"": 1, ""000110001010"": 1, ""000110111000"": 1, ""000110111110"": 1, ""000111000011"": 1, ""001000001011"": 1, ""001000010101"": 1, ""001101000110"": 1, ""001101011111"": 1, ""001111110110"": 1, ""010000100001"": 1, ""010001100101"": 1, ""010010001100"": 1, ""010010100001"": 1, ""010011000110"": 1, ""010011001000"": 1, ""010011010000"": 1, ""010100000100"": 1, ""010100010011"": 1, ""010100110111"": 1, ""010101010100"": 1, ""010110100111"": 1, ""010111100010"": 1, ""010111111000"": 1, ""011000000000"": 1, ""011000000111"": 1, ""011000010101"": 1, ""011000011000"": 2, ""011000100100"": 1, ""011000110011"": 1, ""011000111000"": 1, ""011000111110"": 1, ""011001000000"": 2, ""011001010100"": 1, ""011001011011"": 1, ""011001011101"": 1, ""011001101010"": 1, ""011001110000"": 1, ""011001110100"": 1, ""011001110111"": 1, ""011001111010"": 2, ""011010000011"": 1, ""011010010001"": 1, ""011010010110"": 2, ""011010011011"": 1, ""011010100010"": 1, ""011010101101"": 1, ""011011010110"": 1, ""011011011011"": 1, ""011011011101"": 1, ""011011101101"": 1, ""011011111001"": 1, ""011011111011"": 1, ""011011111110"": 1, ""011100100011"": 1, ""011100101000"": 1, ""011100110110"": 1, ""011101001001"": 1, ""011101010001"": 1, ""011101100001"": 1, ""011110001100"": 1, ""011110011101"": 1, ""011110101100"": 1, ""011110101110"": 1, ""011111000100"": 1, ""011111001011"": 1, ""011111010100"": 1, ""100001100100"": 1, ""100011000000"": 1, ""100011010111"": 1, ""100011101110"": 1, ""100011110000"": 1, ""100101001110"": 1, ""100101011011"": 1, ""100110010001"": 1, ""100110101001"": 1, ""100111110111"": 1, ""101000001010"": 1, ""101000100110"": 1, ""101000111100"": 1, ""101001000010"": 1, ""101001101100"": 1, ""101001111000"": 1, ""101100010111"": 1, ""101101010010"": 1, ""101101101001"": 1, ""110000010111"": 1, ""110011111001"": 2, ""110110000100"": 1, ""111001111000"": 1, ""111010001011"": 1, ""111101111100"": 1, ""111110100001"": 1}"
ising,2,12,0.5,1,42,100,1,8612,8692,485.3828125,1047.6502335999976,3.1240998703626572,011000010011,3.35021404074224,2.029671339683007,3.532602840688733,-6.175806652027592,6.0991076126333095,0.2261141703795828,4.4,"{""000000110111"": 1, ""000011011101"": 1, ""000011101111"": 1, ""000110010001"": 1, ""000110100110"": 1, ""000111111110"": 1, ""001000011110"": 1, ""001000100100"": 1, ""001001010110"": 1, ""001001011110"": 1, ""001001100100"": 1, ""001001111110"": 1, ""001010001011"": 1, ""001011100011"": 1, ""001011101101"": 1, ""001101111000"": 1, ""001110101100"": 1, ""001111001010"": 1, ""001111011101"": 1, ""001111011111"": 1, ""010000000100"": 1, ""010000001110"": 1, ""010000010111"": 1, ""010000110001"": 1, ""010000110110"": 1, ""010001010010"": 1, ""010001100101"": 1, ""010010101010"": 1, ""010011000110"": 1, ""010011001000"": 1, ""010011010010"": 1, ""010011101100"": 1, ""010011101101"": 1, ""010100100110"": 1, ""010100110110"": 1, ""010101100110"": 1, ""010110000100"": 1, ""010110001001"": 1, ""010110010010"": 1, ""010110100111"": 1, ""010110101001"": 1, ""010110101101"": 1, ""010110110000"": 1, ""010111001000"": 1, ""010111010110"": 1, ""010111010111"": 1, ""010111100010"": 1, ""010111110011"": 1, ""011000000000"": 1, ""011000000011"": 1, ""011000000101"": 1, ""011000001010"": 1, ""011000010011"": 2, ""011000011001"": 2, ""011000100001"": 1, ""011000101011"": 1, ""011000111000"": 1, ""011001000000"": 1, ""011001010110"": 2, ""011001111011"": 1, ""011010101000"": 1, ""011010111000"": 1, ""011010111100"": 1, ""011011010011"": 1, ""011011101101"": 1, ""011100001010"": 1, ""011100010000"": 1, ""011100110100"": 1, ""011101010101"": 1, ""011110101100"": 1, ""011110110010"": 1, ""011111000100"": 1, ""100000100011"": 1, ""100010110001"": 1, ""100100010100"": 1, ""100100011011"": 1, ""100101001100"": 1, ""100110010010"": 1, ""100110110010"": 1, ""100111000010"": 1, ""100111010111"": 1, ""101000101010"": 1, ""101001100110"": 1, ""101100011001"": 1, ""101101010111"": 1, ""101101101001"": 1, ""101110100000"": 1, ""110000111110"": 1, ""110010101111"": 1, ""110011101100"": 1, ""110101000001"": 1, ""111000010100"": 1, ""111000110100"": 1, ""111011000111"": 1, ""111101000001"": 1, ""111101011110"": 1, ""111111100011"": 1}"
ising,2,12,0.5832645197880579,1,42,100,1,8612,8692,479.4296875,1046.7281894999978,3.1240998703626572,011001110011,4.325021186947203,2.1296093985519176,3.774112294716835,-5.375702831328722,5.346772923723724,1.2009213165845458,4.4,"{""000000100001"": 1, ""000000100011"": 1, ""000011001101"": 1, ""000110001011"": 1, ""001000001011"": 1, ""001100000001"": 1, ""001110100011"": 1, ""001111100101"": 1, ""001111110010"": 1, ""001111111100"": 1, ""010000100100"": 1, ""010011000100"": 1, ""010011010011"": 1, ""010011100100"": 1, ""010100010001"": 1, ""010100100110"": 1, ""010110101011"": 1, ""010110111100"": 1, ""010111101100"": 1, ""011000001000"": 1, ""011000011011"": 1, ""011000011100"": 1, ""011001000000"": 1, ""011001010010"": 1, ""011001100001"": 1, ""011001100110"": 1, ""011001110011"": 2, ""011001110110"": 1, ""011001111101"": 2, ""011010000011"": 1, ""011010001001"": 1, ""011010100101"": 1, ""011010100110"": 1, ""011010101101"": 1, ""011010110000"": 1, ""011011000000"": 1, ""011011001101"": 1, ""011011010100"": 1, ""011011010110"": 1, ""011011011100"": 1, ""011011011111"": 1, ""011011100010"": 1, ""011011101110"": 1, ""011011110101"": 1, ""011011110111"": 1, ""011011111001"": 1, ""011100000000"": 1, ""011100001000"": 1, ""011100001010"": 1, ""011100010000"": 1, ""011100010111"": 1, ""011100011000"": 1, ""011100011010"": 1, ""011100100000"": 1, ""011100100100"": 1, ""011100101011"": 1, ""011100110011"": 1, ""011100110100"": 1, ""011100111000"": 2, ""011101001011"": 1, ""011101010001"": 1, ""011101011110"": 1, ""011101100000"": 1, ""011101100010"": 1, ""011101100100"": 1, ""011101110011"": 1, ""011101110101"": 1, ""011110000001"": 1, ""011110000111"": 1, ""011110010100"": 1, ""011111000000"": 1, ""011111001100"": 1, ""011111110001"": 1, ""100000000100"": 1, ""100000000110"": 1, ""100000010111"": 1, ""100000011000"": 1, ""100000100001"": 1, ""100000101111"": 1, ""100000111110"": 1, ""100010110010"": 1, ""100011010111"": 1, ""100011011100"": 1, ""100011011110"": 1, ""100011101110"": 1, ""100011111100"": 1, ""100100001001"": 1, ""100100001011"": 1, ""100101000001"": 1, ""100101111111"": 1, ""101001010001"": 1, ""101010011011"": 1, ""101110110111"": 1, ""110000100001"": 1, ""110011111100"": 1, ""111010000001"": 1, ""111111100011"": 1}"
ising,2,12,0.629960524947436,1,42,100,1,8612,8692,487.53125,1045.166949800001,3.1240998703626572,011100111110,4.43421278654378,2.2164002308841373,3.69374165003016,-4.972357226865677,4.884695689075684,1.3101129161811227,4.4,"{""000010100001"": 1, ""000010111100"": 1, ""001001010101"": 1, ""010000001001"": 1, ""010000011100"": 1, ""010011010011"": 1, ""010110001000"": 1, ""010111111111"": 1, ""011000010110"": 1, ""011001100110"": 1, ""011001110010"": 1, ""011010000100"": 1, ""011010010010"": 1, ""011010101001"": 1, ""011011000100"": 1, ""011011100001"": 1, ""011011101101"": 1, ""011011110000"": 1, ""011011111101"": 1, ""011011111110"": 1, ""011100010001"": 2, ""011100010011"": 1, ""011100011000"": 1, ""011100011100"": 1, ""011100011110"": 1, ""011100100000"": 1, ""011100100110"": 1, ""011100101000"": 1, ""011100101001"": 1, ""011100101111"": 1, ""011100111011"": 1, ""011100111100"": 1, ""011100111110"": 3, ""011101000010"": 1, ""011101000011"": 3, ""011101000100"": 1, ""011101000101"": 1, ""011101000110"": 1, ""011101001001"": 2, ""011101001010"": 1, ""011101001100"": 1, ""011101001110"": 2, ""011101010001"": 2, ""011101010011"": 1, ""011101010101"": 2, ""011101010110"": 1, ""011101010111"": 1, ""011101011010"": 1, ""011101011101"": 1, ""011101100010"": 1, ""011101100100"": 1, ""011101110000"": 1, ""011101110010"": 1, ""011101110100"": 1, ""011101111111"": 1, ""011110000011"": 1, ""011110000111"": 1, ""011110011100"": 1, ""011110101000"": 1, ""011110101100"": 1, ""011110101101"": 1, ""011110101110"": 1, ""011110110011"": 1, ""011111000110"": 1, ""011111001111"": 1, ""011111010110"": 1, ""100000000110"": 1, ""100000100000"": 1, ""100000101010"": 1, ""100001000001"": 1, ""100001000011"": 1, ""100001101100"": 1, ""100010000011"": 1, ""100010001010"": 1, ""100010110001"": 1, ""100010111000"": 2, ""100010111011"": 1, ""100010111110"": 1, ""100011010010"": 1, ""100011010101"": 1, ""100011100010"": 1, ""100011101100"": 1, ""100100100011"": 1, ""100101101101"": 1, ""101001011100"": 1, ""110000100101"": 1, ""110001100101"": 1, ""110110100001"": 1, ""111010101111"": 1, ""111111100011"": 1}"
ising,2,12,0.6803950000871886,1,42,100,1,8612,8692,482.9453125,1045.0704770999982,3.1240998703626572,011110111000,4.457234425975048,3.584680623475876,2.5692292048575154,-4.6150525391861015,4.612797994711658,1.3331345556123906,4.4,"{""010001000110"": 1, ""011001000101"": 1, ""011100010111"": 1, ""011110000100"": 1, ""011110000110"": 1, ""011110001010"": 1, ""011110001011"": 1, ""011110010100"": 1, ""011110100000"": 1, ""011110100011"": 1, ""011110100100"": 1, ""011110101011"": 1, ""011110101100"": 2, ""011110101110"": 2, ""011110101111"": 1, ""011110110011"": 1, ""011110110101"": 2, ""011110110110"": 4, ""011110110111"": 3, ""011110111000"": 8, ""011110111001"": 7, ""011110111010"": 2, ""011110111011"": 2, ""011110111100"": 4, ""011110111101"": 3, ""011110111110"": 4, ""011110111111"": 3, ""011111000000"": 4, ""011111000011"": 2, ""011111000100"": 1, ""011111000101"": 1, ""011111000110"": 1, ""011111001000"": 4, ""011111001010"": 2, ""011111001011"": 2, ""011111001101"": 1, ""011111001110"": 1, ""011111001111"": 1, ""011111010010"": 1, ""011111010011"": 1, ""011111100011"": 1, ""011111100101"": 1, ""011111100110"": 2, ""011111101100"": 1, ""011111110000"": 1, ""011111110001"": 1, ""011111111110"": 1, ""100000000001"": 1, ""100000010111"": 1, ""100000100100"": 1, ""100001000111"": 1, ""100001100100"": 1, ""100001110010"": 1, ""100111000101"": 1, ""101001001011"": 2, ""101001011100"": 1}"
ising,2,12,0.7348672461377993,1,42,100,1,8612,8692,485.9296875,1042.534204200001,3.1240998703626572,100000101101,-4.185288561811858,-3.8224313494927777,1.6443137183597385,-4.26252331332659,4.268785590476433,7.309388432174515,4.4,"{""011101010101"": 1, ""011111010100"": 1, ""011111010101"": 1, ""011111111101"": 1, ""100000000110"": 1, ""100000010001"": 1, ""100000010010"": 1, ""100000010100"": 2, ""100000010101"": 2, ""100000010110"": 2, ""100000010111"": 2, ""100000011110"": 1, ""100000100010"": 2, ""100000100011"": 2, ""100000100101"": 1, ""100000100110"": 6, ""100000100111"": 4, ""100000101000"": 4, ""100000101001"": 5, ""100000101010"": 9, ""100000101011"": 8, ""100000101100"": 7, ""100000101101"": 9, ""100000101110"": 3, ""100000101111"": 2, ""100000110000"": 2, ""100000110001"": 3, ""100000110010"": 3, ""100000110011"": 1, ""100000110110"": 3, ""100000111001"": 2, ""100000111110"": 1, ""100001010100"": 1, ""100001010111"": 1, ""100001100000"": 1, ""100001111011"": 1, ""100011101010"": 1, ""101001010101"": 1, ""101011010011"": 1}"
ising,2,12,0.7937005259840995,1,42,100,1,8612,8692,485.1796875,1039.1492056999996,3.1240998703626572,100010100001,-3.57741786154896,-2.4439504097593225,2.4363945433967085,-3.9137067367026708,3.905975957963505,6.701517731911617,4.4,"{""001001010101"": 1, ""010010100110"": 1, ""010101001111"": 1, ""011001000110"": 1, ""011001001010"": 1, ""011011100010"": 1, ""011101001011"": 1, ""011101101110"": 1, ""011101111000"": 1, ""011110001001"": 1, ""011110110010"": 1, ""011111010111"": 1, ""011111100011"": 1, ""011111100101"": 1, ""100000010111"": 1, ""100000011100"": 1, ""100000011110"": 1, ""100000100001"": 1, ""100000101011"": 1, ""100001010000"": 1, ""100001011101"": 1, ""100001100000"": 1, ""100001101001"": 2, ""100001101100"": 1, ""100001101111"": 1, ""100001110110"": 2, ""100001111100"": 2, ""100001111110"": 2, ""100010000000"": 2, ""100010000010"": 1, ""100010000011"": 1, ""100010000100"": 1, ""100010000110"": 1, ""100010001010"": 1, ""100010001100"": 1, ""100010001110"": 1, ""100010010011"": 1, ""100010011000"": 1, ""100010011011"": 2, ""100010011110"": 1, ""100010100001"": 4, ""100010100111"": 1, ""100010101110"": 4, ""100010101111"": 1, ""100010110000"": 2, ""100010110111"": 1, ""100011000000"": 3, ""100011000011"": 1, ""100011000100"": 1, ""100011000110"": 1, ""100011000111"": 1, ""100011010000"": 1, ""100011010010"": 1, ""100011010011"": 1, ""100011010100"": 1, ""100011100011"": 1, ""100011100100"": 1, ""100011100110"": 1, ""100011101101"": 2, ""100011110110"": 1, ""100011111000"": 1, ""100100000111"": 1, ""100100001111"": 1, ""100100010001"": 1, ""100100010011"": 1, ""100100010100"": 1, ""100100011010"": 1, ""100100101000"": 1, ""100101010001"": 1, ""100101011010"": 1, ""100101100011"": 1, ""100110100001"": 1, ""100111000111"": 1, ""101000010111"": 1, ""101000100100"": 1, ""101001000010"": 1, ""101001011100"": 1, ""101100111111"": 1, ""101110100011"": 1, ""110100011110"": 1, ""110110100100"": 1, ""111101001001"": 1, ""111101100001"": 1, ""111101110011"": 1}"
ising,2,12,0.8572439828530722,1,42,100,1,8612,8692,486.66015625,1038.7147464000009,3.1240998703626572,101000001010,-2.734253830616852,-1.4591216727901095,2.4706895717597157,-3.550235340277378,3.650443595849724,5.858353700979509,4.4,"{""000000100011"": 1, ""001010100101"": 1, ""010000100001"": 1, ""010010000011"": 1, ""010111100111"": 1, ""011001100100"": 1, ""011001111010"": 2, ""011010101010"": 1, ""011011101000"": 1, ""011011111000"": 1, ""011100010101"": 1, ""011100100011"": 1, ""011100110101"": 1, ""011100111110"": 1, ""011110100110"": 1, ""011110101100"": 1, ""011111000111"": 1, ""011111001100"": 1, ""011111011011"": 1, ""011111110010"": 1, ""011111111000"": 1, ""100001000000"": 1, ""100001100001"": 1, ""100010000000"": 1, ""100010011100"": 1, ""100010100101"": 1, ""100010101100"": 1, ""100011000100"": 1, ""100011000111"": 1, ""100011001000"": 1, ""100011001001"": 2, ""100011001101"": 1, ""100011001110"": 1, ""100011001111"": 1, ""100011011011"": 1, ""100011100000"": 1, ""100011100101"": 1, ""100011101111"": 1, ""100011110010"": 1, ""100011111011"": 1, ""100011111110"": 1, ""100100011110"": 1, ""100100101001"": 1, ""100100101011"": 1, ""100100110010"": 1, ""100100110100"": 1, ""100100111010"": 1, ""100100111011"": 1, ""100101000100"": 1, ""100101010001"": 1, ""100101010011"": 1, ""100101010110"": 1, ""100101011110"": 1, ""100101110110"": 1, ""100101111110"": 1, ""100110000011"": 1, ""100110001011"": 1, ""100110001100"": 1, ""100110010001"": 1, ""100110100011"": 1, ""100110100111"": 1, ""100110101101"": 1, ""100110111000"": 1, ""100111000110"": 1, ""100111100010"": 1, ""100111100100"": 1, ""100111101101"": 1, ""100111101110"": 1, ""101000000000"": 1, ""101000000110"": 1, ""101000001010"": 2, ""101000011001"": 1, ""101000011101"": 1, ""101000110110"": 1, ""101000111001"": 1, ""101001000101"": 1, ""101001000111"": 1, ""101001001100"": 1, ""101001011101"": 1, ""101010000001"": 1, ""101010001011"": 1, ""101011000010"": 1, ""101100010100"": 1, ""101100010110"": 1, ""101101101101"": 1, ""101110010101"": 1, ""101110110111"": 1, ""110000010011"": 1, ""110000011110"": 1, ""110010000001"": 1, ""110100101100"": 1, ""110110001101"": 1, ""111010000111"": 1, ""111010101001"": 1, ""111010111000"": 1, ""111101100001"": 1, ""111110100011"": 1}"
ising,2,12,0.9258747122872896,1,42,100,1,8612,8692,491.578125,1041.8589876000005,3.1240998703626572,100011101100,-2.2532356093522306,-1.1335597585019872,2.130712629147822,-3.3864805775852638,3.3450608053545245,5.377335479714888,4.4,"{""000000100011"": 1, ""000011010011"": 1, ""000011111000"": 1, ""000101100110"": 1, ""001111100001"": 1, ""010000100111"": 1, ""010011000110"": 1, ""010100000011"": 1, ""010111001000"": 1, ""010111010110"": 1, ""011001010110"": 1, ""011001111011"": 1, ""011010001011"": 1, ""011010010011"": 1, ""011010101000"": 1, ""011010101010"": 1, ""011010111100"": 1, ""011100100110"": 1, ""011110100111"": 1, ""011110101100"": 1, ""011110101101"": 1, ""011110101110"": 1, ""011111000100"": 1, ""011111100011"": 1, ""100000000100"": 1, ""100000110010"": 1, ""100000110100"": 1, ""100001000000"": 1, ""100001010010"": 1, ""100010101111"": 1, ""100011101100"": 2, ""100011101111"": 1, ""100100010100"": 1, ""100100011011"": 1, ""100100110011"": 1, ""100101001100"": 1, ""100101010000"": 1, ""100110000010"": 1, ""100110000011"": 1, ""100110010001"": 1, ""100110010010"": 1, ""100110101010"": 1, ""100110101101"": 1, ""100110110010"": 1, ""100110110110"": 1, ""100110111101"": 1, ""100111000010"": 1, ""100111000110"": 1, ""100111010100"": 1, ""100111010111"": 1, ""100111011111"": 1, ""100111100010"": 1, ""100111111110"": 1, ""101000000101"": 1, ""101000001010"": 2, ""101000010001"": 1, ""101000010101"": 1, ""101000011001"": 2, ""101000011101"": 1, ""101000011110"": 1, ""101000100100"": 1, ""101000101010"": 1, ""101000111101"": 1, ""101001010010"": 1, ""101001010110"": 1, ""101001011100"": 1, ""101001100100"": 1, ""101001111000"": 1, ""101001111011"": 1, ""101010000001"": 1, ""101010011001"": 1, ""101011000111"": 1, ""101011100011"": 1, ""101100000011"": 1, ""101100110100"": 1, ""101101010011"": 1, ""101101011100"": 1, ""101101111110"": 1, ""101110101010"": 1, ""110000000001"": 1, ""110000001110"": 1, ""110000010111"": 1, ""110000110110"": 1, ""110001100101"": 1, ""110010001101"": 1, ""110010110001"": 1, ""110101000001"": 1, ""110110110000"": 1, ""110111010111"": 1, ""111000100001"": 1, ""111000100101"": 1, ""111000111000"": 1, ""111000111110"": 1, ""111011101100"": 1, ""111100001010"": 1, ""111101000001"": 1, ""111101011110"": 1}"
ising,2,12,1.0,1,42,100,1,8612,8692,486.80859375,1043.3739118000012,3.1240998703626572,101001001010,-1.4979322393703285,-0.9189005113671356,1.7308975725869395,-3.035747979225684,3.0925052683774528,4.622032109732986,4.4,"{""000000100011"": 1, ""000101110010"": 1, ""000111100100"": 1, ""001001010001"": 1, ""001001110100"": 1, ""010000000001"": 1, ""010000111010"": 1, ""010001110000"": 1, ""010010000011"": 1, ""010011011010"": 1, ""010011110010"": 1, ""010100010011"": 1, ""010110101110"": 1, ""010111001000"": 1, ""010111001111"": 1, ""010111111110"": 1, ""011000011110"": 1, ""011001100111"": 1, ""011011101101"": 1, ""011100011011"": 1, ""011110101101"": 1, ""011111001011"": 1, ""011111100000"": 1, ""100001000101"": 1, ""100001101110"": 1, ""100001110110"": 1, ""100010001010"": 1, ""100010011010"": 1, ""100011001100"": 1, ""100011101111"": 1, ""100100000000"": 1, ""100110010001"": 1, ""100111000111"": 1, ""100111100100"": 1, ""100111100101"": 1, ""100111101000"": 1, ""100111101100"": 1, ""101000001010"": 1, ""101000100000"": 1, ""101000101010"": 1, ""101000101111"": 1, ""101001000110"": 1, ""101001001010"": 2, ""101001001100"": 1, ""101001010010"": 1, ""101001011001"": 1, ""101001011010"": 1, ""101001011100"": 1, ""101001100110"": 1, ""101001111000"": 1, ""101010000110"": 1, ""101010010000"": 1, ""101010011010"": 1, ""101010011110"": 1, ""101011111101"": 1, ""101011111110"": 1, ""101100000001"": 1, ""101100010000"": 1, ""101100010001"": 1, ""101100010111"": 1, ""101100110111"": 1, ""101101110110"": 1, ""101101110111"": 1, ""101110001110"": 1, ""101110011011"": 1, ""101110110000"": 1, ""101111011110"": 1, ""101111100010"": 1, ""101111101110"": 1, ""110000000100"": 1, ""110000000111"": 1, ""110000100100"": 1, ""110000111011"": 1, ""110000111100"": 1, ""110000111110"": 1, ""110001011100"": 1, ""110001100001"": 1, ""110001101111"": 1, ""110001110000"": 1, ""110010001011"": 1, ""110010110111"": 1, ""110010111000"": 1, ""110011001101"": 1, ""110011100011"": 1, ""110011101100"": 1, ""110011111011"": 1, ""110101111101"": 1, ""110110100000"": 1, ""110110111010"": 1, ""110111001011"": 1, ""110111010111"": 1, ""111000010100"": 1, ""111000110000"": 1, ""111010001101"": 1, ""111011100110"": 1, ""111100001001"": 1, ""111100100001"": 1, ""111101100110"": 1, ""111110101011"": 1}"
ising,2,12,1.0800597388923059,1,42,100,1,8612,8692,494.33984375,1044.5517624999993,3.1240998703626572,101010011101,-1.3173041541416055,-0.7978531338335183,1.3307723459100245,-2.8916779060186615,2.782316806429547,4.441404024504263,4.4,"{""000001000000"": 1, ""000001001100"": 1, ""000001101100"": 1, ""000010011101"": 1, ""000010110011"": 1, ""000100110011"": 1, ""000111000110"": 1, ""000111001001"": 1, ""001000100110"": 1, ""001000101010"": 1, ""001001110101"": 1, ""001011010100"": 1, ""001111110100"": 1, ""001111110101"": 1, ""001111111110"": 1, ""010000010001"": 1, ""010011010011"": 1, ""010100110111"": 1, ""010101101100"": 1, ""010111010111"": 1, ""011011001011"": 1, ""011011101101"": 1, ""011100011011"": 1, ""011110100111"": 1, ""100000001100"": 1, ""100000100110"": 1, ""100101011110"": 1, ""100111000010"": 1, ""100111001111"": 1, ""100111010001"": 1, ""100111011111"": 1, ""101000110110"": 1, ""101001001000"": 1, ""101001100001"": 1, ""101001100010"": 1, ""101001111000"": 1, ""101001111101"": 1, ""101010011101"": 3, ""101011001010"": 1, ""101011101000"": 1, ""101100000001"": 1, ""101100000111"": 1, ""101100010111"": 1, ""101100101101"": 1, ""101101001100"": 1, ""101101010001"": 1, ""101110000111"": 1, ""101110001000"": 1, ""101110010101"": 1, ""101110010111"": 1, ""101110111000"": 1, ""101111001011"": 1, ""101111011011"": 1, ""101111100110"": 1, ""101111101000"": 1, ""101111101100"": 1, ""101111110000"": 1, ""101111111000"": 1, ""110000000011"": 1, ""110000000101"": 1, ""110000000110"": 1, ""110000010001"": 1, ""110000010100"": 1, ""110000010111"": 1, ""110000100001"": 1, ""110000100010"": 1, ""110000101011"": 1, ""110000101111"": 1, ""110000110000"": 1, ""110001000110"": 1, ""110001011011"": 1, ""110001011101"": 1, ""110001100100"": 1, ""110001100101"": 1, ""110001101010"": 1, ""110001111000"": 1, ""110001111010"": 1, ""110010000011"": 1, ""110010000101"": 1, ""110010010110"": 1, ""110010110110"": 1, ""110010111100"": 1, ""110011010010"": 1, ""110011011111"": 1, ""110101100011"": 1, ""110110111100"": 1, ""110111000100"": 1, ""110111011100"": 1, ""111000000110"": 1, ""111000011100"": 1, ""111000110000"": 1, ""111001011100"": 1, ""111011101010"": 1, ""111110000001"": 1, ""111110000110"": 1, ""111110100010"": 1, ""111110100100"": 1, ""111111011011"": 1}"
ising,2,12,1.1665290395761159,1,42,100,1,8612,8692,483.08984375,1043.3756716000025,3.1240998703626572,110011001100,-0.7502051040296076,-0.4788162707787217,1.0764657887564801,-2.5379418944384624,2.658921508059363,3.874304974392265,4.4,"{""000000100011"": 1, ""000001100000"": 1, ""000011011101"": 1, ""000100000000"": 1, ""000100110000"": 1, ""000100111011"": 1, ""000110101011"": 1, ""000110101111"": 1, ""000111010111"": 1, ""000111101101"": 1, ""000111111110"": 1, ""001000000101"": 1, ""001000101010"": 1, ""001001000000"": 1, ""001001100110"": 1, ""001001101100"": 1, ""001001111000"": 2, ""001011011001"": 1, ""001011101000"": 1, ""001100010110"": 1, ""001110111101"": 1, ""001111000110"": 1, ""010000000011"": 1, ""010011010010"": 1, ""010100010110"": 1, ""011010111000"": 1, ""011110100011"": 1, ""011111100110"": 1, ""100001110110"": 1, ""101000001010"": 1, ""101001001100"": 1, ""101001010010"": 1, ""101010010110"": 1, ""101010111101"": 1, ""101011011100"": 1, ""101011110011"": 1, ""101100100001"": 1, ""101100101001"": 1, ""101100110110"": 1, ""101101010001"": 1, ""101101111010"": 1, ""101110000010"": 1, ""101110000110"": 1, ""101110010001"": 1, ""101110010101"": 1, ""101110011000"": 1, ""101111100000"": 1, ""101111101101"": 1, ""110000000000"": 1, ""110000010111"": 1, ""110000100011"": 1, ""110000110000"": 1, ""110000110101"": 1, ""110001010010"": 1, ""110001100101"": 1, ""110001111101"": 1, ""110010001110"": 1, ""110010010110"": 1, ""110010100000"": 2, ""110010110000"": 1, ""110011001100"": 2, ""110011101110"": 2, ""110011101111"": 1, ""110100000010"": 1, ""110100001101"": 1, ""110100010011"": 1, ""110100101000"": 1, ""110100101101"": 1, ""110100110010"": 1, ""110101001010"": 1, ""110101110110"": 1, ""110110000001"": 1, ""110110010100"": 1, ""110110100010"": 1, ""110111000100"": 1, ""110111000111"": 1, ""110111001100"": 1, ""110111001110"": 1, ""110111010111"": 1, ""110111100011"": 1, ""111000010101"": 1, ""111000011011"": 1, ""111000100111"": 1, ""111000101011"": 1, ""111000111100"": 1, ""111001000110"": 1, ""111010011101"": 1, ""111010100100"": 1, ""111011001000"": 1, ""111011110010"": 1, ""111100100111"": 1, ""111100110001"": 1, ""111101001111"": 1, ""111110001011"": 1, ""111110101001"": 1, ""111111100101"": 1}"
ising,2,12,1.259921049894872,1,42,100,1,8612,8692,484.5078125,1050.7096453000013,3.1240998703626572,111001000000,-0.48639978259863814,-0.4135433045242889,0.9205604546781262,-2.430172630955899,2.441130323179648,3.6104996529612956,4.4,"{""000011000110"": 1, ""000011010111"": 1, ""000011100011"": 1, ""000011101111"": 1, ""000011111000"": 1, ""000100010111"": 1, ""000100011011"": 1, ""000100101011"": 1, ""000101001110"": 1, ""000110101000"": 1, ""000111011110"": 1, ""001001000101"": 1, ""001001101100"": 1, ""001011010011"": 1, ""010010101111"": 1, ""010011010010"": 1, ""011100010100"": 1, ""011101100011"": 1, ""011111000111"": 1, ""011111010101"": 1, ""100000110100"": 1, ""100011001101"": 1, ""100100111000"": 1, ""100110010001"": 1, ""100111000110"": 1, ""101000000000"": 1, ""101000001010"": 1, ""101000010111"": 1, ""101000111110"": 1, ""101001000011"": 1, ""101011101101"": 1, ""101100010111"": 1, ""101110101101"": 1, ""101111110110"": 1, ""110000010111"": 1, ""110000100000"": 1, ""110001100101"": 1, ""110010001100"": 1, ""110010110101"": 1, ""110011001100"": 1, ""110011111100"": 1, ""110100111110"": 1, ""110101100100"": 1, ""110101100111"": 1, ""110110001010"": 1, ""110110010001"": 1, ""110110100000"": 1, ""110110101000"": 2, ""110110111000"": 1, ""110111100000"": 1, ""111000000101"": 1, ""111000000111"": 1, ""111000011000"": 1, ""111000011001"": 1, ""111000011110"": 1, ""111000100110"": 1, ""111000110010"": 1, ""111000110101"": 1, ""111000111010"": 1, ""111001000000"": 2, ""111001000011"": 1, ""111001000110"": 1, ""111001010100"": 1, ""111001010111"": 1, ""111001011110"": 1, ""111001100100"": 1, ""111001101010"": 1, ""111001101111"": 1, ""111001110010"": 1, ""111001110101"": 1, ""111001111000"": 1, ""111001111010"": 1, ""111010000011"": 1, ""111010001011"": 1, ""111010010110"": 1, ""111010011011"": 1, ""111010100001"": 1, ""111010101110"": 1, ""111011011101"": 1, ""111011101001"": 1, ""111011111000"": 1, ""111011111011"": 1, ""111011111101"": 1, ""111100000101"": 1, ""111100100010"": 1, ""111100100110"": 1, ""111100101010"": 1, ""111100110111"": 1, ""111101001001"": 1, ""111101010001"": 1, ""111101100001"": 1, ""111101100110"": 1, ""111110110110"": 1, ""111111000100"": 1, ""111111000110"": 1, ""111111001011"": 1, ""111111011000"": 1, ""111111111000"": 1}"
ising,2,12,1.3607900001743771,1,42,100,1,8612,8692,484.328125,1071.704963199998,3.1240998703626572,111101101100,-0.14654539083883567,-0.16762538167488356,0.4739245755403399,-2.1666172399403245,1.391053940731717,3.270645261201493,4.4,"{""000000000000"": 1, ""000000001110"": 1, ""000001000000"": 1, ""000001001111"": 1, ""000001101000"": 1, ""000001111000"": 1, ""000001111100"": 2, ""000001111111"": 1, ""000010000111"": 1, ""000010110000"": 2, ""000010111010"": 1, ""000111001001"": 1, ""001000001010"": 2, ""010000110001"": 1, ""010010000011"": 1, ""010011010010"": 1, ""100001111110"": 1, ""101000001010"": 1, ""101001011100"": 1, ""101010101110"": 1, ""110000100001"": 1, ""110011111000"": 1, ""110110101101"": 1, ""111000000110"": 1, ""111001000010"": 1, ""111001101010"": 1, ""111001111010"": 1, ""111001111011"": 1, ""111010100011"": 1, ""111010110101"": 1, ""111011011101"": 1, ""111011011110"": 1, ""111011100001"": 1, ""111011111101"": 1, ""111011111110"": 1, ""111100000010"": 1, ""111100001000"": 1, ""111100010011"": 2, ""111100010101"": 2, ""111100011111"": 1, ""111101000101"": 1, ""111101001110"": 1, ""111101001111"": 1, ""111101010010"": 1, ""111101010110"": 1, ""111101010111"": 1, ""111101011000"": 1, ""111101011011"": 1, ""111101100101"": 2, ""111101100110"": 1, ""111101101100"": 2, ""111101101101"": 1, ""111101101110"": 1, ""111101110000"": 1, ""111101110010"": 2, ""111101110011"": 1, ""111101110110"": 2, ""111101111000"": 2, ""111101111110"": 2, ""111101111111"": 1, ""111110000000"": 2, ""111110000001"": 1, ""111110000011"": 1, ""111110000100"": 1, ""111110000101"": 1, ""111110001000"": 2, ""111110001011"": 2, ""111110001100"": 1, ""111110001110"": 2, ""111110001111"": 1, ""111110010000"": 1, ""111110010100"": 1, ""111110010111"": 1, ""111110011001"": 1, ""111110011011"": 1, ""111110100000"": 1, ""111110101001"": 1, ""111110101110"": 1, ""111110110010"": 1, ""111110111010"": 1, ""111111000010"": 1, ""111111000110"": 1, ""111111001111"": 1, ""111111110000"": 1, ""111111110011"": 1}"
ising,2,12,1.4697344922755986,1,42,100,1,8612,8692,480.0625,1163.1584358,3.1240998703626572,000001011110,0.09445601367680129,0.16494838012686933,0.38096716308114725,-1.0458002840238108,2.0863820037560856,3.029643856685856,4.4,"{""000000001010"": 1, ""000000100001"": 1, ""000000100011"": 1, ""000000100100"": 2, ""000000100101"": 1, ""000000100110"": 1, ""000000101010"": 1, ""000000101011"": 1, ""000000101110"": 1, ""000000111000"": 1, ""000001000000"": 1, ""000001000011"": 1, ""000001000100"": 3, ""000001001001"": 1, ""000001001010"": 1, ""000001001011"": 1, ""000001001100"": 1, ""000001001101"": 2, ""000001001110"": 2, ""000001001111"": 1, ""000001010001"": 3, ""000001010010"": 2, ""000001010011"": 4, ""000001010100"": 1, ""000001010110"": 2, ""000001010111"": 1, ""000001011000"": 3, ""000001011001"": 1, ""000001011010"": 3, ""000001011011"": 2, ""000001011100"": 4, ""000001011101"": 1, ""000001011110"": 6, ""000001100000"": 1, ""000001100001"": 1, ""000001100011"": 1, ""000001100100"": 1, ""000001100101"": 3, ""000001100111"": 2, ""000001101001"": 1, ""000001101100"": 1, ""000001101101"": 1, ""000001101111"": 1, ""000001110000"": 1, ""000001110010"": 1, ""000001110110"": 1, ""000001111001"": 1, ""000001111010"": 1, ""000001111110"": 1, ""000010000111"": 1, ""000010010100"": 2, ""000010100000"": 1, ""000010100100"": 1, ""000010100111"": 1, ""000010101000"": 1, ""000010110110"": 1, ""000010111101"": 1, ""000011110000"": 1, ""000100010011"": 1, ""000110111010"": 1, ""000111101111"": 1, ""001110000001"": 1, ""001110011011"": 1, ""011110011101"": 1, ""011110100110"": 1, ""011111001111"": 1, ""110000010110"": 1, ""111110100101"": 1, ""111111001010"": 1, ""111111010100"": 1, ""111111011011"": 1}"
ising,2,12,1.587401051968199,1,42,100,1,8612,8692,481.859375,1239.4283905000011,3.1240998703626572,000001100100,0.3459523485776682,0.29046468417730587,0.5921108922261507,-1.751021384421047,1.7761464153233355,2.778147521784989,4.4,"{""000000100011"": 1, ""000000110000"": 1, ""000001100100"": 2, ""000001111111"": 1, ""000010000001"": 1, ""000010000011"": 1, ""000010001100"": 1, ""000010001101"": 1, ""000010100001"": 1, ""000011000011"": 1, ""000011001000"": 1, ""000011010011"": 1, ""000011010111"": 1, ""000011101100"": 1, ""000011101101"": 1, ""000011111001"": 1, ""000011111010"": 1, ""000011111011"": 1, ""000011111110"": 1, ""000100001110"": 1, ""000100011100"": 1, ""000100111010"": 1, ""000101000000"": 1, ""000101000101"": 1, ""000101001100"": 1, ""000101011010"": 1, ""000101011111"": 1, ""000101100101"": 1, ""000101100111"": 1, ""000101110110"": 1, ""000101111111"": 1, ""000110000100"": 2, ""000110001010"": 1, ""000110010001"": 1, ""000110010010"": 1, ""000110101010"": 1, ""000110110000"": 1, ""000110110001"": 1, ""000110110101"": 1, ""000111000111"": 1, ""000111001111"": 1, ""000111010101"": 1, ""000111100011"": 1, ""000111111010"": 1, ""001000000110"": 1, ""001000001010"": 1, ""001000001011"": 1, ""001000010110"": 1, ""001000011000"": 1, ""001000011010"": 1, ""001000011110"": 1, ""001000100101"": 1, ""001000101111"": 1, ""001001000001"": 1, ""001001000010"": 1, ""001001011010"": 1, ""001001110011"": 1, ""001010000011"": 1, ""001010011000"": 1, ""001010110101"": 1, ""001011101110"": 1, ""001011101111"": 1, ""001011110010"": 1, ""001100010110"": 1, ""001100011001"": 1, ""001100110100"": 1, ""001101101100"": 1, ""001110010111"": 1, ""001111011000"": 1, ""010000110110"": 1, ""010000110111"": 1, ""010001100001"": 1, ""010110010001"": 1, ""010111010101"": 1, ""011001110010"": 1, ""011010000011"": 1, ""011100101110"": 1, ""100011101100"": 1, ""100100101000"": 1, ""100100110110"": 1, ""101010001010"": 1, ""110100011110"": 1, ""111000000101"": 1, ""111001000110"": 1, ""111001011101"": 1, ""111001111010"": 1, ""111010001010"": 1, ""111010011001"": 1, ""111010100111"": 1, ""111011101101"": 2, ""111101010101"": 1, ""111110100001"": 1, ""111110100010"": 1, ""111110100110"": 1, ""111111000100"": 1, ""111111001010"": 1, ""111111001111"": 1}"
ising,2,12,1.7144879657061445,1,42,100,1,8612,8692,491.01171875,1276.7038859999993,3.1240998703626572,010111010111,0.6106440573939795,0.4788702013163454,0.7792096496021814,-1.726802975487737,1.7849595523824016,2.5134558129686777,4.4,"{""000000100011"": 1, ""000001000101"": 1, ""000001101110"": 1, ""000010011010"": 1, ""000011001100"": 1, ""000101110010"": 1, ""000110010001"": 1, ""000111000111"": 1, ""000111100100"": 2, ""000111100101"": 1, ""000111101000"": 1, ""000111101100"": 1, ""001000100000"": 1, ""001000101010"": 1, ""001001000110"": 1, ""001001001010"": 1, ""001001001100"": 1, ""001001010001"": 1, ""001001010010"": 1, ""001001011001"": 1, ""001001011010"": 1, ""001001011100"": 1, ""001001100110"": 1, ""001001110100"": 1, ""001001111000"": 1, ""001010000110"": 1, ""001010010000"": 1, ""001011000101"": 1, ""001011100010"": 1, ""001011111101"": 1, ""001011111110"": 1, ""001100000001"": 1, ""001100010110"": 1, ""001100010111"": 1, ""001100110001"": 1, ""001100110010"": 1, ""001101110110"": 1, ""001101111110"": 1, ""001110001110"": 1, ""001110011011"": 1, ""001110100000"": 1, ""001111000011"": 1, ""001111100010"": 1, ""001111101111"": 1, ""010000000100"": 1, ""010000000101"": 1, ""010000000111"": 1, ""010000100100"": 1, ""010000110110"": 1, ""010000111010"": 1, ""010000111011"": 1, ""010000111101"": 1, ""010001011100"": 1, ""010001100001"": 1, ""010001101111"": 1, ""010001110000"": 2, ""010010000011"": 1, ""010010001011"": 1, ""010010101111"": 1, ""010010110111"": 1, ""010010111000"": 1, ""010011110010"": 1, ""010100010011"": 1, ""010110100000"": 1, ""010111000100"": 1, ""010111001011"": 1, ""010111010111"": 2, ""010111111110"": 1, ""011000110000"": 1, ""011001100111"": 1, ""011010001101"": 1, ""011010101110"": 1, ""011101100110"": 1, ""011110100101"": 1, ""011111001011"": 1, ""100001110110"": 1, ""100010001010"": 1, ""100100000000"": 1, ""101000001010"": 1, ""101001001010"": 1, ""101010011110"": 1, ""101110110000"": 1, ""110000111110"": 1, ""110011100011"": 1, ""110011101100"": 1, ""110011101111"": 1, ""110011111011"": 1, ""110101111101"": 1, ""111000010100"": 1, ""111000011110"": 1, ""111011100110"": 1, ""111011101101"": 1, ""111100001001"": 1, ""111100011011"": 1, ""111100100001"": 1, ""111110101011"": 1, ""111111100000"": 1}"
ising,2,12,1.8517494245745791,1,42,100,1,8612,8692,482.0390625,2000.5005671,3.1240998703626572,010001100110,0.8126559311671095,0.3727613821677635,0.950558633776203,-1.6584476801188108,1.6824711480126398,2.3114439391955477,4.4,"{""000100110001"": 1, ""001001000110"": 1, ""001001001000"": 1, ""001001001100"": 1, ""001001010001"": 1, ""001001011010"": 1, ""001001110101"": 1, ""001011101000"": 1, ""001011110101"": 1, ""001011111011"": 1, ""001100000001"": 1, ""001100010111"": 1, ""001100110000"": 1, ""001101001111"": 1, ""001101011001"": 1, ""001110001110"": 1, ""001110010100"": 1, ""001110011011"": 1, ""001110110000"": 1, ""001111001011"": 1, ""001111011111"": 1, ""001111100110"": 1, ""001111101001"": 1, ""010000000000"": 1, ""010000000100"": 1, ""010000010111"": 1, ""010000011110"": 1, ""010000100100"": 1, ""010000100101"": 1, ""010000101111"": 1, ""010000111000"": 1, ""010000111110"": 1, ""010001010010"": 1, ""010001100110"": 3, ""010001101100"": 1, ""010001110000"": 1, ""010001110010"": 1, ""010001110100"": 1, ""010010000011"": 1, ""010010001011"": 1, ""010010011011"": 1, ""010010101111"": 1, ""010010111000"": 1, ""010011011111"": 1, ""010011100011"": 1, ""010011101100"": 1, ""010011111010"": 1, ""010100000100"": 1, ""010100010001"": 1, ""010100110011"": 1, ""010101111000"": 1, ""010110001100"": 1, ""010110010101"": 1, ""010110100001"": 1, ""010110101111"": 1, ""010110110100"": 1, ""010111001011"": 1, ""010111010111"": 1, ""010111100100"": 1, ""010111101111"": 1, ""010111111111"": 1, ""011000011000"": 1, ""011001011110"": 1, ""011010001101"": 1, ""011010010110"": 1, ""011100011011"": 1, ""011101100110"": 1, ""011111101111"": 1, ""100000101110"": 1, ""100001000000"": 1, ""100001011100"": 1, ""100001100000"": 1, ""100001110110"": 1, ""100011000101"": 1, ""100011101011"": 1, ""100100000000"": 1, ""100111100111"": 1, ""101000001010"": 1, ""101000101010"": 1, ""101001000111"": 1, ""101001001010"": 1, ""101010000101"": 1, ""101101111110"": 1, ""101110110000"": 1, ""101111100010"": 1, ""110000111011"": 1, ""110000111110"": 1, ""110001110001"": 1, ""110010001010"": 1, ""110010011110"": 1, ""110011100010"": 1, ""110011100101"": 1, ""111011010011"": 1, ""111011101101"": 1, ""111101100000"": 1, ""111101101001"": 1, ""111110010011"": 1, ""111111100000"": 1}"
ising,2,12,2.0,1,42,100,1,8612,8692,482.1640625,6200.68706,3.1240998703626572,011001010110,1.2214322023539417,0.6982680546455439,0.9729830357609944,-1.5531555477342116,1.564660403643354,1.9026676680087156,4.4,"{""000000100011"": 1, ""000001101011"": 1, ""000011001001"": 1, ""000101000000"": 1, ""000110001011"": 1, ""001000000000"": 1, ""001000000110"": 1, ""001001000101"": 1, ""001010100101"": 1, ""001100010110"": 1, ""001110010001"": 1, ""001110100011"": 1, ""001111001100"": 1, ""001111101101"": 1, ""010000100001"": 1, ""010010101101"": 1, ""010010110000"": 1, ""010011000011"": 1, ""010011000100"": 1, ""010100010001"": 1, ""010110000000"": 1, ""010110001101"": 1, ""010110100111"": 1, ""010110111000"": 1, ""010111000110"": 1, ""010111110010"": 1, ""011000001010"": 1, ""011000011110"": 1, ""011000110101"": 1, ""011000111000"": 1, ""011000111001"": 1, ""011000111010"": 1, ""011001010110"": 2, ""011001011010"": 1, ""011001011101"": 2, ""011001100100"": 1, ""011001111010"": 2, ""011010000001"": 1, ""011010000011"": 2, ""011010001110"": 1, ""011010100101"": 1, ""011010101010"": 1, ""011010110001"": 1, ""011010111000"": 1, ""011011000010"": 1, ""011011000110"": 1, ""011011000111"": 1, ""011011001101"": 1, ""011011010100"": 1, ""011011100001"": 1, ""011011110001"": 1, ""011011111000"": 1, ""011011111011"": 1, ""011100001010"": 1, ""011100001111"": 1, ""011100010001"": 1, ""011100010100"": 1, ""011100011001"": 1, ""011100011100"": 1, ""011100101011"": 1, ""011101001001"": 1, ""011101010001"": 1, ""011101010011"": 1, ""011101100001"": 1, ""011101100010"": 1, ""011101100101"": 1, ""011101100110"": 1, ""011101101100"": 1, ""011101110110"": 1, ""011101111111"": 1, ""011110010001"": 1, ""011110100011"": 1, ""011110101100"": 1, ""011111011011"": 1, ""011111100110"": 1, ""011111111000"": 1, ""100000010111"": 1, ""100000110100"": 1, ""100010011100"": 1, ""100011011011"": 1, ""100011100000"": 1, ""100011101111"": 1, ""100100101001"": 1, ""100100111011"": 1, ""100101000100"": 1, ""100110011110"": 1, ""100111110010"": 1, ""101000110110"": 1, ""101001000111"": 1, ""101001001100"": 1, ""101110110111"": 1, ""110001100001"": 1, ""110011111110"": 1, ""110111100010"": 1, ""111010000111"": 1, ""111010001011"": 1}"
