ham,num_system_qubits,num_ancilla,time,segments,replication_seed,n_circuits,n_shots,depth,size,peak_MB,runtime,exact_eig,most_likely_bs,est_energy_med,est_energy_mean,est_energy_std,est_energy_min,est_energy_max,estimation_error,alpha,counts
ising,2,6,0.0011391885152110507,1,42,1,1,129,151,158.55859375,1.1361647000003359,3.1240998703626572,000000,0.0,0.0,0,0.0,0.0,3.1240998703626572,4.4,"{""000000"": 1}"
ising,2,6,0.0014352875901128893,1,42,1,1,129,151,158.52734375,1.117735900000298,3.1240998703626572,000000,0.0,0.0,0,0.0,0.0,3.1240998703626572,4.4,"{""000000"": 1}"
ising,2,6,0.0015501963398126943,1,42,1,1,129,151,158.4375,1.1089362000002438,3.1240998703626572,000000,0.0,0.0,0,0.0,0.0,3.1240998703626572,4.4,"{""000000"": 1}"
ising,2,6,0.0016743046540099089,1,42,1,1,129,151,158.57421875,1.106943300000239,3.1240998703626572,000000,0.0,0.0,0,0.0,0.0,3.1240998703626572,4.4,"{""000000"": 1}"
ising,2,6,0.001953125,1,42,1,1,129,151,158.71484375,1.1161449000001085,3.1240998703626572,000000,0.0,0.0,0,0.0,0.0,3.1240998703626572,4.4,"{""000000"": 1}"
ising,2,6,0.0009765625,1,42,1,1,129,151,158.46484375,1.1292731000003187,3.1240998703626572,000000,0.0,0.0,0,0.0,0.0,3.1240998703626572,4.4,"{""000000"": 1}"
ising,2,6,0.0018083490474361146,1,42,1,1,129,151,158.3984375,1.1063868999999613,3.1240998703626572,000000,0.0,0.0,0,0.0,0.0,3.1240998703626572,4.4,"{""000000"": 1}"
ising,2,6,0.0010547458387620175,1,42,1,1,129,151,158.1796875,1.1308491999998296,3.1240998703626572,000000,0.0,0.0,0,0.0,0.0,3.1240998703626572,4.4,"{""000000"": 1}"
ising,2,6,0.0013288964845452902,1,42,1,1,129,151,158.7109375,1.1572704000000158,3.1240998703626572,000000,0.0,0.0,0,0.0,0.0,3.1240998703626572,4.4,"{""000000"": 1}"
ising,2,6,0.002109491677524035,1,42,1,1,129,151,159.41796875,1.1183941999997842,3.1240998703626572,000000,0.0,0.0,0,0.0,0.0,3.1240998703626572,4.4,"{""000000"": 1}"
ising,2,6,0.0022783770304221013,1,42,1,1,129,151,159.5,1.1040778999995382,3.1240998703626572,000000,0.0,0.0,0,0.0,0.0,3.1240998703626572,4.4,"{""000000"": 1}"
ising,2,6,0.0012303916502879625,1,42,1,1,129,151,159.37890625,1.1746921000003567,3.1240998703626572,000000,0.0,0.0,0,0.0,0.0,3.1240998703626572,4.4,"{""000000"": 1}"
ising,2,6,0.0026577929690905803,1,42,1,1,129,151,162.99609375,0.708394500000395,3.1240998703626572,000000,0.0,0.0,0,0.0,0.0,3.1240998703626572,4.4,"{""000000"": 1}"
ising,2,6,0.0036166980948722292,1,42,1,1,129,151,163.24609375,0.7133654999997816,3.1240998703626572,000000,0.0,0.0,0,0.0,0.0,3.1240998703626572,4.4,"{""000000"": 1}"
ising,2,6,0.0031003926796253885,1,42,1,1,129,151,163.2578125,0.7169309999999314,3.1240998703626572,000000,0.0,0.0,0,0.0,0.0,3.1240998703626572,4.4,"{""000000"": 1}"
ising,2,6,0.002460783300575925,1,42,1,1,129,151,163.11328125,0.7334293000003527,3.1240998703626572,000000,0.0,0.0,0,0.0,0.0,3.1240998703626572,4.4,"{""000000"": 1}"
ising,2,6,0.004556754060844206,1,42,1,1,129,151,163.4140625,0.6910815999999613,3.1240998703626572,000000,0.0,0.0,0,0.0,0.0,3.1240998703626572,4.4,"{""000000"": 1}"
ising,2,6,0.00390625,1,42,1,1,129,151,162.75,0.7347442999998748,3.1240998703626572,000000,0.0,0.0,0,0.0,0.0,3.1240998703626572,4.4,"{""000000"": 1}"
ising,2,6,0.0028705751802257785,1,42,1,1,129,151,163.01953125,0.7759949999999662,3.1240998703626572,000000,0.0,0.0,0,0.0,0.0,3.1240998703626572,4.4,"{""000000"": 1}"
ising,2,6,0.0049215666011518475,1,42,1,1,129,151,162.93359375,0.7276767000003019,3.1240998703626572,000000,0.0,0.0,0,0.0,0.0,3.1240998703626572,4.4,"{""000000"": 1}"
ising,2,6,0.00421898335504807,1,42,1,1,129,151,162.734375,0.7681553000002168,3.1240998703626572,000000,0.0,0.0,0,0.0,0.0,3.1240998703626572,4.4,"{""000000"": 1}"
ising,2,6,0.0033486093080198178,1,42,1,1,129,151,162.64453125,0.7817147000005207,3.1240998703626572,000000,0.0,0.0,0,0.0,0.0,3.1240998703626572,4.4,"{""000000"": 1}"
ising,2,6,0.005741150360451557,1,42,1,1,129,151,163.0,0.7409784999999829,3.1240998703626572,000000,0.0,0.0,0,0.0,0.0,3.1240998703626572,4.4,"{""000000"": 1}"
ising,2,6,0.005315585938181161,1,42,1,1,129,151,162.921875,0.7489277999993647,3.1240998703626572,000000,0.0,0.0,0,0.0,0.0,3.1240998703626572,4.4,"{""000000"": 1}"
ising,2,6,0.006697218616039631,1,42,1,1,129,151,163.609375,0.6869200999999521,3.1240998703626572,000000,0.0,0.0,0,0.0,0.0,3.1240998703626572,4.4,"{""000000"": 1}"
ising,2,6,0.006200785359250777,1,42,1,1,129,151,163.2109375,0.7040719999995417,3.1240998703626572,000000,0.0,0.0,0,0.0,0.0,3.1240998703626572,4.4,"{""000000"": 1}"
ising,2,6,0.00843796671009614,1,42,1,1,129,151,162.6875,0.6778340999999273,3.1240998703626572,000000,0.0,0.0,0,0.0,0.0,3.1240998703626572,4.4,"{""000000"": 1}"
ising,2,6,0.0078125,1,42,1,1,129,151,163.42578125,0.7015992000006008,3.1240998703626572,000000,0.0,0.0,0,0.0,0.0,3.1240998703626572,4.4,"{""000000"": 1}"
ising,2,6,0.0072333961897444584,1,42,1,1,129,151,163.5,0.7305095000001529,3.1240998703626572,000000,0.0,0.0,0,0.0,0.0,3.1240998703626572,4.4,"{""000000"": 1}"
ising,2,6,0.009113508121688405,1,42,1,1,129,151,163.06640625,0.7339640000000145,3.1240998703626572,000000,0.0,0.0,0,0.0,0.0,3.1240998703626572,4.4,"{""000000"": 1}"
ising,2,6,0.012401570718501554,1,42,1,1,129,151,163.01171875,0.7252213000001575,3.1240998703626572,000000,0.0,0.0,0,0.0,0.0,3.1240998703626572,4.4,"{""000000"": 1}"
ising,2,6,0.009843133202303695,1,42,1,1,129,151,163.30859375,0.7411089000006541,3.1240998703626572,000000,0.0,0.0,0,0.0,0.0,3.1240998703626572,4.4,"{""000000"": 1}"
ising,2,6,0.011482300720903114,1,42,1,1,129,151,163.0625,0.7339057999997749,3.1240998703626572,000000,0.0,0.0,0,0.0,0.0,3.1240998703626572,4.4,"{""000000"": 1}"
ising,2,6,0.014466792379488917,1,42,1,1,129,151,163.19921875,0.7074249999996027,3.1240998703626572,000000,0.0,0.0,0,0.0,0.0,3.1240998703626572,4.4,"{""000000"": 1}"
ising,2,6,0.013394437232079262,1,42,1,1,129,151,163.31640625,0.7165430999993987,3.1240998703626572,000000,0.0,0.0,0,0.0,0.0,3.1240998703626572,4.4,"{""000000"": 1}"
ising,2,6,0.010631171876362321,1,42,1,1,129,151,163.296875,0.7486859999999069,3.1240998703626572,000000,0.0,0.0,0,0.0,0.0,3.1240998703626572,4.4,"{""000000"": 1}"
ising,2,6,0.01687593342019228,1,42,1,1,129,151,163.34375,0.6767798000000766,3.1240998703626572,000000,0.0,0.0,0,0.0,0.0,3.1240998703626572,4.4,"{""000000"": 1}"
ising,2,6,0.018227016243376824,1,42,1,1,129,151,162.94140625,0.6794307000000117,3.1240998703626572,000000,0.0,0.0,0,0.0,0.0,3.1240998703626572,4.4,"{""000000"": 1}"
ising,2,6,0.015625,1,42,1,1,129,151,163.921875,0.7009384999992108,3.1240998703626572,000000,0.0,0.0,0,0.0,0.0,3.1240998703626572,4.4,"{""000000"": 1}"
ising,2,6,0.01968626640460739,1,42,1,1,129,151,163.62890625,0.6739447999998447,3.1240998703626572,000000,0.0,0.0,0,0.0,0.0,3.1240998703626572,4.4,"{""000000"": 1}"
ising,2,6,0.021262343752724643,1,42,1,1,129,151,163.6953125,0.6731896000001143,3.1240998703626572,000000,0.0,0.0,0,0.0,0.0,3.1240998703626572,4.4,"{""000000"": 1}"
ising,2,6,0.022964601441806228,1,42,1,1,129,151,163.234375,0.6726054999999178,3.1240998703626572,000000,0.0,0.0,0,0.0,0.0,3.1240998703626572,4.4,"{""000000"": 1}"
ising,2,6,0.024803141437003108,1,42,1,1,129,151,163.1484375,0.6808436000001166,3.1240998703626572,000000,0.0,0.0,0,0.0,0.0,3.1240998703626572,4.4,"{""000000"": 1}"
ising,2,6,0.03125,1,42,1,1,129,151,163.453125,0.6967913000007684,3.1240998703626572,000000,0.0,0.0,0,0.0,0.0,3.1240998703626572,4.4,"{""000000"": 1}"
ising,2,6,0.028933584758977816,1,42,1,1,129,151,163.25390625,0.7131841999998869,3.1240998703626572,000000,0.0,0.0,0,0.0,0.0,3.1240998703626572,4.4,"{""000000"": 1}"
ising,2,6,0.03645403248675365,1,42,1,1,129,151,163.5390625,0.6975065999995422,3.1240998703626572,000000,0.0,0.0,0,0.0,0.0,3.1240998703626572,4.4,"{""000000"": 1}"
ising,2,6,0.026788874464158525,1,42,1,1,129,151,163.48828125,0.7439153000004808,3.1240998703626572,000000,0.0,0.0,0,0.0,0.0,3.1240998703626572,4.4,"{""000000"": 1}"
ising,2,6,0.03375186684038456,1,42,1,1,129,151,163.46875,0.7383308000007673,3.1240998703626572,000000,0.0,0.0,0,0.0,0.0,3.1240998703626572,4.4,"{""000000"": 1}"
ising,2,6,0.03937253280921478,1,42,1,1,129,151,163.546875,0.7255724999995437,3.1240998703626572,000000,0.0,0.0,0,0.0,0.0,3.1240998703626572,4.4,"{""000000"": 1}"
ising,2,6,0.04252468750544926,1,42,1,1,129,151,163.3203125,0.7446181000004799,3.1240998703626572,000000,0.0,0.0,0,0.0,0.0,3.1240998703626572,4.4,"{""000000"": 1}"
ising,2,6,0.045929202883612456,1,42,1,1,129,151,163.9375,0.738421400000334,3.1240998703626572,000000,0.0,0.0,0,0.0,0.0,3.1240998703626572,4.4,"{""000000"": 1}"
ising,2,6,0.049606282874006216,1,42,1,1,129,151,163.85546875,0.756899500000145,3.1240998703626572,000000,0.0,0.0,0,0.0,0.0,3.1240998703626572,4.4,"{""000000"": 1}"
ising,2,6,0.05786716951795563,1,42,1,1,129,151,163.7890625,0.7526414999992994,3.1240998703626572,000010,3.39310774114218,3.39310774114218,0,3.39310774114218,3.39310774114218,0.26900787077952293,4.4,"{""000010"": 1}"
ising,2,6,0.05357774892831705,1,42,1,1,129,151,163.8125,0.7786206999999195,3.1240998703626572,000000,0.0,0.0,0,0.0,0.0,3.1240998703626572,4.4,"{""000000"": 1}"
ising,2,6,0.07290806497350724,1,42,1,1,129,151,163.3828125,0.7064878000001045,3.1240998703626572,000100,5.3862227977305395,5.3862227977305395,0,5.3862227977305395,5.3862227977305395,2.2621229273678822,4.4,"{""000100"": 1}"
ising,2,6,0.0625,1,42,1,1,129,151,163.28515625,0.744457899999361,3.1240998703626572,000010,3.141592653589793,3.141592653589793,0,3.141592653589793,3.141592653589793,0.017492783227135877,4.4,"{""000010"": 1}"
ising,2,6,0.06750373368076912,1,42,1,1,129,151,163.734375,0.7485667000000831,3.1240998703626572,000100,5.817442388532632,5.817442388532632,0,5.817442388532632,5.817442388532632,2.6933425181699744,4.4,"{""000100"": 1}"
ising,2,6,0.07874506561842956,1,42,1,1,129,151,163.71484375,0.752846700000191,3.1240998703626572,000100,4.986967483164006,4.986967483164006,0,4.986967483164006,4.986967483164006,1.8628676128013484,4.4,"{""000100"": 1}"
ising,2,6,0.09185840576722491,1,42,1,1,129,151,163.48046875,0.7305751000003511,3.1240998703626572,000100,4.275047867626276,4.275047867626276,0,4.275047867626276,4.275047867626276,1.1509479972636192,4.4,"{""000100"": 1}"
ising,2,6,0.08504937501089851,1,42,1,1,129,151,163.51953125,0.7516928000004555,3.1240998703626572,000100,4.617307083660548,4.617307083660548,0,4.617307083660548,4.617307083660548,1.4932072132978909,4.4,"{""000100"": 1}"
ising,2,6,0.1071554978566341,1,42,1,1,129,151,163.99609375,0.6603161000002729,3.1240998703626572,000100,3.664759060931485,3.664759060931485,0,3.664759060931485,3.664759060931485,0.5406591905688276,4.4,"{""000100"": 1}"
ising,2,6,0.09921256574801243,1,42,1,1,129,151,164.109375,0.6992219000003388,3.1240998703626572,000100,3.9581587144528743,3.9581587144528743,0,3.9581587144528743,3.9581587144528743,0.834058844090217,4.4,"{""000100"": 1}"
ising,2,6,0.11573433903591127,1,42,1,1,129,151,164.26171875,0.6755426999998235,3.1240998703626572,000100,3.39310774114218,3.39310774114218,0,3.39310774114218,3.39310774114218,0.26900787077952293,4.4,"{""000100"": 1}"
ising,2,6,0.125,1,42,1,1,129,151,163.8671875,0.7231884000002538,3.1240998703626572,000100,3.141592653589793,3.141592653589793,0,3.141592653589793,3.141592653589793,0.017492783227135877,4.4,"{""000100"": 1}"
ising,2,6,0.15749013123685912,1,42,1,1,129,151,163.93359375,0.685428700000557,3.1240998703626572,001100,7.480451224746009,7.480451224746009,0,7.480451224746009,7.480451224746009,4.356351354383351,4.4,"{""001100"": 1}"
ising,2,6,0.13500746736153824,1,42,1,1,129,151,164.2734375,0.7168186999997488,3.1240998703626572,000100,2.908721194266316,2.908721194266316,0,2.908721194266316,2.908721194266316,0.21537867609634143,4.4,"{""000100"": 1}"
ising,2,6,0.14581612994701448,1,42,1,1,129,151,164.4375,0.7269844000002195,3.1240998703626572,001100,8.07933419659581,8.07933419659581,0,8.07933419659581,8.07933419659581,4.9552343262331515,4.4,"{""001100"": 1}"
ising,2,6,0.18371681153444983,1,42,1,1,129,151,163.859375,0.683032999999341,3.1240998703626572,001100,6.412571801439415,6.412571801439415,0,6.412571801439415,6.412571801439415,3.288471931076758,4.4,"{""001100"": 1}"
ising,2,6,0.17009875002179703,1,42,1,1,129,151,163.890625,0.7228384999998525,3.1240998703626572,001100,6.925960625490823,6.925960625490823,0,6.925960625490823,6.925960625490823,3.8018607551281653,4.4,"{""001100"": 1}"
ising,2,6,0.19842513149602486,1,42,1,1,129,151,164.53125,0.7087147000002005,3.1240998703626572,001100,5.937238071679311,5.937238071679311,0,5.937238071679311,5.937238071679311,2.813138201316654,4.4,"{""001100"": 1}"
ising,2,6,0.2143109957132682,1,42,1,1,129,151,164.55859375,0.7212595999999394,3.1240998703626572,001100,5.497138591397228,5.497138591397228,0,5.497138591397228,5.497138591397228,2.3730387210345705,4.4,"{""001100"": 1}"
ising,2,6,0.23146867807182253,1,42,1,1,129,151,164.03515625,0.7154306999991604,3.1240998703626572,001100,5.089661611713271,5.089661611713271,0,5.089661611713271,5.089661611713271,1.9655617413506135,4.4,"{""001100"": 1}"
ising,2,6,0.25,1,42,1,1,129,151,164.4609375,0.7293728000004194,3.1240998703626572,001100,4.71238898038469,4.71238898038469,0,4.71238898038469,4.71238898038469,1.5882891100220324,4.4,"{""001100"": 1}"
ising,2,6,0.29163225989402897,1,42,1,1,129,151,164.54296875,0.7122259999996459,3.1240998703626572,001100,4.039667098297905,4.039667098297905,0,4.039667098297905,4.039667098297905,0.9155672279352474,4.4,"{""001100"": 1}"
ising,2,6,0.27001493472307647,1,42,1,1,129,151,164.76171875,0.7654273999996803,3.1240998703626572,001100,4.363081791399473,4.363081791399473,0,4.363081791399473,4.363081791399473,1.238981921036816,4.4,"{""001100"": 1}"
ising,2,6,0.314980262473718,1,42,1,1,129,151,164.8515625,0.7330984999998691,3.1240998703626572,001100,3.7402256123730067,3.7402256123730067,0,3.7402256123730067,3.7402256123730067,0.6161257420103494,4.4,"{""001100"": 1}"
ising,2,6,0.3401975000435943,1,42,1,1,129,151,163.984375,0.7226129999999102,3.1240998703626572,001100,3.462980312745409,3.462980312745409,0,3.462980312745409,3.462980312745409,0.33888044238275183,4.4,"{""001100"": 1}"
ising,2,6,0.4286219914265361,1,42,1,1,129,151,164.3671875,0.6892146000000139,3.1240998703626572,001100,2.7485692956986156,2.7485692956986156,0,2.7485692956986156,2.7485692956986156,0.3755305746640416,4.4,"{""001100"": 1}"
ising,2,6,0.36743362306889965,1,42,1,1,129,151,164.5,0.763633800000207,3.1240998703626572,001100,3.2062859007197075,3.2062859007197075,0,3.2062859007197075,3.2062859007197075,0.0821860303570503,4.4,"{""001100"": 1}"
ising,2,6,0.46293735614364534,1,42,1,1,129,151,164.18359375,0.7287803999997777,3.1240998703626572,001100,2.5448308058566336,2.5448308058566336,0,2.5448308058566336,2.5448308058566336,0.5792690645060237,4.4,"{""001100"": 1}"
ising,2,6,0.39685026299204973,1,42,1,1,129,151,164.7890625,0.7557298000001538,3.1240998703626572,001100,2.9686190358396556,2.9686190358396556,0,2.9686190358396556,2.9686190358396556,0.15548083452300165,4.4,"{""001100"": 1}"
ising,2,6,0.5,1,42,1,1,129,151,165.0,0.747135800000251,3.1240998703626572,001100,2.356194490192345,2.356194490192345,0,2.356194490192345,2.356194490192345,0.7679053801703124,4.4,"{""001100"": 1}"
ising,2,6,0.5832645197880579,1,42,1,1,129,151,164.08203125,0.7204054000003453,3.1240998703626572,011100,4.712944948014222,4.712944948014222,0,4.712944948014222,4.712944948014222,1.5888450776515648,4.4,"{""011100"": 1}"
ising,2,6,0.5400298694461529,1,42,1,1,129,151,164.96484375,0.7474150999996709,3.1240998703626572,011100,5.0902620899660525,5.0902620899660525,0,5.0902620899660525,5.0902620899660525,1.9661622196033952,4.4,"{""011100"": 1}"
ising,2,6,0.629960524947436,1,42,1,1,129,151,165.5625,0.7429738999999245,3.1240998703626572,011100,4.363596547768508,4.363596547768508,0,4.363596547768508,4.363596547768508,1.239496677405851,4.4,"{""011100"": 1}"
ising,2,6,0.6803950000871886,1,42,1,1,129,151,165.484375,0.7225883999999496,3.1240998703626572,100000,-4.617307083660545,-4.617307083660545,0,-4.617307083660545,-4.617307083660545,7.741406954023203,4.4,"{""100000"": 1}"
ising,2,6,0.7348672461377993,1,42,1,1,129,151,165.57421875,0.7343959999998333,3.1240998703626572,100000,-4.275047867626276,-4.275047867626276,0,-4.275047867626276,-4.275047867626276,7.399147737988933,4.4,"{""100000"": 1}"
ising,2,6,0.9258747122872896,1,42,1,1,129,151,165.33984375,0.7021420000000944,3.1240998703626572,101100,-2.120692338213864,-2.120692338213864,0,-2.120692338213864,-2.120692338213864,5.244792208576522,4.4,"{""101100"": 1}"
ising,2,6,0.8572439828530722,1,42,1,1,129,151,166.0625,0.7387711000001218,3.1240998703626572,101100,-2.2904744130821797,-2.2904744130821797,0,-2.2904744130821797,-2.2904744130821797,5.414574283444837,4.4,"{""101100"": 1}"
ising,2,6,0.7937005259840995,1,42,1,1,129,151,166.09765625,0.7076778000000559,3.1240998703626572,100100,-3.463388875146265,-3.463388875146265,0,-3.463388875146265,-3.463388875146265,6.587488745508923,4.4,"{""100100"": 1}"
ising,2,6,1.0,1,42,1,1,129,151,165.328125,0.7090134000000035,3.1240998703626572,101100,-1.9634954084936207,-1.9634954084936207,0,-1.9634954084936207,-1.9634954084936207,5.087595278856278,4.4,"{""101100"": 1}"
ising,2,6,1.1665290395761159,1,42,1,1,129,151,166.18359375,0.7530186000003596,3.1240998703626572,101100,-1.6831946242907936,-1.6831946242907936,0,-1.6831946242907936,-1.6831946242907936,4.807294494653451,4.4,"{""101100"": 1}"
ising,2,6,1.0800597388923059,1,42,1,1,129,151,165.515625,0.784095800000614,3.1240998703626572,101100,-1.8179507464164473,-1.8179507464164473,0,-1.8179507464164473,-1.8179507464164473,4.942050616779104,4.4,"{""101100"": 1}"
ising,2,6,1.259921049894872,1,42,1,1,129,151,165.7734375,0.7678691000000981,3.1240998703626572,111100,-0.3116854676977506,-0.3116854676977506,0,-0.3116854676977506,-0.3116854676977506,3.4357853380604078,4.4,"{""111100"": 1}"
ising,2,6,1.4697344922755986,1,42,1,1,129,151,165.97265625,0.7886728000003131,3.1240998703626572,000000,0.0,0.0,0,0.0,0.0,3.1240998703626572,4.4,"{""000000"": 1}"
ising,2,6,1.3607900001743771,1,42,1,1,129,151,165.04296875,0.8646213999991232,3.1240998703626572,111100,-0.2885816927287841,-0.2885816927287841,0,-0.2885816927287841,-0.2885816927287841,3.412681563091441,4.4,"{""111100"": 1}"
ising,2,6,1.7144879657061445,1,42,1,1,129,151,166.28125,0.9131654000002527,3.1240998703626572,001100,0.6871423239246539,0.6871423239246539,0,0.6871423239246539,0.6871423239246539,2.4369575464380033,4.4,"{""001100"": 1}"
ising,2,6,1.587401051968199,1,42,1,1,129,151,166.0390625,0.9285617000005004,3.1240998703626572,001100,0.7421547589599139,0.7421547589599139,0,0.7421547589599139,0.7421547589599139,2.3819451114027435,4.4,"{""001100"": 1}"
ising,2,6,1.8517494245745791,1,42,1,1,129,151,166.3125,0.9267471000002843,3.1240998703626572,001100,0.6362077014641592,0.6362077014641592,0,0.6362077014641592,0.6362077014641592,2.4878921688984983,4.4,"{""001100"": 1}"
ising,2,6,2.0,1,42,1,1,129,151,166.4296875,0.9158355999998093,3.1240998703626572,011100,1.3744467859455345,1.3744467859455345,0,1.3744467859455345,1.3744467859455345,1.7496530844171228,4.4,"{""011100"": 1}"
ising,2,8,0.0010547458387620175,1,42,1,1,514,552,174.60546875,1.494771299999229,3.1240998703626572,00000000,0.0,0.0,0,0.0,0.0,3.1240998703626572,4.4,"{""00000000"": 1}"
ising,2,8,0.0012303916502879625,1,42,1,1,514,552,174.3828125,1.5745040000001609,3.1240998703626572,00000000,0.0,0.0,0,0.0,0.0,3.1240998703626572,4.4,"{""00000000"": 1}"
ising,2,8,0.0015501963398126943,1,42,1,1,514,552,174.96484375,1.518181700000241,3.1240998703626572,00000000,0.0,0.0,0,0.0,0.0,3.1240998703626572,4.4,"{""00000000"": 1}"
ising,2,8,0.0009765625,1,42,1,1,514,552,174.5859375,1.7130036999997174,3.1240998703626572,00000000,0.0,0.0,0,0.0,0.0,3.1240998703626572,4.4,"{""00000000"": 1}"
ising,2,8,0.0013288964845452902,1,42,1,1,514,552,173.79296875,1.6165324000003238,3.1240998703626572,00000000,0.0,0.0,0,0.0,0.0,3.1240998703626572,4.4,"{""00000000"": 1}"
ising,2,8,0.0011391885152110507,1,42,1,1,514,552,174.0703125,1.7042128000002776,3.1240998703626572,00000000,0.0,0.0,0,0.0,0.0,3.1240998703626572,4.4,"{""00000000"": 1}"
ising,2,8,0.0014352875901128893,1,42,1,1,514,552,173.79296875,1.6263966999995318,3.1240998703626572,00000000,0.0,0.0,0,0.0,0.0,3.1240998703626572,4.4,"{""00000000"": 1}"
ising,2,8,0.0016743046540099089,1,42,1,1,514,552,173.90625,1.6256726999999955,3.1240998703626572,00000000,0.0,0.0,0,0.0,0.0,3.1240998703626572,4.4,"{""00000000"": 1}"
ising,2,8,0.0018083490474361146,1,42,1,1,514,552,174.91796875,1.5648508000003858,3.1240998703626572,00000000,0.0,0.0,0,0.0,0.0,3.1240998703626572,4.4,"{""00000000"": 1}"
ising,2,8,0.001953125,1,42,1,1,514,552,174.30859375,1.5904769000007946,3.1240998703626572,00000000,0.0,0.0,0,0.0,0.0,3.1240998703626572,4.4,"{""00000000"": 1}"
ising,2,8,0.002109491677524035,1,42,1,1,514,552,174.44140625,1.598865800000567,3.1240998703626572,00000000,0.0,0.0,0,0.0,0.0,3.1240998703626572,4.4,"{""00000000"": 1}"
ising,2,8,0.0022783770304221013,1,42,1,1,514,552,173.6875,1.5967006000000765,3.1240998703626572,00000000,0.0,0.0,0,0.0,0.0,3.1240998703626572,4.4,"{""00000000"": 1}"
ising,2,8,0.002460783300575925,1,42,1,1,514,552,179.6875,1.2422459999997955,3.1240998703626572,00000000,0.0,0.0,0,0.0,0.0,3.1240998703626572,4.4,"{""00000000"": 1}"
ising,2,8,0.0026577929690905803,1,42,1,1,514,552,179.23828125,1.2529155000001992,3.1240998703626572,00000000,0.0,0.0,0,0.0,0.0,3.1240998703626572,4.4,"{""00000000"": 1}"
ising,2,8,0.0028705751802257785,1,42,1,1,514,552,179.66796875,1.210812899999837,3.1240998703626572,00000000,0.0,0.0,0,0.0,0.0,3.1240998703626572,4.4,"{""00000000"": 1}"
ising,2,8,0.0033486093080198178,1,42,1,1,514,552,178.9765625,1.1982649999999921,3.1240998703626572,00000000,0.0,0.0,0,0.0,0.0,3.1240998703626572,4.4,"{""00000000"": 1}"
ising,2,8,0.0031003926796253885,1,42,1,1,514,552,180.4296875,1.206603300000097,3.1240998703626572,00000000,0.0,0.0,0,0.0,0.0,3.1240998703626572,4.4,"{""00000000"": 1}"
ising,2,8,0.0036166980948722292,1,42,1,1,514,552,179.8203125,1.1831429000003482,3.1240998703626572,00000000,0.0,0.0,0,0.0,0.0,3.1240998703626572,4.4,"{""00000000"": 1}"
ising,2,8,0.00390625,1,42,1,1,514,552,178.96875,1.1662089999999807,3.1240998703626572,00000000,0.0,0.0,0,0.0,0.0,3.1240998703626572,4.4,"{""00000000"": 1}"
ising,2,8,0.00421898335504807,1,42,1,1,514,552,178.90625,1.2176707999997234,3.1240998703626572,00000000,0.0,0.0,0,0.0,0.0,3.1240998703626572,4.4,"{""00000000"": 1}"
ising,2,8,0.004556754060844206,1,42,1,1,514,552,179.1640625,1.2104147000000012,3.1240998703626572,00000000,0.0,0.0,0,0.0,0.0,3.1240998703626572,4.4,"{""00000000"": 1}"
ising,2,8,0.0049215666011518475,1,42,1,1,514,552,180.625,1.1867168999997375,3.1240998703626572,00000000,0.0,0.0,0,0.0,0.0,3.1240998703626572,4.4,"{""00000000"": 1}"
ising,2,8,0.005315585938181161,1,42,1,1,514,552,179.40625,1.192197400000623,3.1240998703626572,00000000,0.0,0.0,0,0.0,0.0,3.1240998703626572,4.4,"{""00000000"": 1}"
ising,2,8,0.005741150360451557,1,42,1,1,514,552,178.5859375,1.1633900999995603,3.1240998703626572,00000000,0.0,0.0,0,0.0,0.0,3.1240998703626572,4.4,"{""00000000"": 1}"
ising,2,8,0.006200785359250777,1,42,1,1,514,552,183.48828125,1.1837555000001885,3.1240998703626572,00000000,0.0,0.0,0,0.0,0.0,3.1240998703626572,4.4,"{""00000000"": 1}"
ising,2,8,0.006697218616039631,1,42,1,1,514,552,183.80078125,1.1661905000000843,3.1240998703626572,00000000,0.0,0.0,0,0.0,0.0,3.1240998703626572,4.4,"{""00000000"": 1}"
ising,2,8,0.0078125,1,42,1,1,514,552,182.62890625,1.13088819999939,3.1240998703626572,00000000,0.0,0.0,0,0.0,0.0,3.1240998703626572,4.4,"{""00000000"": 1}"
ising,2,8,0.00843796671009614,1,42,1,1,514,552,184.0390625,1.1572230000001582,3.1240998703626572,00000000,0.0,0.0,0,0.0,0.0,3.1240998703626572,4.4,"{""00000000"": 1}"
ising,2,8,0.0072333961897444584,1,42,1,1,514,552,183.97265625,1.1734271999994235,3.1240998703626572,00000000,0.0,0.0,0,0.0,0.0,3.1240998703626572,4.4,"{""00000000"": 1}"
ising,2,8,0.009113508121688405,1,42,1,1,514,552,182.98828125,1.1836152000005313,3.1240998703626572,00000000,0.0,0.0,0,0.0,0.0,3.1240998703626572,4.4,"{""00000000"": 1}"
ising,2,8,0.009843133202303695,1,42,1,1,514,552,183.44140625,1.1698801000002277,3.1240998703626572,00000000,0.0,0.0,0,0.0,0.0,3.1240998703626572,4.4,"{""00000000"": 1}"
ising,2,8,0.010631171876362321,1,42,1,1,514,552,183.16796875,1.19641270000011,3.1240998703626572,00000000,0.0,0.0,0,0.0,0.0,3.1240998703626572,4.4,"{""00000000"": 1}"
ising,2,8,0.011482300720903114,1,42,1,1,514,552,183.8984375,1.186225999999806,3.1240998703626572,00000000,0.0,0.0,0,0.0,0.0,3.1240998703626572,4.4,"{""00000000"": 1}"
ising,2,8,0.012401570718501554,1,42,1,1,514,552,184.98828125,1.2288130000006277,3.1240998703626572,00000000,0.0,0.0,0,0.0,0.0,3.1240998703626572,4.4,"{""00000000"": 1}"
ising,2,8,0.013394437232079262,1,42,1,1,514,552,182.9921875,1.1883146000000124,3.1240998703626572,00000000,0.0,0.0,0,0.0,0.0,3.1240998703626572,4.4,"{""00000000"": 1}"
ising,2,8,0.014466792379488917,1,42,1,1,514,552,183.515625,1.2932649999993373,3.1240998703626572,00000010,3.3931077411421784,3.3931077411421784,0,3.3931077411421784,3.3931077411421784,0.26900787077952115,4.4,"{""00000010"": 1}"
ising,2,8,0.015625,1,42,1,1,514,552,188.453125,1.2369519000003493,3.1240998703626572,00000010,3.141592653589793,3.141592653589793,0,3.141592653589793,3.141592653589793,0.017492783227135877,4.4,"{""00000010"": 1}"
ising,2,8,0.01968626640460739,1,42,1,1,514,552,188.7578125,1.2073613000002297,3.1240998703626572,00000100,4.986967483164006,4.986967483164006,0,4.986967483164006,4.986967483164006,1.8628676128013484,4.4,"{""00000100"": 1}"
ising,2,8,0.018227016243376824,1,42,1,1,514,552,187.1328125,1.262373900000057,3.1240998703626572,00000100,5.386222797730536,5.386222797730536,0,5.386222797730536,5.386222797730536,2.2621229273678787,4.4,"{""00000100"": 1}"
ising,2,8,0.022964601441806228,1,42,1,1,514,552,188.2890625,1.2272454000003563,3.1240998703626572,00000100,4.275047867626276,4.275047867626276,0,4.275047867626276,4.275047867626276,1.1509479972636192,4.4,"{""00000100"": 1}"
ising,2,8,0.021262343752724643,1,42,1,1,514,552,188.43359375,1.2519250999994256,3.1240998703626572,00000100,4.617307083660545,4.617307083660545,0,4.617307083660545,4.617307083660545,1.4932072132978882,4.4,"{""00000100"": 1}"
ising,2,8,0.01687593342019228,1,42,1,1,514,552,188.7734375,1.2904124999995474,3.1240998703626572,00000100,5.817442388532632,5.817442388532632,0,5.817442388532632,5.817442388532632,2.6933425181699744,4.4,"{""00000100"": 1}"
ising,2,8,0.024803141437003108,1,42,1,1,514,552,188.5703125,1.2194456999995964,3.1240998703626572,00000100,3.9581587144528743,3.9581587144528743,0,3.9581587144528743,3.9581587144528743,0.834058844090217,4.4,"{""00000100"": 1}"
ising,2,8,0.026788874464158525,1,42,1,1,514,552,188.0546875,1.2164434000005713,3.1240998703626572,00000100,3.664759060931485,3.664759060931485,0,3.664759060931485,3.664759060931485,0.5406591905688276,4.4,"{""00000100"": 1}"
ising,2,8,0.028933584758977816,1,42,1,1,514,552,188.8359375,1.1715659000001324,3.1240998703626572,00000100,3.39310774114218,3.39310774114218,0,3.39310774114218,3.39310774114218,0.26900787077952293,4.4,"{""00000100"": 1}"
ising,2,8,0.03125,1,42,1,1,514,552,189.9296875,1.2155661999995573,3.1240998703626572,00000100,3.141592653589793,3.141592653589793,0,3.141592653589793,3.141592653589793,0.017492783227135877,4.4,"{""00000100"": 1}"
ising,2,8,0.03375186684038456,1,42,1,1,514,552,187.98046875,1.2001546000001326,3.1240998703626572,00000100,2.908721194266316,2.908721194266316,0,2.908721194266316,2.908721194266316,0.21537867609634143,4.4,"{""00000100"": 1}"
ising,2,8,0.03645403248675365,1,42,1,1,514,552,187.9609375,1.199521000000459,3.1240998703626572,00000100,2.693111398865268,2.693111398865268,0,2.693111398865268,2.693111398865268,0.4309884714973893,4.4,"{""00000100"": 1}"
ising,2,8,0.03937253280921478,1,42,1,1,514,552,194.59765625,1.2208443999998053,3.1240998703626572,00000100,2.493483741582003,2.493483741582003,0,2.493483741582003,2.493483741582003,0.6306161287806544,4.4,"{""00000100"": 1}"
ising,2,8,0.0625,1,42,1,1,514,552,194.13671875,1.172443899999962,3.1240998703626572,00001100,4.71238898038469,4.71238898038469,0,4.71238898038469,4.71238898038469,1.5882891100220324,4.4,"{""00001100"": 1}"
ising,2,8,0.04252468750544926,1,42,1,1,514,552,194.6640625,1.2458030000007057,3.1240998703626572,00000100,2.308653541830274,2.308653541830274,0,2.308653541830274,2.308653541830274,0.8154463285323832,4.4,"{""00000100"": 1}"
ising,2,8,0.045929202883612456,1,42,1,1,514,552,193.12890625,1.2187681000004886,3.1240998703626572,00001000,4.275047867626276,4.275047867626276,0,4.275047867626276,4.275047867626276,1.1509479972636192,4.4,"{""00001000"": 1}"
ising,2,8,0.05357774892831705,1,42,1,1,514,552,194.140625,1.1828308000003744,3.1240998703626572,00001000,3.664759060931485,3.664759060931485,0,3.664759060931485,3.664759060931485,0.5406591905688276,4.4,"{""00001000"": 1}"
ising,2,8,0.05786716951795563,1,42,1,1,514,552,194.04296875,1.180759300000318,3.1240998703626572,00001000,3.39310774114218,3.39310774114218,0,3.39310774114218,3.39310774114218,0.26900787077952293,4.4,"{""00001000"": 1}"
ising,2,8,0.049606282874006216,1,42,1,1,514,552,193.2265625,1.2764879999995173,3.1240998703626572,00001000,3.9581587144528743,3.9581587144528743,0,3.9581587144528743,3.9581587144528743,0.834058844090217,4.4,"{""00001000"": 1}"
ising,2,8,0.06750373368076912,1,42,1,1,514,552,192.94921875,1.1969637000001967,3.1240998703626572,00001010,3.6359014928328945,3.6359014928328945,0,3.6359014928328945,3.6359014928328945,0.5118016224702373,4.4,"{""00001010"": 1}"
ising,2,8,0.07290806497350724,1,42,1,1,514,552,192.9921875,1.2442065999994156,3.1240998703626572,00001100,4.039667098297905,4.039667098297905,0,4.039667098297905,4.039667098297905,0.9155672279352474,4.4,"{""00001100"": 1}"
ising,2,8,0.08504937501089851,1,42,1,1,514,552,192.0625,1.2148244999998496,3.1240998703626572,00001100,3.4629803127454113,3.4629803127454113,0,3.4629803127454113,3.4629803127454113,0.33888044238275405,4.4,"{""00001100"": 1}"
ising,2,8,0.07874506561842956,1,42,1,1,514,552,194.41015625,1.2575863000001846,3.1240998703626572,00001100,3.7402256123730044,3.7402256123730044,0,3.7402256123730044,3.7402256123730044,0.6161257420103472,4.4,"{""00001100"": 1}"
ising,2,8,0.09185840576722491,1,42,1,1,514,552,192.46875,1.2743891999998596,3.1240998703626572,00001000,2.137523933813138,2.137523933813138,0,2.137523933813138,2.137523933813138,0.986575936549519,4.4,"{""00001000"": 1}"
ising,2,8,0.09921256574801243,1,42,1,1,514,552,196.33984375,1.351402400000552,3.1240998703626572,00001000,1.9790793572264371,1.9790793572264371,0,1.9790793572264371,1.9790793572264371,1.14502051313622,4.4,"{""00001000"": 1}"
ising,2,8,0.14581612994701448,1,42,1,1,514,552,199.23828125,1.2082661999993434,3.1240998703626572,00010000,2.6931113988652697,2.6931113988652697,0,2.6931113988652697,2.6931113988652697,0.4309884714973875,4.4,"{""00010000"": 1}"
ising,2,8,0.13500746736153824,1,42,1,1,514,552,195.890625,1.3483790000000226,3.1240998703626572,00001100,2.1815408956997366,2.1815408956997366,0,2.1815408956997366,2.1815408956997366,0.9425589746629206,4.4,"{""00001100"": 1}"
ising,2,8,0.125,1,42,1,1,514,552,195.34765625,1.3617613999995228,3.1240998703626572,00001100,2.356194490192345,2.356194490192345,0,2.356194490192345,2.356194490192345,0.7679053801703124,4.4,"{""00001100"": 1}"
ising,2,8,0.11573433903591127,1,42,1,1,514,552,196.48046875,1.406827499999963,3.1240998703626572,00010000,3.39310774114218,3.39310774114218,0,3.39310774114218,3.39310774114218,0.26900787077952293,4.4,"{""00010000"": 1}"
ising,2,8,0.1071554978566341,1,42,1,1,514,552,196.60546875,1.4103292999998303,3.1240998703626572,00001001,2.0614269717739604,2.0614269717739604,0,2.0614269717739604,2.0614269717739604,1.0626728985886968,4.4,"{""00001001"": 1}"
ising,2,8,0.15749013123685912,1,42,1,1,514,552,195.43359375,1.4323764999999185,3.1240998703626572,11010000,-7.480451224746009,-7.480451224746009,0,-7.480451224746009,-7.480451224746009,10.604551095108667,4.4,"{""11010000"": 1}"
ising,2,8,0.17009875002179703,1,42,1,1,514,552,195.4296875,1.4137759000004735,3.1240998703626572,11101100,-2.8858169272878427,-2.8858169272878427,0,-2.8858169272878427,-2.8858169272878427,6.0099167976505,4.4,"{""11101100"": 1}"
ising,2,8,0.19842513149602486,1,42,1,1,514,552,193.75390625,1.3780163999999786,3.1240998703626572,11101100,-2.4738491965330462,-2.4738491965330462,0,-2.4738491965330462,-2.4738491965330462,5.597949066895703,4.4,"{""11101100"": 1}"
ising,2,8,0.18371681153444983,1,42,1,1,514,552,195.171875,1.4394238999993831,3.1240998703626572,11101100,-2.671904917266423,-2.671904917266423,0,-2.671904917266423,-2.671904917266423,5.79600478762908,4.4,"{""11101100"": 1}"
ising,2,8,0.2143109957132682,1,42,1,1,514,552,196.27734375,1.3740348999999696,3.1240998703626572,11100000,-3.664759060931485,-3.664759060931485,0,-3.664759060931485,-3.664759060931485,6.788858931294142,4.4,"{""11100000"": 1}"
ising,2,8,0.23146867807182253,1,42,1,1,514,552,193.9453125,1.398482000000513,3.1240998703626572,11101000,-2.5448308058566353,-2.5448308058566353,0,-2.5448308058566353,-2.5448308058566353,5.668930676219293,4.4,"{""11101000"": 1}"
ising,2,8,0.25,1,42,1,1,514,552,196.984375,1.2607492999995884,3.1240998703626572,11101000,-2.356194490192345,-2.356194490192345,0,-2.356194490192345,-2.356194490192345,5.480294360555002,4.4,"{""11101000"": 1}"
ising,2,8,0.27001493472307647,1,42,1,1,514,552,199.875,1.24729810000008,3.1240998703626572,11101100,-1.8179507464164473,-1.8179507464164473,0,-1.8179507464164473,-1.8179507464164473,4.942050616779104,4.4,"{""11101100"": 1}"
ising,2,8,0.29163225989402897,1,42,1,1,514,552,196.44140625,1.2533826999997473,3.1240998703626572,11011110,-2.8614308612943495,-2.8614308612943495,0,-2.8614308612943495,-2.8614308612943495,5.985530731657007,4.4,"{""11011110"": 1}"
ising,2,8,0.314980262473718,1,42,1,1,514,552,195.9296875,1.2891242999994574,3.1240998703626572,11101100,-1.5584273384887528,-1.5584273384887528,0,-1.5584273384887528,-1.5584273384887528,4.68252720885141,4.4,"{""11101100"": 1}"
ising,2,8,0.3401975000435943,1,42,1,1,514,552,197.125,1.262974199999917,3.1240998703626572,11101100,-1.4429084636439204,-1.4429084636439204,0,-1.4429084636439204,-1.4429084636439204,4.5670083340065775,4.4,"{""11101100"": 1}"
ising,2,8,0.36743362306889965,1,42,1,1,514,552,197.2421875,1.2846848999997746,3.1240998703626572,11101100,-1.3359524586332114,-1.3359524586332114,0,-1.3359524586332114,-1.3359524586332114,4.460052328995869,4.4,"{""11101100"": 1}"
ising,2,8,0.39685026299204973,1,42,1,1,514,552,196.1015625,1.3098602000000028,3.1240998703626572,01101100,6.679392830639225,6.679392830639225,0,6.679392830639225,6.679392830639225,3.5552929602765677,4.4,"{""01101100"": 1}"
ising,2,8,0.4286219914265361,1,42,1,1,514,552,196.3125,1.3456632999996145,3.1240998703626572,01101100,6.184280915321885,6.184280915321885,0,6.184280915321885,6.184280915321885,3.060181044959228,4.4,"{""01101100"": 1}"
ising,2,8,0.5,1,42,1,1,514,552,195.859375,1.2679955000003247,3.1240998703626572,01100000,4.71238898038469,4.71238898038469,0,4.71238898038469,4.71238898038469,1.5882891100220324,4.4,"{""01100000"": 1}"
ising,2,8,0.46293735614364534,1,42,1,1,514,552,194.44921875,1.3240444000002753,3.1240998703626572,01101000,5.513800079356041,5.513800079356041,0,5.513800079356041,5.513800079356041,2.3897002089933834,4.4,"{""01101000"": 1}"
ising,2,8,0.5400298694461529,1,42,1,1,514,552,197.0703125,1.3293775000001915,3.1240998703626572,01101100,4.908467015324407,4.908467015324407,0,4.908467015324407,4.908467015324407,1.7843671449617502,4.4,"{""01101100"": 1}"
ising,2,8,0.5832645197880579,1,42,1,1,514,552,195.06640625,1.2663023999994039,3.1240998703626572,01101100,4.544625485585143,4.544625485585143,0,4.544625485585143,4.544625485585143,1.4205256152224854,4.4,"{""01101100"": 1}"
ising,2,8,0.629960524947436,1,42,1,1,514,552,197.41796875,1.1969537000004493,3.1240998703626572,01101100,4.207753813919632,4.207753813919632,0,4.207753813919632,4.207753813919632,1.0836539435569752,4.4,"{""01101100"": 1}"
ising,2,8,0.7348672461377993,1,42,1,1,514,552,196.69921875,1.1895367000006445,3.1240998703626572,10000100,-4.141452621762955,-4.141452621762955,0,-4.141452621762955,-4.141452621762955,7.265552492125613,4.4,"{""10000100"": 1}"
ising,2,8,0.6803950000871886,1,42,1,1,514,552,200.3125,1.2149153999998816,3.1240998703626572,01111100,4.473016237296153,4.473016237296153,0,4.473016237296153,4.473016237296153,1.3489163669334956,4.4,"{""01111100"": 1}"
ising,2,8,0.7937005259840995,1,42,1,1,514,552,195.94140625,1.205391899999995,3.1240998703626572,10001100,-3.5870813349729174,-3.5870813349729174,0,-3.5870813349729174,-3.5870813349729174,6.711181205335574,4.4,"{""10001100"": 1}"
ising,2,8,0.9258747122872896,1,42,1,1,514,552,197.22265625,1.1729913999997734,3.1240998703626572,01100000,2.5448308058566367,2.5448308058566367,0,2.5448308058566367,2.5448308058566367,0.5792690645060206,4.4,"{""01100000"": 1}"
ising,2,8,0.8572439828530722,1,42,1,1,514,552,197.1953125,1.2510222999999314,3.1240998703626572,10010000,-3.2066641783150516,-3.2066641783150516,0,-3.2066641783150516,-3.2066641783150516,6.330764048677709,4.4,"{""10010000"": 1}"
ising,2,8,1.0800597388923059,1,42,1,1,514,552,196.49609375,1.1575680000005377,3.1240998703626572,11101100,-0.4544876866041118,-0.4544876866041118,0,-0.4544876866041118,-0.4544876866041118,3.578587556966769,4.4,"{""11101100"": 1}"
ising,2,8,1.0,1,42,1,1,514,552,196.1015625,1.2597703999999794,3.1240998703626572,11101100,-0.4908738521234052,-0.4908738521234052,0,-0.4908738521234052,-0.4908738521234052,3.6149737224860625,4.4,"{""11101100"": 1}"
ising,2,8,1.259921049894872,1,42,1,1,514,552,194.44921875,1.1893055999998978,3.1240998703626572,11101100,-0.3896068346221882,-0.3896068346221882,0,-0.3896068346221882,-0.3896068346221882,3.5137067049848456,4.4,"{""11101100"": 1}"
ising,2,8,1.1665290395761159,1,42,1,1,514,552,196.0078125,1.2329489000003377,3.1240998703626572,11101100,-0.4207986560726984,-0.4207986560726984,0,-0.4207986560726984,-0.4207986560726984,3.5448985264353556,4.4,"{""11101100"": 1}"
ising,2,8,1.3607900001743771,1,42,1,1,514,552,197.1171875,1.2010363999997935,3.1240998703626572,11110110,-0.18036355795549006,-0.18036355795549006,0,-0.18036355795549006,-0.18036355795549006,3.3044634283181473,4.4,"{""11110110"": 1}"
ising,2,8,1.4697344922755986,1,42,1,1,514,552,196.15625,1.2149898999996367,3.1240998703626572,00000100,0.06679762293166057,0.06679762293166057,0,0.06679762293166057,0.06679762293166057,3.0573022474309965,4.4,"{""00000100"": 1}"
ising,2,8,1.587401051968199,1,42,1,1,514,552,199.33984375,1.157239699999991,3.1240998703626572,11010000,-0.7421547589599139,-0.7421547589599139,0,-0.7421547589599139,-0.7421547589599139,3.866254629322571,4.4,"{""11010000"": 1}"
ising,2,8,1.7144879657061445,1,42,1,1,514,552,197.12109375,1.1990503000006356,3.1240998703626572,11101100,-0.28630930163527246,-0.28630930163527246,0,-0.28630930163527246,-0.28630930163527246,3.4104091719979297,4.4,"{""11101100"": 1}"
ising,2,8,1.8517494245745791,1,42,1,1,514,552,200.3125,1.2134697000001324,3.1240998703626572,01101110,1.4579759825220315,1.4579759825220315,0,1.4579759825220315,1.4579759825220315,1.6661238878406257,4.4,"{""01101110"": 1}"
ising,2,8,2.0,1,42,1,1,514,552,196.58984375,1.2036782000004678,3.1240998703626572,01101100,1.325359400733194,1.325359400733194,0,1.325359400733194,1.325359400733194,1.7987404696294633,4.4,"{""01101100"": 1}"
ising,2,10,0.0009765625,1,42,1,1,2166,2223,220.859375,4.036104400000113,3.1240998703626572,0000000000,0.0,0.0,0,0.0,0.0,3.1240998703626572,4.4,"{""0000000000"": 1}"
ising,2,10,0.0010547458387620175,1,42,1,1,2166,2223,215.19921875,4.080691399999523,3.1240998703626572,0000000000,0.0,0.0,0,0.0,0.0,3.1240998703626572,4.4,"{""0000000000"": 1}"
ising,2,10,0.0011391885152110507,1,42,1,1,2166,2223,213.9296875,4.001274700000067,3.1240998703626572,0000000000,0.0,0.0,0,0.0,0.0,3.1240998703626572,4.4,"{""0000000000"": 1}"
ising,2,10,0.0012303916502879625,1,42,1,1,2166,2223,213.44140625,4.023902000000817,3.1240998703626572,0000000000,0.0,0.0,0,0.0,0.0,3.1240998703626572,4.4,"{""0000000000"": 1}"
ising,2,10,0.0014352875901128893,1,42,1,1,2166,2223,216.5234375,3.953951099999358,3.1240998703626572,0000000000,0.0,0.0,0,0.0,0.0,3.1240998703626572,4.4,"{""0000000000"": 1}"
ising,2,10,0.0013288964845452902,1,42,1,1,2166,2223,217.02734375,4.0196679999999105,3.1240998703626572,0000000000,0.0,0.0,0,0.0,0.0,3.1240998703626572,4.4,"{""0000000000"": 1}"
ising,2,10,0.0015501963398126943,1,42,1,1,2166,2223,219.55859375,4.050139400000262,3.1240998703626572,0000000000,0.0,0.0,0,0.0,0.0,3.1240998703626572,4.4,"{""0000000000"": 1}"
ising,2,10,0.0016743046540099089,1,42,1,1,2166,2223,217.8359375,3.9732492999992246,3.1240998703626572,0000000000,0.0,0.0,0,0.0,0.0,3.1240998703626572,4.4,"{""0000000000"": 1}"
ising,2,10,0.0018083490474361146,1,42,1,1,2166,2223,221.51171875,4.024191900000005,3.1240998703626572,0000000000,0.0,0.0,0,0.0,0.0,3.1240998703626572,4.4,"{""0000000000"": 1}"
ising,2,10,0.001953125,1,42,1,1,2166,2223,220.98828125,4.005426600000646,3.1240998703626572,0000000001,3.141592653589793,3.141592653589793,0,3.141592653589793,3.141592653589793,0.017492783227135877,4.4,"{""0000000001"": 1}"
ising,2,10,0.002109491677524035,1,42,1,1,2166,2223,221.64453125,4.025357699999404,3.1240998703626572,0000000000,0.0,0.0,0,0.0,0.0,3.1240998703626572,4.4,"{""0000000000"": 1}"
ising,2,10,0.0022783770304221013,1,42,1,1,2166,2223,219.26171875,4.068862900000568,3.1240998703626572,0000000000,0.0,0.0,0,0.0,0.0,3.1240998703626572,4.4,"{""0000000000"": 1}"
ising,2,10,0.002460783300575925,1,42,1,1,2166,2223,225.1015625,3.2577263999992283,3.1240998703626572,0000000000,0.0,0.0,0,0.0,0.0,3.1240998703626572,4.4,"{""0000000000"": 1}"
ising,2,10,0.0026577929690905803,1,42,1,1,2166,2223,218.39453125,3.380759399999988,3.1240998703626572,0000000000,0.0,0.0,0,0.0,0.0,3.1240998703626572,4.4,"{""0000000000"": 1}"
ising,2,10,0.0028705751802257785,1,42,1,1,2166,2223,220.17578125,3.3471934999997757,3.1240998703626572,0000000000,0.0,0.0,0,0.0,0.0,3.1240998703626572,4.4,"{""0000000000"": 1}"
ising,2,10,0.0031003926796253885,1,42,1,1,2166,2223,217.74609375,3.34750989999975,3.1240998703626572,0000000010,3.9581587144528743,3.9581587144528743,0,3.9581587144528743,3.9581587144528743,0.834058844090217,4.4,"{""0000000010"": 1}"
ising,2,10,0.0033486093080198178,1,42,1,1,2166,2223,226.03515625,3.268889699999818,3.1240998703626572,0000000010,3.6647590609314826,3.6647590609314826,0,3.6647590609314826,3.6647590609314826,0.5406591905688254,4.4,"{""0000000010"": 1}"
ising,2,10,0.0036166980948722292,1,42,1,1,2166,2223,220.953125,3.3166534000001775,3.1240998703626572,0000000010,3.3931077411421784,3.3931077411421784,0,3.3931077411421784,3.3931077411421784,0.26900787077952115,4.4,"{""0000000010"": 1}"
ising,2,10,0.00421898335504807,1,42,1,1,2166,2223,225.5234375,3.258538000000044,3.1240998703626572,0000000010,2.908721194266316,2.908721194266316,0,2.908721194266316,2.908721194266316,0.21537867609634143,4.4,"{""0000000010"": 1}"
ising,2,10,0.00390625,1,42,1,1,2166,2223,217.5,3.419363599999997,3.1240998703626572,0000000010,3.141592653589793,3.141592653589793,0,3.141592653589793,3.141592653589793,0.017492783227135877,4.4,"{""0000000010"": 1}"
ising,2,10,0.005315585938181161,1,42,1,1,2166,2223,225.18359375,3.22855570000047,3.1240998703626572,0000000100,4.617307083660545,4.617307083660545,0,4.617307083660545,4.617307083660545,1.4932072132978882,4.4,"{""0000000100"": 1}"
ising,2,10,0.004556754060844206,1,42,1,1,2166,2223,221.359375,3.325900100000581,3.1240998703626572,0000000010,2.693111398865268,2.693111398865268,0,2.693111398865268,2.693111398865268,0.4309884714973893,4.4,"{""0000000010"": 1}"
ising,2,10,0.0049215666011518475,1,42,1,1,2166,2223,220.59765625,3.2612497000000076,3.1240998703626572,0000000100,4.986967483164006,4.986967483164006,0,4.986967483164006,4.986967483164006,1.8628676128013484,4.4,"{""0000000100"": 1}"
ising,2,10,0.005741150360451557,1,42,1,1,2166,2223,218.9140625,3.460041799999999,3.1240998703626572,0000000100,4.275047867626276,4.275047867626276,0,4.275047867626276,4.275047867626276,1.1509479972636192,4.4,"{""0000000100"": 1}"
ising,2,10,0.006200785359250777,1,42,1,1,2166,2223,236.046875,3.146586599999864,3.1240998703626572,0000000100,3.9581587144528743,3.9581587144528743,0,3.9581587144528743,3.9581587144528743,0.834058844090217,4.4,"{""0000000100"": 1}"
ising,2,10,0.006697218616039631,1,42,1,1,2166,2223,227.52734375,3.1769868000001225,3.1240998703626572,0000000100,3.664759060931485,3.664759060931485,0,3.664759060931485,3.664759060931485,0.5406591905688276,4.4,"{""0000000100"": 1}"
ising,2,10,0.0072333961897444584,1,42,1,1,2166,2223,227.1015625,3.194206699999995,3.1240998703626572,0000000100,3.3931077411421784,3.3931077411421784,0,3.3931077411421784,3.3931077411421784,0.26900787077952115,4.4,"{""0000000100"": 1}"
ising,2,10,0.0078125,1,42,1,1,2166,2223,227.09375,3.1847713999995904,3.1240998703626572,0000000100,3.141592653589793,3.141592653589793,0,3.141592653589793,3.141592653589793,0.017492783227135877,4.4,"{""0000000100"": 1}"
ising,2,10,0.00843796671009614,1,42,1,1,2166,2223,225.9140625,3.1696594999993977,3.1240998703626572,0000000100,2.908721194266316,2.908721194266316,0,2.908721194266316,2.908721194266316,0.21537867609634143,4.4,"{""0000000100"": 1}"
ising,2,10,0.009113508121688405,1,42,1,1,2166,2223,232.9296875,3.0503611999993154,3.1240998703626572,0000000100,2.6931113988652697,2.6931113988652697,0,2.6931113988652697,2.6931113988652697,0.4309884714973875,4.4,"{""0000000100"": 1}"
ising,2,10,0.009843133202303695,1,42,1,1,2166,2223,231.671875,3.0184432999994897,3.1240998703626572,0000000100,2.493483741582003,2.493483741582003,0,2.493483741582003,2.493483741582003,0.6306161287806544,4.4,"{""0000000100"": 1}"
ising,2,10,0.010631171876362321,1,42,1,1,2166,2223,224.375,3.2069688999999926,3.1240998703626572,0000000100,2.3086535418302727,2.3086535418302727,0,2.3086535418302727,2.3086535418302727,0.8154463285323845,4.4,"{""0000000100"": 1}"
ising,2,10,0.011482300720903114,1,42,1,1,2166,2223,236.8828125,2.970940199999859,3.1240998703626572,0000000110,3.2062859007197075,3.2062859007197075,0,3.2062859007197075,3.2062859007197075,0.0821860303570503,4.4,"{""0000000110"": 1}"
ising,2,10,0.012401570718501554,1,42,1,1,2166,2223,227.73046875,3.176021799999944,3.1240998703626572,0000000110,2.9686190358396556,2.9686190358396556,0,2.9686190358396556,2.9686190358396556,0.15548083452300165,4.4,"{""0000000110"": 1}"
ising,2,10,0.013394437232079262,1,42,1,1,2166,2223,227.0390625,3.1747566000003644,3.1240998703626572,0000001000,3.664759060931485,3.664759060931485,0,3.664759060931485,3.664759060931485,0.5406591905688276,4.4,"{""0000001000"": 1}"
ising,2,10,0.014466792379488917,1,42,1,1,2166,2223,226.0,3.1081170999996175,3.1240998703626572,0000001000,3.3931077411421784,3.3931077411421784,0,3.3931077411421784,3.3931077411421784,0.26900787077952115,4.4,"{""0000001000"": 1}"
ising,2,10,0.01687593342019228,1,42,1,1,2166,2223,234.98046875,3.046073299999989,3.1240998703626572,0000001001,3.2723113435496054,3.2723113435496054,0,3.2723113435496054,3.2723113435496054,0.14821147318694816,4.4,"{""0000001001"": 1}"
ising,2,10,0.01968626640460739,1,42,1,1,2166,2223,233.73046875,3.080080900000212,3.1240998703626572,0000001100,3.7402256123730044,3.7402256123730044,0,3.7402256123730044,3.7402256123730044,0.6161257420103472,4.4,"{""0000001100"": 1}"
ising,2,10,0.018227016243376824,1,42,1,1,2166,2223,233.4609375,3.131560700000591,3.1240998703626572,0000001000,2.693111398865268,2.693111398865268,0,2.693111398865268,2.693111398865268,0.4309884714973893,4.4,"{""0000001000"": 1}"
ising,2,10,0.015625,1,42,1,1,2166,2223,235.16796875,3.5081315000006725,3.1240998703626572,0000001000,3.141592653589793,3.141592653589793,0,3.141592653589793,3.141592653589793,0.017492783227135877,4.4,"{""0000001000"": 1}"
ising,2,10,0.021262343752724643,1,42,1,1,2166,2223,234.9296875,3.0673823999995875,3.1240998703626572,0000001100,3.462980312745409,3.462980312745409,0,3.462980312745409,3.462980312745409,0.33888044238275183,4.4,"{""0000001100"": 1}"
ising,2,10,0.026788874464158525,1,42,1,1,2166,2223,237.55859375,3.066970599999877,3.1240998703626572,0000010000,3.664759060931485,3.664759060931485,0,3.664759060931485,3.664759060931485,0.5406591905688276,4.4,"{""0000010000"": 1}"
ising,2,10,0.024803141437003108,1,42,1,1,2166,2223,232.50390625,3.4482679999991888,3.1240998703626572,0000001100,2.9686190358396556,2.9686190358396556,0,2.9686190358396556,2.9686190358396556,0.15548083452300165,4.4,"{""0000001100"": 1}"
ising,2,10,0.03125,1,42,1,1,2166,2223,233.57421875,3.0936322999996264,3.1240998703626572,0000010000,3.141592653589793,3.141592653589793,0,3.141592653589793,3.141592653589793,0.017492783227135877,4.4,"{""0000010000"": 1}"
ising,2,10,0.022964601441806228,1,42,1,1,2166,2223,233.80859375,3.558652400000028,3.1240998703626572,0000001100,3.2062859007197075,3.2062859007197075,0,3.2062859007197075,3.2062859007197075,0.0821860303570503,4.4,"{""0000001100"": 1}"
ising,2,10,0.03375186684038456,1,42,1,1,2166,2223,235.88671875,3.113186300000052,3.1240998703626572,0000010000,2.908721194266316,2.908721194266316,0,2.908721194266316,2.908721194266316,0.21537867609634143,4.4,"{""0000010000"": 1}"
ising,2,10,0.028933584758977816,1,42,1,1,2166,2223,237.19921875,3.4864262000000963,3.1240998703626572,0000010000,3.39310774114218,3.39310774114218,0,3.39310774114218,3.39310774114218,0.26900787077952293,4.4,"{""0000010000"": 1}"
ising,2,10,0.03645403248675365,1,42,1,1,2166,2223,233.078125,3.1505082000003313,3.1240998703626572,0000001100,2.019833549148951,2.019833549148951,0,2.019833549148951,2.019833549148951,1.1042663212137063,4.4,"{""0000001100"": 1}"
ising,2,10,0.03937253280921478,1,42,1,1,2166,2223,236.74609375,3.40618749999976,3.1240998703626572,0000011100,4.363596547768505,4.363596547768505,0,4.363596547768505,4.363596547768505,1.2394966774058473,4.4,"{""0000011100"": 1}"
ising,2,10,0.04252468750544926,1,42,1,1,2166,2223,232.90234375,3.5236430000004475,3.1240998703626572,0000011100,4.0401436982029795,4.0401436982029795,0,4.0401436982029795,4.0401436982029795,0.9160438278403222,4.4,"{""0000011100"": 1}"
ising,2,10,0.049606282874006216,1,42,1,1,2166,2223,229.49609375,3.448710700000447,3.1240998703626572,0000011100,3.463388875146265,3.463388875146265,0,3.463388875146265,3.463388875146265,0.3392890047836077,4.4,"{""0000011100"": 1}"
ising,2,10,0.045929202883612456,1,42,1,1,2166,2223,234.64453125,3.5992891999994754,3.1240998703626572,0000011100,3.740666884172992,3.740666884172992,0,3.740666884172992,3.740666884172992,0.616567013810335,4.4,"{""0000011100"": 1}"
ising,2,10,0.05357774892831705,1,42,1,1,2166,2223,236.30859375,3.431550399999651,3.1240998703626572,0011101100,27.027598074369703,27.027598074369703,0,27.027598074369703,27.027598074369703,23.903498204007047,4.4,"{""0011101100"": 1}"
ising,2,10,0.07290806497350724,1,42,1,1,2166,2223,231.3359375,3.308292099999562,3.1240998703626572,0111101100,41.406587757553524,41.406587757553524,0,41.406587757553524,41.406587757553524,38.28248788719087,4.4,"{""0111101100"": 1}"
ising,2,10,0.05786716951795563,1,42,1,1,2166,2223,239.1640625,3.5032423999991806,3.1240998703626572,0011101000,24.600031123280807,24.600031123280807,0,24.600031123280807,24.600031123280807,21.47593125291815,4.4,"{""0011101000"": 1}"
ising,2,10,0.06750373368076912,1,42,1,1,2166,2223,233.9453125,3.4854150999999547,3.1240998703626572,0111101000,44.35799821256131,44.35799821256131,0,44.35799821256131,44.35799821256131,41.23389834219866,4.4,"{""0111101000"": 1}"
ising,2,10,0.0625,1,42,1,1,2166,2223,230.14453125,3.5219508000000133,3.1240998703626572,0011101000,22.776546738526,22.776546738526,0,22.776546738526,22.776546738526,19.652446868163345,4.4,"{""0011101000"": 1}"
ising,2,10,0.07874506561842956,1,42,1,1,2166,2223,234.84765625,3.5092656999995597,3.1240998703626572,0111101100,38.33731252682329,38.33731252682329,0,38.33731252682329,38.33731252682329,35.213212656460634,4.4,"{""0111101100"": 1}"
ising,2,10,0.08504937501089851,1,42,1,1,2166,2223,232.40234375,3.451537300000382,3.1240998703626572,0111101100,35.49554820564047,35.49554820564047,0,35.49554820564047,35.49554820564047,32.37144833527781,4.4,"{""0111101100"": 1}"
ising,2,10,0.09185840576722491,1,42,1,1,2166,2223,232.94921875,3.5510008999999627,3.1240998703626572,0000101100,2.9390954089930648,2.9390954089930648,0,2.9390954089930648,2.9390954089930648,0.18500446136959248,4.4,"{""0000101100"": 1}"
ising,2,10,0.09921256574801243,1,42,1,1,2166,2223,241.6640625,3.26695540000037,3.1240998703626572,0000101100,2.7212341161863507,2.7212341161863507,0,2.7212341161863507,2.7212341161863507,0.40286575417630655,4.4,"{""0000101100"": 1}"
ising,2,10,0.1071554978566341,1,42,1,1,2166,2223,237.67578125,3.250770999999986,3.1240998703626572,0111101100,28.172835280910792,28.172835280910792,0,28.172835280910792,28.172835280910792,25.048735410548137,4.4,"{""0111101100"": 1}"
ising,2,10,0.11573433903591127,1,42,1,1,2166,2223,233.5703125,3.242178200000126,3.1240998703626572,0001001100,4.029315442606339,4.029315442606339,0,4.029315442606339,4.029315442606339,0.9052155722436814,4.4,"{""0001001100"": 1}"
ising,2,10,0.125,1,42,1,1,2166,2223,240.18359375,3.2354074999993827,3.1240998703626572,0001001000,3.5342917352885173,3.5342917352885173,0,3.5342917352885173,3.5342917352885173,0.41019186492586,4.4,"{""0001001000"": 1}"
ising,2,10,0.13500746736153824,1,42,1,1,2166,2223,237.48046875,3.2188477999998213,3.1240998703626572,0001001000,3.2723113435496054,3.2723113435496054,0,3.2723113435496054,3.2723113435496054,0.14821147318694816,4.4,"{""0001001000"": 1}"
ising,2,10,0.14581612994701448,1,42,1,1,2166,2223,237.3203125,3.2660424999994575,3.1240998703626572,0001001000,3.0297503237234285,3.0297503237234285,0,3.0297503237234285,3.0297503237234285,0.09434954663922879,4.4,"{""0001001000"": 1}"
ising,2,10,0.15749013123685912,1,42,1,1,2166,2223,235.54296875,3.32265709999956,3.1240998703626572,0001001100,2.961011943128628,2.961011943128628,0,2.961011943128628,2.961011943128628,0.1630879272340291,4.4,"{""0001001100"": 1}"
ising,2,10,0.17009875002179703,1,42,1,1,2166,2223,239.05859375,3.2850336999999854,3.1240998703626572,0001000000,2.308653541830274,2.308653541830274,0,2.308653541830274,2.308653541830274,0.8154463285323832,4.4,"{""0001000000"": 1}"
ising,2,10,0.2143109957132682,1,42,1,1,2166,2223,235.5859375,3.151309400000173,3.1240998703626572,0001001000,2.0614269717739604,2.0614269717739604,0,2.0614269717739604,2.0614269717739604,1.0626728985886968,4.4,"{""0001001000"": 1}"
ising,2,10,0.18371681153444983,1,42,1,1,2166,2223,230.03515625,3.272358500000337,3.1240998703626572,0001001000,2.4047144255397805,2.4047144255397805,0,2.4047144255397805,2.4047144255397805,0.7193854448228767,4.4,"{""0001001000"": 1}"
ising,2,10,0.19842513149602486,1,42,1,1,2166,2223,236.6015625,3.283332999999402,3.1240998703626572,0011001000,6.184622991332616,6.184622991332616,0,6.184622991332616,6.184622991332616,3.060523120969959,4.4,"{""0011001000"": 1}"
ising,2,10,0.23146867807182253,1,42,1,1,2166,2223,239.42578125,3.3359614999999394,3.1240998703626572,0001111100,3.2870731242314872,3.2870731242314872,0,3.2870731242314872,3.2870731242314872,0.16297325386883,4.4,"{""0001111100"": 1}"
ising,2,10,0.25,1,42,1,1,2166,2223,243.23828125,3.2110061000003043,3.1240998703626572,0001001100,1.8653206380689396,1.8653206380689396,0,1.8653206380689396,1.8653206380689396,1.2587792322937177,4.4,"{""0001001100"": 1}"
ising,2,10,0.27001493472307647,1,42,1,1,2166,2223,238.6953125,3.1046119000002363,3.1240998703626572,0001001000,1.6361556717748027,1.6361556717748027,0,1.6361556717748027,1.6361556717748027,1.4879441985878545,4.4,"{""0001001000"": 1}"
ising,2,10,0.29163225989402897,1,42,1,1,2166,2223,237.7890625,3.229036000000633,3.1240998703626572,0001001100,1.599034893076254,1.599034893076254,0,1.599034893076254,1.599034893076254,1.5250649772864033,4.4,"{""0001001100"": 1}"
ising,2,10,0.314980262473718,1,42,1,1,2166,2223,241.8125,3.1188774000002013,3.1240998703626572,0011001000,3.8960683462218824,3.8960683462218824,0,3.8960683462218824,3.8960683462218824,0.7719684758592251,4.4,"{""0011001000"": 1}"
ising,2,10,0.3401975000435943,1,42,1,1,2166,2223,239.828125,3.154637999999977,3.1240998703626572,0011001000,3.6072711591098012,3.6072711591098012,0,3.6072711591098012,3.6072711591098012,0.483171288747144,4.4,"{""0011001000"": 1}"
ising,2,10,0.36743362306889965,1,42,1,1,2166,2223,236.8046875,3.1805425000002288,3.1240998703626572,0011001000,3.339881146583029,3.339881146583029,0,3.339881146583029,3.339881146583029,0.2157812762203717,4.4,"{""0011001000"": 1}"
ising,2,10,0.39685026299204973,1,42,1,1,2166,2223,238.37109375,3.2257848999997805,3.1240998703626572,0011001000,3.092311495666308,3.092311495666308,0,3.092311495666308,3.092311495666308,0.03178837469634921,4.4,"{""0011001000"": 1}"
ising,2,10,0.4286219914265361,1,42,1,1,2166,2223,241.65234375,3.121345900000051,3.1240998703626572,0011001000,2.8630930163527246,2.8630930163527246,0,2.8630930163527246,2.8630930163527246,0.2610068540099326,4.4,"{""0011001000"": 1}"
ising,2,10,0.5400298694461529,1,42,1,1,2166,2223,240.484375,3.054012500000681,3.1240998703626572,0111000000,5.0902620899660525,5.0902620899660525,0,5.0902620899660525,5.0902620899660525,1.9661622196033952,4.4,"{""0111000000"": 1}"
ising,2,10,0.46293735614364534,1,42,1,1,2166,2223,240.80859375,3.170788299999913,3.1240998703626572,0011001100,2.703882731222673,2.703882731222673,0,2.703882731222673,2.703882731222673,0.42021713913998404,4.4,"{""0011001100"": 1}"
ising,2,10,0.5,1,42,1,1,2166,2223,234.0234375,3.2438212999995812,3.1240998703626572,0011001000,2.454369260617026,2.454369260617026,0,2.454369260617026,2.454369260617026,0.6697306097456313,4.4,"{""0011001000"": 1}"
ising,2,10,0.5832645197880579,1,42,1,1,2166,2223,239.20703125,3.2920303000000786,3.1240998703626572,0111001000,4.797104679228761,4.797104679228761,0,4.797104679228761,4.797104679228761,1.673004808866104,4.4,"{""0111001000"": 1}"
ising,2,10,0.629960524947436,1,42,1,1,2166,2223,242.6171875,3.338343399999758,3.1240998703626572,0111101100,4.792164065852915,4.792164065852915,0,4.792164065852915,4.792164065852915,1.6680641954902575,4.4,"{""0111101100"": 1}"
ising,2,10,0.6803950000871886,1,42,1,1,2166,2223,241.421875,3.3767131000004156,3.1240998703626572,0111110000,4.473016237296153,4.473016237296153,0,4.473016237296153,4.473016237296153,1.3489163669334956,4.4,"{""0111110000"": 1}"
ising,2,10,0.7348672461377993,1,42,1,1,2166,2223,242.61328125,3.432466899999781,3.1240998703626572,1000001100,-4.174851433228786,-4.174851433228786,0,-4.174851433228786,-4.174851433228786,7.298951303591442,4.4,"{""1000001100"": 1}"
ising,2,10,0.7937005259840995,1,42,1,1,2166,2223,240.03125,3.454601499999626,3.1240998703626572,0111101100,3.8035431396695585,3.8035431396695585,0,3.8035431396695585,3.8035431396695585,0.6794432693069012,4.4,"{""0111101100"": 1}"
ising,2,10,1.0,1,42,1,1,2166,2223,242.171875,3.0806337000003623,3.1240998703626572,0001001100,0.4663301595172349,0.4663301595172349,0,0.4663301595172349,0.4663301595172349,2.6577697108454226,4.4,"{""0001001100"": 1}"
ising,2,10,0.8572439828530722,1,42,1,1,2166,2223,239.41015625,3.563236599999982,3.1240998703626572,1001001000,-3.149402317987997,-3.149402317987997,0,-3.149402317987997,-3.149402317987997,6.273502188350655,4.4,"{""1001001000"": 1}"
ising,2,10,0.9258747122872896,1,42,1,1,2166,2223,241.5546875,3.3568473000004815,3.1240998703626572,0001001000,0.4771557760981194,0.4771557760981194,0,0.4771557760981194,0.4771557760981194,2.646944094264538,4.4,"{""0001001000"": 1}"
ising,2,10,1.3607900001743771,1,42,1,1,2166,2223,237.58203125,3.1361023999997997,3.1240998703626572,1111101000,-0.10821813477329403,-0.10821813477329403,0,-0.10821813477329403,-0.10821813477329403,3.2323180051359515,4.4,"{""1111101000"": 1}"
ising,2,10,1.259921049894872,1,42,1,1,2166,2223,243.8984375,3.428189199999906,3.1240998703626572,0001001100,0.3701264928910788,0.3701264928910788,0,0.3701264928910788,0.3701264928910788,2.7539733774715787,4.4,"{""0001001100"": 1}"
ising,2,10,1.0800597388923059,1,42,1,1,2166,2223,240.38671875,3.4623061000002053,3.1240998703626572,0011001000,1.1362192165102796,1.1362192165102796,0,1.1362192165102796,1.1362192165102796,1.9878806538523777,4.4,"{""0011001000"": 1}"
ising,2,10,1.1665290395761159,1,42,1,1,2166,2223,237.59375,3.438294799999312,3.1240998703626572,0011001100,1.073036572985381,1.073036572985381,0,1.073036572985381,1.073036572985381,2.051063297377276,4.4,"{""0011001100"": 1}"
ising,2,10,1.4697344922755986,1,42,1,1,2166,2223,240.25,3.0667609000001903,3.1240998703626572,0000011100,0.116895840130406,0.116895840130406,0,0.116895840130406,0.116895840130406,3.007204030232251,4.4,"{""0000011100"": 1}"
ising,2,10,1.587401051968199,1,42,1,1,2166,2223,244.12109375,3.2492271000000983,3.1240998703626572,0001001100,0.2937695920882992,0.2937695920882992,0,0.2937695920882992,0.2937695920882992,2.8303302782743582,4.4,"{""0001001100"": 1}"
ising,2,10,1.7144879657061445,1,42,1,1,2166,2223,239.8359375,3.3223432999993747,3.1240998703626572,0001001100,0.27199383655350884,0.27199383655350884,0,0.27199383655350884,0.27199383655350884,2.8521060338091484,4.4,"{""0001001100"": 1}"
ising,2,10,1.8517494245745791,1,42,1,1,2166,2223,242.55859375,3.2525747999998202,3.1240998703626572,0011001100,0.6759706828056691,0.6759706828056691,0,0.6759706828056691,0.6759706828056691,2.4481291875569884,4.4,"{""0011001100"": 1}"
ising,2,10,2.0,1,42,1,1,2166,2223,240.42578125,3.381217399999514,3.1240998703626572,0111001000,1.3989904785517047,1.3989904785517047,0,1.3989904785517047,1.3989904785517047,1.7251093918109526,4.4,"{""0111001000"": 1}"
ising,2,12,0.0011391885152110507,1,42,1,1,8612,8692,328.95703125,13.616123799999514,3.1240998703626572,000000000010,2.6931113988652697,2.6931113988652697,0,2.6931113988652697,2.6931113988652697,0.4309884714973875,4.4,"{""000000000010"": 1}"
ising,2,12,0.0010547458387620175,1,42,1,1,8612,8692,327.55078125,14.012036899999657,3.1240998703626572,000000000010,2.908721194266316,2.908721194266316,0,2.908721194266316,2.908721194266316,0.21537867609634143,4.4,"{""000000000010"": 1}"
ising,2,12,0.0009765625,1,42,1,1,8612,8692,328.80078125,14.075014699999883,3.1240998703626572,000000000010,3.141592653589793,3.141592653589793,0,3.141592653589793,3.141592653589793,0.017492783227135877,4.4,"{""000000000010"": 1}"
ising,2,12,0.0012303916502879625,1,42,1,1,8612,8692,329.11328125,14.041465799999969,3.1240998703626572,000000000100,4.986967483164003,4.986967483164003,0,4.986967483164003,4.986967483164003,1.8628676128013457,4.4,"{""000000000100"": 1}"
ising,2,12,0.0015501963398126943,1,42,1,1,8612,8692,328.95703125,14.085189700000228,3.1240998703626572,000000000100,3.9581587144528743,3.9581587144528743,0,3.9581587144528743,3.9581587144528743,0.834058844090217,4.4,"{""000000000100"": 1}"
ising,2,12,0.0013288964845452902,1,42,1,1,8612,8692,329.0703125,14.053208000000268,3.1240998703626572,000000000100,4.617307083660545,4.617307083660545,0,4.617307083660545,4.617307083660545,1.4932072132978882,4.4,"{""000000000100"": 1}"
ising,2,12,0.0014352875901128893,1,42,1,1,8612,8692,328.3359375,14.182095500000287,3.1240998703626572,000000000100,4.275047867626276,4.275047867626276,0,4.275047867626276,4.275047867626276,1.1509479972636192,4.4,"{""000000000100"": 1}"
ising,2,12,0.0016743046540099089,1,42,1,1,8612,8692,329.05859375,14.000548400000298,3.1240998703626572,000000000100,3.6647590609314826,3.6647590609314826,0,3.6647590609314826,3.6647590609314826,0.5406591905688254,4.4,"{""000000000100"": 1}"
ising,2,12,0.0018083490474361146,1,42,1,1,8612,8692,329.06640625,13.707537999999658,3.1240998703626572,000000000100,3.3931077411421784,3.3931077411421784,0,3.3931077411421784,3.3931077411421784,0.26900787077952115,4.4,"{""000000000100"": 1}"
ising,2,12,0.001953125,1,42,1,1,8612,8692,329.41796875,13.61292080000021,3.1240998703626572,000000000100,3.141592653589793,3.141592653589793,0,3.141592653589793,3.141592653589793,0.017492783227135877,4.4,"{""000000000100"": 1}"
ising,2,12,0.002109491677524035,1,42,1,1,8612,8692,329.59765625,13.72014549999949,3.1240998703626572,000000000100,2.908721194266316,2.908721194266316,0,2.908721194266316,2.908721194266316,0.21537867609634143,4.4,"{""000000000100"": 1}"
ising,2,12,0.0022783770304221013,1,42,1,1,8612,8692,327.56640625,13.690447400000266,3.1240998703626572,000000000100,2.6931113988652697,2.6931113988652697,0,2.6931113988652697,2.6931113988652697,0.4309884714973875,4.4,"{""000000000100"": 1}"
ising,2,12,0.0026577929690905803,1,42,1,1,8612,8692,362.4453125,11.732322699999713,3.1240998703626572,000000000100,2.3086535418302727,2.3086535418302727,0,2.3086535418302727,2.3086535418302727,0.8154463285323845,4.4,"{""000000000100"": 1}"
ising,2,12,0.0031003926796253885,1,42,1,1,8612,8692,358.02734375,11.505561500000113,3.1240998703626572,000000000110,2.9686190358396556,2.9686190358396556,0,2.9686190358396556,2.9686190358396556,0.15548083452300165,4.4,"{""000000000110"": 1}"
ising,2,12,0.002460783300575925,1,42,1,1,8612,8692,332.3125,12.219682699999794,3.1240998703626572,000000000100,2.4934837415820015,2.4934837415820015,0,2.4934837415820015,2.4934837415820015,0.6306161287806558,4.4,"{""000000000100"": 1}"
ising,2,12,0.0028705751802257785,1,42,1,1,8612,8692,361.01953125,11.85495340000034,3.1240998703626572,000000000110,3.2062859007197075,3.2062859007197075,0,3.2062859007197075,3.2062859007197075,0.0821860303570503,4.4,"{""000000000110"": 1}"
ising,2,12,0.0036166980948722292,1,42,1,1,8612,8692,345.0703125,11.655607600000621,3.1240998703626572,000000001000,3.3931077411421784,3.3931077411421784,0,3.3931077411421784,3.3931077411421784,0.26900787077952115,4.4,"{""000000001000"": 1}"
ising,2,12,0.0033486093080198178,1,42,1,1,8612,8692,356.9765625,11.6786247,3.1240998703626572,000000001000,3.6647590609314826,3.6647590609314826,0,3.6647590609314826,3.6647590609314826,0.5406591905688254,4.4,"{""000000001000"": 1}"
ising,2,12,0.00390625,1,42,1,1,8612,8692,364.87890625,11.531805099999474,3.1240998703626572,000000001000,3.141592653589793,3.141592653589793,0,3.141592653589793,3.141592653589793,0.017492783227135877,4.4,"{""000000001000"": 1}"
ising,2,12,0.00421898335504807,1,42,1,1,8612,8692,360.515625,11.587337699999807,3.1240998703626572,000000001000,2.908721194266316,2.908721194266316,0,2.908721194266316,2.908721194266316,0.21537867609634143,4.4,"{""000000001000"": 1}"
ising,2,12,0.004556754060844206,1,42,1,1,8612,8692,332.296875,11.876529000000119,3.1240998703626572,000000001000,2.693111398865268,2.693111398865268,0,2.693111398865268,2.693111398865268,0.4309884714973893,4.4,"{""000000001000"": 1}"
ising,2,12,0.0049215666011518475,1,42,1,1,8612,8692,330.90625,11.972866999999496,3.1240998703626572,000000001010,3.1168546769775034,3.1168546769775034,0,3.1168546769775034,3.1168546769775034,0.007245193385153836,4.4,"{""000000001010"": 1}"
ising,2,12,0.005315585938181161,1,42,1,1,8612,8692,331.80078125,11.89013630000045,3.1240998703626572,000000001100,3.462980312745409,3.462980312745409,0,3.462980312745409,3.462980312745409,0.33888044238275183,4.4,"{""000000001100"": 1}"
ising,2,12,0.005741150360451557,1,42,1,1,8612,8692,331.703125,11.914710000000014,3.1240998703626572,000000001100,3.2062859007197075,3.2062859007197075,0,3.2062859007197075,3.2062859007197075,0.0821860303570503,4.4,"{""000000001100"": 1}"
ising,2,12,0.006697218616039631,1,42,1,1,8612,8692,350.53125,11.652372900000046,3.1240998703626572,000000001100,2.748569295698614,2.748569295698614,0,2.748569295698614,2.748569295698614,0.3755305746640434,4.4,"{""000000001100"": 1}"
ising,2,12,0.006200785359250777,1,42,1,1,8612,8692,365.30859375,11.685900000000402,3.1240998703626572,000000001100,2.9686190358396556,2.9686190358396556,0,2.9686190358396556,2.9686190358396556,0.15548083452300165,4.4,"{""000000001100"": 1}"
ising,2,12,0.0072333961897444584,1,42,1,1,8612,8692,334.92578125,11.584309400000166,3.1240998703626572,000000010000,3.3931077411421784,3.3931077411421784,0,3.3931077411421784,3.3931077411421784,0.26900787077952115,4.4,"{""000000010000"": 1}"
ising,2,12,0.009843133202303695,1,42,1,1,8612,8692,372.2578125,11.2849628999993,3.1240998703626572,000000001100,1.8701128061865022,1.8701128061865022,0,1.8701128061865022,1.8701128061865022,1.253987064176155,4.4,"{""000000001100"": 1}"
ising,2,12,0.009113508121688405,1,42,1,1,8612,8692,367.09375,11.351461899999777,3.1240998703626572,000000001100,2.0198335491489523,2.0198335491489523,0,2.0198335491489523,2.0198335491489523,1.104266321213705,4.4,"{""000000001100"": 1}"
ising,2,12,0.0078125,1,42,1,1,8612,8692,363.99609375,11.675518399999419,3.1240998703626572,000000010000,3.141592653589793,3.141592653589793,0,3.141592653589793,3.141592653589793,0.017492783227135877,4.4,"{""000000010000"": 1}"
ising,2,12,0.00843796671009614,1,42,1,1,8612,8692,334.09765625,11.871043500000269,3.1240998703626572,000000010000,2.908721194266316,2.908721194266316,0,2.908721194266316,2.908721194266316,0.21537867609634143,4.4,"{""000000010000"": 1}"
ising,2,12,0.010631171876362321,1,42,1,1,8612,8692,350.9140625,11.83100149999973,3.1240998703626572,000000001100,1.7314901563727045,1.7314901563727045,0,1.7314901563727045,1.7314901563727045,1.3926097139899527,4.4,"{""000000001100"": 1}"
ising,2,12,0.011482300720903114,1,42,1,1,8612,8692,354.90625,11.592784599999504,3.1240998703626572,000001001000,9.618857702159122,9.618857702159122,0,9.618857702159122,9.618857702159122,6.4947578317964645,4.4,"{""000001001000"": 1}"
ising,2,12,0.012401570718501554,1,42,1,1,8612,8692,352.359375,11.704287900000054,3.1240998703626572,000001001000,8.905857107518967,8.905857107518967,0,8.905857107518967,8.905857107518967,5.7817572371563095,4.4,"{""000001001000"": 1}"
ising,2,12,0.013394437232079262,1,42,1,1,8612,8692,355.09765625,11.597407799999928,3.1240998703626572,000000011100,3.2066641783150494,3.2066641783150494,0,3.2066641783150494,3.2066641783150494,0.08256430795239211,4.4,"{""000000011100"": 1}"
ising,2,12,0.014466792379488917,1,42,1,1,8612,8692,356.1328125,11.580801200000678,3.1240998703626572,000000011100,2.968969273499406,2.968969273499406,0,2.968969273499406,2.968969273499406,0.15513059686325104,4.4,"{""000000011100"": 1}"
ising,2,12,0.01687593342019228,1,42,1,1,8612,8692,377.203125,11.530579799999941,3.1240998703626572,000000101110,4.181286716757828,4.181286716757828,0,4.181286716757828,4.181286716757828,1.057186846395171,4.4,"{""000000101110"": 1}"
ising,2,12,0.015625,1,42,1,1,8612,8692,348.734375,11.718019799999638,3.1240998703626572,100111101100,-152.7599427808037,-152.7599427808037,0,-152.7599427808037,-152.7599427808037,155.88404265116637,4.4,"{""100111101100"": 1}"
ising,2,12,0.018227016243376824,1,42,1,1,8612,8692,332.79296875,11.94423469999947,3.1240998703626572,000000101100,3.7030281734397428,3.7030281734397428,0,3.7030281734397428,3.7030281734397428,0.5789283030770855,4.4,"{""000000101100"": 1}"
ising,2,12,0.022964601441806228,1,42,1,1,8612,8692,367.4453125,11.848944800000027,3.1240998703626572,000000101100,2.9390954089930648,2.9390954089930648,0,2.9390954089930648,2.9390954089930648,0.18500446136959248,4.4,"{""000000101100"": 1}"
ising,2,12,0.021262343752724643,1,42,1,1,8612,8692,358.2734375,12.211243900000227,3.1240998703626572,000000101100,3.1743986200166248,3.1743986200166248,0,3.1743986200166248,3.1743986200166248,0.05029874965396752,4.4,"{""000000101100"": 1}"
ising,2,12,0.01968626640460739,1,42,1,1,8612,8692,371.43359375,12.283609099999921,3.1240998703626572,000000101000,3.1168546769775034,3.1168546769775034,0,3.1168546769775034,3.1168546769775034,0.007245193385153836,4.4,"{""000000101000"": 1}"
ising,2,12,0.024803141437003108,1,42,1,1,8612,8692,337.5,11.900806899999225,3.1240998703626572,000000101100,2.7212341161863507,2.7212341161863507,0,2.7212341161863507,2.7212341161863507,0.40286575417630655,4.4,"{""000000101100"": 1}"
ising,2,12,0.026788874464158525,1,42,1,1,8612,8692,345.4296875,11.864202799999475,3.1240998703626572,000000111100,3.435711619623267,3.435711619623267,0,3.435711619623267,3.435711619623267,0.31161174926060964,4.4,"{""000000111100"": 1}"
ising,2,12,0.028933584758977816,1,42,1,1,8612,8692,366.7265625,11.531649300000026,3.1240998703626572,100111111100,-81.64665502123373,-81.64665502123373,0,-81.64665502123373,-81.64665502123373,84.77075489159638,4.4,"{""100111111100"": 1}"
ising,2,12,0.03645403248675365,1,42,1,1,8612,8692,374.14453125,11.262092699999812,3.1240998703626572,000001101100,4.544625485585139,4.544625485585139,0,4.544625485585139,4.544625485585139,1.4205256152224819,4.4,"{""000001101100"": 1}"
ising,2,12,0.03125,1,42,1,1,8612,8692,362.8359375,11.62471800000003,3.1240998703626572,000001001000,3.5342917352885173,3.5342917352885173,0,3.5342917352885173,3.5342917352885173,0.41019186492586,4.4,"{""000001001000"": 1}"
ising,2,12,0.03375186684038456,1,42,1,1,8612,8692,365.0,11.710759399999915,3.1240998703626572,000001001000,3.2723113435496054,3.2723113435496054,0,3.2723113435496054,3.2723113435496054,0.14821147318694816,4.4,"{""000001001000"": 1}"
ising,2,12,0.04252468750544926,1,42,1,1,8612,8692,350.80078125,11.610591900000145,3.1240998703626572,000001001100,2.7415260809234505,2.7415260809234505,0,2.7415260809234505,2.7415260809234505,0.3825737894392067,4.4,"{""000001001100"": 1}"
ising,2,12,0.049606282874006216,1,42,1,1,8612,8692,377.015625,11.352590399999826,3.1240998703626572,000001101100,3.3396964153196125,3.3396964153196125,0,3.3396964153196125,3.3396964153196125,0.21559654495695524,4.4,"{""000001101100"": 1}"
ising,2,12,0.03937253280921478,1,42,1,1,8612,8692,371.44140625,12.188438499999393,3.1240998703626572,000001001000,2.8051692092797533,2.8051692092797533,0,2.8051692092797533,2.8051692092797533,0.3189306610829039,4.4,"{""000001001000"": 1}"
ising,2,12,0.045929202883612456,1,42,1,1,8612,8692,334.9140625,11.757876900000156,3.1240998703626572,000001001100,2.5383096714031015,2.5383096714031015,0,2.5383096714031015,2.5383096714031015,0.5857901989595558,4.4,"{""000001001100"": 1}"
ising,2,12,0.05786716951795563,1,42,1,1,8612,8692,345.78515625,11.673032099999546,3.1240998703626572,000001001100,2.0146577213031693,2.0146577213031693,0,2.0146577213031693,2.0146577213031693,1.109442149059488,4.4,"{""000001001100"": 1}"
ising,2,12,0.05357774892831705,1,42,1,1,8612,8692,344.91015625,11.87152049999986,3.1240998703626572,000001101100,3.0921404576609404,3.0921404576609404,0,3.0921404576609404,3.0921404576609404,0.03195941270171687,4.4,"{""000001101100"": 1}"
ising,2,12,0.0625,1,42,1,1,8612,8692,334.640625,11.918795700000373,3.1240998703626572,100101101000,-41.4297531192154,-41.4297531192154,0,-41.4297531192154,-41.4297531192154,44.553852989578054,4.4,"{""100101101000"": 1}"
ising,2,12,0.06750373368076912,1,42,1,1,8612,8692,343.7109375,11.786502199999632,3.1240998703626572,000010101100,3.9085941047953616,3.9085941047953616,0,3.9085941047953616,3.9085941047953616,0.7844942344327044,4.4,"{""000010101100"": 1}"
ising,2,12,0.07290806497350724,1,42,1,1,8612,8692,374.265625,11.352857500000027,3.1240998703626572,000001101100,2.2723127427925713,2.2723127427925713,0,2.2723127427925713,2.2723127427925713,0.8517871275700859,4.4,"{""000001101100"": 1}"
ising,2,12,0.08504937501089851,1,42,1,1,8612,8692,373.32421875,11.330648799999835,3.1240998703626572,000001101100,1.9479264259192937,1.9479264259192937,0,1.9479264259192937,1.9479264259192937,1.1761734444433636,4.4,"{""000001101100"": 1}"
ising,2,12,0.09185840576722491,1,42,1,1,8612,8692,374.59375,11.397905200000423,3.1240998703626572,000011001100,3.406678769514689,3.406678769514689,0,3.406678769514689,3.406678769514689,0.28257889915203194,4.4,"{""000011001100"": 1}"
ising,2,12,0.07874506561842956,1,42,1,1,8612,8692,370.78515625,12.044874000000164,3.1240998703626572,000001101100,2.103876906959815,2.103876906959815,0,2.103876906959815,2.103876906959815,1.0202229634028424,4.4,"{""000001101100"": 1}"
ising,2,12,0.09921256574801243,1,42,1,1,8612,8692,350.22265625,11.641369200000554,3.1240998703626572,000011001100,3.154157725579634,3.154157725579634,0,3.154157725579634,3.154157725579634,0.03005785521697657,4.4,"{""000011001100"": 1}"
ising,2,12,0.11573433903591127,1,42,1,1,8612,8692,372.8046875,11.483883999999307,3.1240998703626572,000011101100,3.1280211988654476,3.1280211988654476,0,3.1280211988654476,3.1280211988654476,0.003921328502790367,4.4,"{""000011101100"": 1}"
ising,2,12,0.1071554978566341,1,42,1,1,8612,8692,373.69140625,12.176969199999803,3.1240998703626572,000011101000,3.3211878989691583,3.3211878989691583,0,3.3211878989691583,3.3211878989691583,0.1970880286065011,4.4,"{""000011101000"": 1}"
ising,2,12,0.125,1,42,1,1,8612,8692,331.55078125,12.10409299999992,3.1240998703626572,000100011100,3.485204350076177,3.485204350076177,0,3.485204350076177,3.485204350076177,0.36110447971351967,4.4,"{""000100011100"": 1}"
ising,2,12,0.13500746736153824,1,42,1,1,8612,8692,343.02734375,11.917184799999632,3.1240998703626572,000011011100,2.4996822763226154,2.4996822763226154,0,2.4996822763226154,2.4996822763226154,0.6244175940400418,4.4,"{""000011011100"": 1}"
ising,2,12,0.14581612994701448,1,42,1,1,8612,8692,345.078125,11.868519900000138,3.1240998703626572,000011100000,2.356472474007111,2.356472474007111,0,2.356472474007111,2.356472474007111,0.7676273963555462,4.4,"{""000011100000"": 1}"
ising,2,12,0.15749013123685912,1,42,1,1,8612,8692,359.39453125,11.594932099999824,3.1240998703626572,100011101100,-17.649189608385115,-17.649189608385115,0,-17.649189608385115,-17.649189608385115,20.77328947874777,4.4,"{""100011101100"": 1}"
ising,2,12,0.17009875002179703,1,42,1,1,8612,8692,343.34765625,12.134101599999667,3.1240998703626572,100011111100,-16.196647504403018,-16.196647504403018,0,-16.196647504403018,-16.196647504403018,19.320747374765673,4.4,"{""100011111100"": 1}"
ising,2,12,0.18371681153444983,1,42,1,1,8612,8692,372.65234375,12.218462499999987,3.1240998703626572,110000101000,-8.21610762059425,-8.21610762059425,0,-8.21610762059425,-8.21610762059425,11.340207490956908,4.4,"{""110000101000"": 1}"
ising,2,12,0.19842513149602486,1,42,1,1,8612,8692,370.3515625,12.21340229999987,3.1240998703626572,100011011100,-14.131863535195027,-14.131863535195027,0,-14.131863535195027,-14.131863535195027,17.255963405557683,4.4,"{""100011011100"": 1}"
ising,2,12,0.23146867807182253,1,42,1,1,8612,8692,363.23046875,11.723558400000002,3.1240998703626572,100011101000,-12.03492901936367,-12.03492901936367,0,-12.03492901936367,-12.03492901936367,15.159028889726327,4.4,"{""100011101000"": 1}"
ising,2,12,0.2143109957132682,1,42,1,1,8612,8692,370.33203125,12.295565499999611,3.1240998703626572,100011101100,-12.969811364077835,-12.969811364077835,0,-12.969811364077835,-12.969811364077835,16.09391123444049,4.4,"{""100011101100"": 1}"
ising,2,12,0.25,1,42,1,1,8612,8692,349.23828125,12.10027859999991,3.1240998703626572,100101101000,-10.35743827980385,-10.35743827980385,0,-10.35743827980385,-10.35743827980385,13.481538150166507,4.4,"{""100101101000"": 1}"
ising,2,12,0.29163225989402897,1,42,1,1,8612,8692,373.47265625,11.753511500000059,3.1240998703626572,000111101100,2.5879117348470952,2.5879117348470952,0,2.5879117348470952,2.5879117348470952,0.536188135515562,4.4,"{""000111101100"": 1}"
ising,2,12,0.27001493472307647,1,42,1,1,8612,8692,371.64453125,12.668418299999757,3.1240998703626572,110011001100,-4.658498787692146,-4.658498787692146,0,-4.658498787692146,-4.658498787692146,7.782598658054804,4.4,"{""110011001100"": 1}"
ising,2,12,0.314980262473718,1,42,1,1,8612,8692,355.9921875,12.159652300000744,3.1240998703626572,100111011100,-7.655774300325999,-7.655774300325999,0,-7.655774300325999,-7.655774300325999,10.779874170688656,4.4,"{""100111011100"": 1}"
ising,2,12,0.39685026299204973,1,42,1,1,8612,8692,366.61328125,12.378855599999952,3.1240998703626572,010011101100,4.8703906056744355,4.8703906056744355,0,4.8703906056744355,4.8703906056744355,1.7462907353117783,4.4,"{""010011101100"": 1}"
ising,2,12,0.3401975000435943,1,42,1,1,8612,8692,345.00390625,12.430606799999623,3.1240998703626572,110011001100,-3.697452938087546,-3.697452938087546,0,-3.697452938087546,-3.697452938087546,6.821552808450203,4.4,"{""110011001100"": 1}"
ising,2,12,0.36743362306889965,1,42,1,1,8612,8692,344.76953125,12.337574300000597,3.1240998703626572,110110111100,-2.421413831272696,-2.421413831272696,0,-2.421413831272696,-2.421413831272696,5.545513701635353,4.4,"{""110110111100"": 1}"
ising,2,12,0.4286219914265361,1,42,1,1,8612,8692,369.078125,11.793346800000108,3.1240998703626572,110011101100,-2.8201466211074333,-2.8201466211074333,0,-2.8201466211074333,-2.8201466211074333,5.944246491470091,4.4,"{""110011101100"": 1}"
ising,2,12,0.46293735614364534,1,42,1,1,8612,8692,365.21484375,12.02878099999998,3.1240998703626572,110011101100,-2.6111024414258166,-2.6111024414258166,0,-2.6111024414258166,-2.6111024414258166,5.735202311788473,4.4,"{""110011101100"": 1}"
ising,2,12,0.5400298694461529,1,42,1,1,8612,8692,371.3046875,11.838356799999929,3.1240998703626572,110011111001,-2.201424731988667,-2.201424731988667,0,-2.201424731988667,-2.201424731988667,5.325524602351324,4.4,"{""110011111001"": 1}"
ising,2,12,0.5,1,42,1,1,8612,8692,364.20703125,12.168488199999956,3.1240998703626572,110011101100,-2.4175537217077703,-2.4175537217077703,0,-2.4175537217077703,-2.4175537217077703,5.5416535920704275,4.4,"{""110011101100"": 1}"
ising,2,12,0.5832645197880579,1,42,1,1,8612,8692,366.58984375,12.154075100000227,3.1240998703626572,100011011110,-4.802364662429671,-4.802364662429671,0,-4.802364662429671,-4.802364662429671,7.926464532792329,4.4,"{""100011011110"": 1}"
ising,2,12,0.629960524947436,1,42,1,1,8612,8692,346.796875,11.942730299999312,3.1240998703626572,100011101100,-4.412297402096281,-4.412297402096281,0,-4.412297402096281,-4.412297402096281,7.536397272458938,4.4,"{""100011101100"": 1}"
ising,2,12,0.7348672461377993,1,42,1,1,8612,8692,366.15234375,12.222296400000232,3.1240998703626572,100000101100,-4.183201136095243,-4.183201136095243,0,-4.183201136095243,-4.183201136095243,7.3073010064579,4.4,"{""100000101100"": 1}"
ising,2,12,0.6803950000871886,1,42,1,1,8612,8692,371.28515625,12.631116900000052,3.1240998703626572,011111001000,4.491052593091702,4.491052593091702,0,4.491052593091702,4.491052593091702,1.3669527227290446,4.4,"{""011111001000"": 1}"
ising,2,12,0.7937005259840995,1,42,1,1,8612,8692,354.1328125,11.981623900000159,3.1240998703626572,100001101100,-3.7494276884953983,-3.7494276884953983,0,-3.7494276884953983,-3.7494276884953983,6.873527558858056,4.4,"{""100001101100"": 1}"
ising,2,12,0.8572439828530722,1,42,1,1,8612,8692,377.515625,11.583409299999403,3.1240998703626572,100011100000,-3.2639260386421056,-3.2639260386421056,0,-3.2639260386421056,-3.2639260386421056,6.388025909004763,4.4,"{""100011100000"": 1}"
ising,2,12,1.0,1,42,1,1,8612,8692,344.94140625,12.330316200000198,3.1240998703626572,110011101100,-1.2087768608538851,-1.2087768608538851,0,-1.2087768608538851,-1.2087768608538851,4.332876731216542,4.4,"{""110011101100"": 1}"
ising,2,12,0.9258747122872896,1,42,1,1,8612,8692,343.44140625,12.426734499999839,3.1240998703626572,100011101100,-3.0021050912840015,-3.0021050912840015,0,-3.0021050912840015,-3.0021050912840015,6.126204961646659,4.4,"{""100011101100"": 1}"
ising,2,12,1.0800597388923059,1,42,1,1,8612,8692,369.30859375,12.438479399999778,3.1240998703626572,110110111100,-0.8237589319699526,-0.8237589319699526,0,-0.8237589319699526,-0.8237589319699526,3.9478588023326098,4.4,"{""110110111100"": 1}"
ising,2,12,1.1665290395761159,1,42,1,1,8612,8692,373.7265625,11.718972300000132,3.1240998703626572,110011001100,-1.0782965561862896,-1.0782965561862896,0,-1.0782965561862896,-1.0782965561862896,4.202396426548947,4.4,"{""110011001100"": 1}"
ising,2,12,1.3607900001743771,1,42,1,1,8612,8692,371.47265625,11.732435699999769,3.1240998703626572,111101101100,-0.1668362911088283,-0.1668362911088283,0,-0.1668362911088283,-0.1668362911088283,3.2909361614714854,4.4,"{""111101101100"": 1}"
ising,2,12,1.4697344922755986,1,42,1,1,8612,8692,372.80078125,11.711448799999744,3.1240998703626572,000001001100,0.07932217723134692,0.07932217723134692,0,0.07932217723134692,0.07932217723134692,3.0447776931313104,4.4,"{""000001001100"": 1}"
ising,2,12,1.259921049894872,1,42,1,1,8612,8692,371.6875,12.578382700000475,3.1240998703626572,110011001100,-0.9983675137193573,-0.9983675137193573,0,-0.9983675137193573,-0.9983675137193573,4.1224673840820145,4.4,"{""110011001100"": 1}"
ising,2,12,1.587401051968199,1,42,1,1,8612,8692,344.78125,12.144608800000242,3.1240998703626572,100011101100,-1.751021384421047,-1.751021384421047,0,-1.751021384421047,-1.751021384421047,4.875121254783704,4.4,"{""100011101100"": 1}"
ising,2,12,1.8517494245745791,1,42,1,1,8612,8692,368.6640625,11.896814099999574,3.1240998703626572,010011101100,1.0437782602146362,1.0437782602146362,0,1.0437782602146362,1.0437782602146362,2.080321610148021,4.4,"{""010011101100"": 1}"
ising,2,12,2.0,1,42,1,1,8612,8692,341.3359375,12.069844799999373,3.1240998703626572,100011100000,-1.3989904785517047,-1.3989904785517047,0,-1.3989904785517047,-1.3989904785517047,4.523090348914362,4.4,"{""100011100000"": 1}"
ising,2,12,1.7144879657061445,1,42,1,1,8612,8692,370.578125,12.206993800000419,3.1240998703626572,110011101100,-0.7050366552768583,-0.7050366552768583,0,-0.7050366552768583,-0.7050366552768583,3.8291365256395156,4.4,"{""110011101100"": 1}"
ising,2,14,0.0012303916502879625,1,42,1,1,34450,34557,827.2734375,1092.4736912000008,3.1240998703626572,00000000001010,3.116854676977502,3.116854676977502,0,3.116854676977502,3.116854676977502,0.007245193385155169,4.4,"{""00000000001010"": 1}"
ising,2,14,0.0011391885152110507,1,42,1,1,34450,34557,826.8984375,1095.1318677,3.1240998703626572,00000000001000,2.6931113988652697,2.6931113988652697,0,2.6931113988652697,2.6931113988652697,0.4309884714973875,4.4,"{""00000000001000"": 1}"
ising,2,14,0.0014352875901128893,1,42,1,1,34450,34557,827.82421875,1095.6109732999994,3.1240998703626572,00000000001100,3.2062859007197075,3.2062859007197075,0,3.2062859007197075,3.2062859007197075,0.0821860303570503,4.4,"{""00000000001100"": 1}"
ising,2,14,0.0010547458387620175,1,42,1,1,34450,34557,830.28125,1100.0421002000003,3.1240998703626572,00000000001000,2.908721194266316,2.908721194266316,0,2.908721194266316,2.908721194266316,0.21537867609634143,4.4,"{""00000000001000"": 1}"
ising,2,14,0.0009765625,1,42,1,1,34450,34557,829.671875,1105.3685760999997,3.1240998703626572,00000000001000,3.141592653589793,3.141592653589793,0,3.141592653589793,3.141592653589793,0.017492783227135877,4.4,"{""00000000001000"": 1}"
ising,2,14,0.0013288964845452902,1,42,1,1,34450,34557,829.875,1106.3242905999996,3.1240998703626572,00000000001100,3.462980312745409,3.462980312745409,0,3.462980312745409,3.462980312745409,0.33888044238275183,4.4,"{""00000000001100"": 1}"
ising,2,14,0.0015501963398126943,1,42,1,1,34450,34557,828.4765625,1105.3928375000005,3.1240998703626572,00000000001100,2.9686190358396556,2.9686190358396556,0,2.9686190358396556,2.9686190358396556,0.15548083452300165,4.4,"{""00000000001100"": 1}"
ising,2,14,0.0016743046540099089,1,42,1,1,34450,34557,830.7734375,1107.6909638000006,3.1240998703626572,00000000001110,3.206664178315047,3.206664178315047,0,3.206664178315047,3.206664178315047,0.08256430795238989,4.4,"{""00000000001110"": 1}"
ising,2,14,0.001953125,1,42,1,1,34450,34557,830.1875,1097.7176127000002,3.1240998703626572,00000000010000,3.141592653589793,3.141592653589793,0,3.141592653589793,3.141592653589793,0.017492783227135877,4.4,"{""00000000010000"": 1}"
ising,2,14,0.0018083490474361146,1,42,1,1,34450,34557,829.46875,1103.9348310000005,3.1240998703626572,00000000010000,3.3931077411421784,3.3931077411421784,0,3.3931077411421784,3.3931077411421784,0.26900787077952115,4.4,"{""00000000010000"": 1}"
ising,2,14,0.002109491677524035,1,42,1,1,34450,34557,828.734375,1105.4250798000003,3.1240998703626572,00000000010000,2.908721194266316,2.908721194266316,0,2.908721194266316,2.908721194266316,0.21537867609634143,4.4,"{""00000000010000"": 1}"
ising,2,14,0.0022783770304221013,1,42,1,1,34450,34557,829.78125,1105.9730061999999,3.1240998703626572,00000000010100,3.366389248581587,3.366389248581587,0,3.366389248581587,3.366389248581587,0.24228937821892993,4.4,"{""00000000010100"": 1}"
ising,2,14,0.002460783300575925,1,42,1,1,34450,34557,905.79296875,1059.4452228,3.1240998703626572,00000000010100,3.116854676977502,3.116854676977502,0,3.116854676977502,3.116854676977502,0.007245193385155169,4.4,"{""00000000010100"": 1}"
ising,2,14,0.0028705751802257785,1,42,1,1,34450,34557,898.50390625,1061.0894695000006,3.1240998703626572,00000000011000,3.2062859007197075,3.2062859007197075,0,3.2062859007197075,3.2062859007197075,0.0821860303570503,4.4,"{""00000000011000"": 1}"
ising,2,14,0.0026577929690905803,1,42,1,1,34450,34557,904.2421875,1063.3576954999999,3.1240998703626572,00000000010110,3.1743986200166248,3.1743986200166248,0,3.1743986200166248,3.1743986200166248,0.05029874965396752,4.4,"{""00000000010110"": 1}"
ising,2,14,0.0031003926796253885,1,42,1,1,34450,34557,903.3125,1064.7500707,3.1240998703626572,00000000011000,2.9686190358396556,2.9686190358396556,0,2.9686190358396556,2.9686190358396556,0.15548083452300165,4.4,"{""00000000011000"": 1}"
ising,2,14,0.0033486093080198178,1,42,1,1,34450,34557,946.28515625,1066.3776476000003,3.1240998703626572,00000000011100,3.206664178315047,3.206664178315047,0,3.206664178315047,3.206664178315047,0.08256430795238989,4.4,"{""00000000011100"": 1}"
ising,2,14,0.00390625,1,42,1,1,34450,34557,903.2734375,1072.7045729000001,3.1240998703626572,00000000100000,3.141592653589793,3.141592653589793,0,3.141592653589793,3.141592653589793,0.017492783227135877,4.4,"{""00000000100000"": 1}"
ising,2,14,0.0036166980948722292,1,42,1,1,34450,34557,900.1171875,1074.1187521000002,3.1240998703626572,00000000011100,2.968969273499406,2.968969273499406,0,2.968969273499406,2.968969273499406,0.15513059686325104,4.4,"{""00000000011100"": 1}"
ising,2,14,0.00421898335504807,1,42,1,1,34450,34557,868.8671875,1079.498278,3.1240998703626572,00000000100100,3.2723113435496054,3.2723113435496054,0,3.2723113435496054,3.2723113435496054,0.14821147318694816,4.4,"{""00000000100100"": 1}"
ising,2,14,0.004556754060844206,1,42,1,1,34450,34557,922.65234375,1078.5177175999997,3.1240998703626572,00000000100100,3.0297503237234262,3.0297503237234262,0,3.0297503237234262,3.0297503237234262,0.09434954663923101,4.4,"{""00000000100100"": 1}"
ising,2,14,0.0049215666011518475,1,42,1,1,34450,34557,927.1796875,1075.8033023000007,3.1240998703626572,00000000101000,3.1168546769775034,3.1168546769775034,0,3.1168546769775034,3.1168546769775034,0.007245193385153836,4.4,"{""00000000101000"": 1}"
ising,2,14,0.005315585938181161,1,42,1,1,34450,34557,923.02734375,1074.1854890000004,3.1240998703626572,00000000101100,3.1743986200166248,3.1743986200166248,0,3.1743986200166248,3.1743986200166248,0.05029874965396752,4.4,"{""00000000101100"": 1}"
ising,2,14,0.005741150360451557,1,42,1,1,34450,34557,927.9609375,1074.2545778999993,3.1240998703626572,00000000110000,3.2062859007197075,3.2062859007197075,0,3.2062859007197075,3.2062859007197075,0.0821860303570503,4.4,"{""00000000110000"": 1}"
ising,2,14,0.006200785359250777,1,42,1,1,34450,34557,831.6015625,1039.7627131999998,3.1240998703626572,00000000101100,2.7212341161863507,2.7212341161863507,0,2.7212341161863507,2.7212341161863507,0.40286575417630655,4.4,"{""00000000101100"": 1}"
ising,2,14,0.006697218616039631,1,42,1,1,34450,34557,813.2109375,1073.5206020000005,3.1240998703626572,00000000111000,3.2066641783150494,3.2066641783150494,0,3.2066641783150494,3.2066641783150494,0.08256430795239211,4.4,"{""00000000111000"": 1}"
ising,2,14,0.0072333961897444584,1,42,1,1,34450,34557,819.90625,1074.8404547,3.1240998703626572,00000000111100,3.181038507320792,3.181038507320792,0,3.181038507320792,3.181038507320792,0.056938636958134836,4.4,"{""00000000111100"": 1}"
ising,2,14,0.0078125,1,42,1,1,34450,34557,818.3671875,1083.2320800000007,3.1240998703626572,00000001001100,3.730641276137879,3.730641276137879,0,3.730641276137879,3.730641276137879,0.6065414057752219,4.4,"{""00000001001100"": 1}"
ising,2,14,0.00843796671009614,1,42,1,1,34450,34557,881.1328125,1083.0706885,3.1240998703626572,00000001001100,3.4541064181912495,3.4541064181912495,0,3.4541064181912495,3.4541064181912495,0.3300065478285923,4.4,"{""00000001001100"": 1}"
ising,2,14,0.009113508121688405,1,42,1,1,34450,34557,803.86328125,1080.3192898000007,3.1240998703626572,00000001001100,3.198069786152508,3.198069786152508,0,3.198069786152508,3.198069786152508,0.07396991578985057,4.4,"{""00000001001100"": 1}"
ising,2,14,0.012401570718501554,1,42,1,1,34450,34557,875.98828125,1077.9517300999996,3.1240998703626572,00000001101100,3.3396964153196125,3.3396964153196125,0,3.3396964153196125,3.3396964153196125,0.21559654495695524,4.4,"{""00000001101100"": 1}"
ising,2,14,0.010631171876362321,1,42,1,1,34450,34557,881.390625,1080.7805292000012,3.1240998703626572,00000001101000,3.7515620054741934,3.7515620054741934,0,3.7515620054741934,3.7515620054741934,0.6274621351115361,4.4,"{""00000001101000"": 1}"
ising,2,14,0.009843133202303695,1,42,1,1,34450,34557,794.66015625,1087.8187122,3.1240998703626572,00000001010000,3.1168546769775034,3.1168546769775034,0,3.1168546769775034,3.1168546769775034,0.007245193385153836,4.4,"{""00000001010000"": 1}"
ising,2,14,0.011482300720903114,1,42,1,1,34450,34557,863.15234375,1085.0990192999989,3.1240998703626572,00000001011100,3.072690654856386,3.072690654856386,0,3.072690654856386,3.072690654856386,0.05140921550627109,4.4,"{""00000001011100"": 1}"
ising,2,14,0.014466792379488917,1,42,1,1,34450,34557,832.37109375,1086.452480599999,3.1240998703626572,00000001101100,2.862934656588713,2.862934656588713,0,2.862934656588713,2.862934656588713,0.2611652137739444,4.4,"{""00000001101100"": 1}"
ising,2,14,0.013394437232079262,1,42,1,1,34450,34557,810.203125,1090.6381349000003,3.1240998703626572,00000001101000,2.977616737006832,2.977616737006832,0,2.977616737006832,2.977616737006832,0.1464831333558254,4.4,"{""00000001101000"": 1}"
ising,2,14,0.015625,1,42,1,1,34450,34557,809.6171875,624.7280986000005,3.1240998703626572,00000001110000,2.748893571891069,2.748893571891069,0,2.748893571891069,2.748893571891069,0.37520629847158826,4.4,"{""00000001110000"": 1}"
ising,2,14,0.01687593342019228,1,42,1,1,34450,34557,807.39453125,977.052812599999,3.1240998703626572,00000001101000,2.3633359703413817,2.3633359703413817,0,2.3633359703413817,2.3633359703413817,0.7607639000212756,4.4,"{""00000001101000"": 1}"
ising,2,14,0.018227016243376824,1,42,1,1,34450,34557,800.8203125,1020.0874537,3.1240998703626572,00000001101110,2.3143926083998396,2.3143926083998396,0,2.3143926083998396,2.3143926083998396,0.8097072619628176,4.4,"{""00000001101110"": 1}"
ising,2,14,0.01968626640460739,1,42,1,1,34450,34557,799.19140625,1161.7184624000001,3.1240998703626572,00000011011100,4.285675180844067,4.285675180844067,0,4.285675180844067,4.285675180844067,1.16157531048141,4.4,"{""00000011011100"": 1}"
ising,2,14,0.021262343752724643,1,42,1,1,34450,34557,855.453125,1176.549443599999,3.1240998703626572,00000011101100,4.256579967749565,4.256579967749565,0,4.256579967749565,4.256579967749565,1.132480097386908,4.4,"{""00000011101100"": 1}"
ising,2,14,0.03125,1,42,1,1,34450,34557,902.9140625,1161.4367217,3.1240998703626572,00000011011100,2.6998061866787286,2.6998061866787286,0,2.6998061866787286,2.6998061866787286,0.4242936836839286,4.4,"{""00000011011100"": 1}"
ising,2,14,0.022964601441806228,1,42,1,1,34450,34557,802.890625,1183.1011010000002,3.1240998703626572,00000011001000,3.339881146583029,3.339881146583029,0,3.339881146583029,3.339881146583029,0.2157812762203717,4.4,"{""00000011001000"": 1}"
ising,2,14,0.028933584758977816,1,42,1,1,34450,34557,868.375,1181.5528310000009,3.1240998703626572,00000011101100,3.1280211988654476,3.1280211988654476,0,3.1280211988654476,3.1280211988654476,0.003921328502790367,4.4,"{""00000011101100"": 1}"
ising,2,14,0.024803141437003108,1,42,1,1,34450,34557,838.1640625,1188.0905936,3.1240998703626572,00000011001100,3.154157725579634,3.154157725579634,0,3.154157725579634,3.154157725579634,0.03005785521697657,4.4,"{""00000011001100"": 1}"
ising,2,14,0.026788874464158525,1,42,1,1,34450,34557,848.08203125,1189.1015704000001,3.1240998703626572,00000011100000,3.2066641783150494,3.2066641783150494,0,3.2066641783150494,3.2066641783150494,0.08256430795239211,4.4,"{""00000011100000"": 1}"
ising,2,14,0.03375186684038456,1,42,1,1,34450,34557,865.39453125,1182.2715186999994,3.1240998703626572,00000011100000,2.5451310449830262,2.5451310449830262,0,2.5451310449830262,2.5451310449830262,0.578968825379631,4.4,"{""00000011100000"": 1}"
ising,2,14,0.03645403248675365,1,42,1,1,34450,34557,847.71484375,1179.8316524000002,3.1240998703626572,00100001001100,22.34440863746027,22.34440863746027,0,22.34440863746027,22.34440863746027,19.220308767097613,4.4,"{""00100001001100"": 1}"
ising,2,14,0.03937253280921478,1,42,1,1,34450,34557,784.2265625,1138.1992672999986,3.1240998703626572,00000011100110,2.240239299077581,2.240239299077581,0,2.240239299077581,2.240239299077581,0.8838605712850764,4.4,"{""00000011100110"": 1}"
ising,2,14,0.04252468750544926,1,42,1,1,34450,34557,761.8671875,940.4938206000006,3.1240998703626572,00000111001100,4.148361832976274,4.148361832976274,0,4.148361832976274,4.148361832976274,1.024261962613617,4.4,"{""00000111001100"": 1}"
ising,2,14,0.045929202883612456,1,42,1,1,34450,34557,766.65625,934.5997172000007,3.1240998703626572,00000111010000,3.8742621300363136,3.8742621300363136,0,3.8742621300363136,3.8742621300363136,0.7501622596736564,4.4,"{""00000111010000"": 1}"
ising,2,14,0.049606282874006216,1,42,1,1,34450,34557,771.4140625,1077.1199660999991,3.1240998703626572,00000111101110,3.81900469714789,3.81900469714789,0,3.81900469714789,3.81900469714789,0.6949048267852329,4.4,"{""00000111101110"": 1}"
ising,2,14,0.07290806497350724,1,42,1,1,34450,34557,761.44921875,1090.3875640000006,3.1240998703626572,00100011001000,11.824442235642826,11.824442235642826,0,11.824442235642826,11.824442235642826,8.700342365280168,4.4,"{""00100011001000"": 1}"
ising,2,14,0.05357774892831705,1,42,1,1,34450,34557,797.484375,1123.6478248000003,3.1240998703626572,00000111111100,3.636128130767958,3.636128130767958,0,3.636128130767958,3.636128130767958,0.5120282604053008,4.4,"{""00000111111100"": 1}"
ising,2,14,0.05786716951795563,1,42,1,1,34450,34557,848.328125,1117.484355300001,3.1240998703626572,00100011001000,14.897863675952385,14.897863675952385,0,14.897863675952385,14.897863675952385,11.773763805589727,4.4,"{""00100011001000"": 1}"
ising,2,14,0.0625,1,42,1,1,34450,34557,834.8515625,1105.1806582999998,3.1240998703626572,00110001011100,19.414060851480674,19.414060851480674,0,19.414060851480674,19.414060851480674,16.289960981118018,4.4,"{""00110001011100"": 1}"
ising,2,14,0.09185840576722491,1,42,1,1,34450,34557,788.9921875,1099.5005573000017,3.1240998703626572,11110011101110,-3.2814332265178257,-3.2814332265178257,0,-3.2814332265178257,-3.2814332265178257,6.4055330968804824,4.4,"{""11110011101110"": 1}"
ising,2,14,0.08504937501089851,1,42,1,1,34450,34557,788.39453125,1100.4201730999994,3.1240998703626572,11110001001100,-4.274616323545117,-4.274616323545117,0,-4.274616323545117,-4.274616323545117,7.398716193907774,4.4,"{""11110001001100"": 1}"
ising,2,14,0.07874506561842956,1,42,1,1,34450,34557,847.2734375,1111.8692929999997,3.1240998703626572,11110011110000,-3.8181469792974414,-3.8181469792974414,0,-3.8181469792974414,-3.8181469792974414,6.942246849660099,4.4,"{""11110011110000"": 1}"
ising,2,14,0.06750373368076912,1,42,1,1,34450,34557,796.1875,1115.8692176000004,3.1240998703626572,01110101001100,42.60822061913549,42.60822061913549,0,42.60822061913549,42.60822061913549,39.48412074877283,4.4,"{""01110101001100"": 1}"
ising,2,14,0.09921256574801243,1,42,1,1,34450,34557,791.21875,1168.759638200001,3.1240998703626572,11110011101000,-3.061388380709645,-3.061388380709645,0,-3.061388380709645,-3.061388380709645,6.185488251072302,4.4,"{""11110011101000"": 1}"
ising,2,14,0.1071554978566341,1,42,1,1,34450,34557,836.6953125,1042.0881342000012,3.1240998703626572,11100111101100,-5.568715916806046,-5.568715916806046,0,-5.568715916806046,-5.568715916806046,8.692815787168703,4.4,"{""11100111101100"": 1}"
ising,2,14,0.11573433903591127,1,42,1,1,34450,34557,841.23828125,1019.5740060999997,3.1240998703626572,11110001101100,-3.0352409090685906,-3.0352409090685906,0,-3.0352409090685906,-3.0352409090685906,6.159340779431248,4.4,"{""11110001101100"": 1}"
ising,2,14,0.125,1,42,1,1,34450,34557,834.77734375,951.8443678999993,3.1240998703626572,11110001101000,-2.82252464970958,-2.82252464970958,0,-2.82252464970958,-2.82252464970958,5.946624520072238,4.4,"{""11110001101000"": 1}"
ising,2,14,0.18371681153444983,1,42,1,1,34450,34557,834.7578125,1049.6325579000004,3.1240998703626572,00100011101000,4.759330633880816,4.759330633880816,0,4.759330633880816,4.759330633880816,1.6352307635181584,4.4,"{""00100011101000"": 1}"
ising,2,14,0.13500746736153824,1,42,1,1,34450,34557,838.65234375,1091.7731577000013,3.1240998703626572,00110011101100,9.396532920540013,9.396532920540013,0,9.396532920540013,9.396532920540013,6.272433050177355,4.4,"{""00110011101100"": 1}"
ising,2,14,0.15749013123685912,1,42,1,1,34450,34557,823.2265625,1092.6582044000006,3.1240998703626572,00110011101100,8.055121305813735,8.055121305813735,0,8.055121305813735,8.055121305813735,4.931021435451077,4.4,"{""00110011101100"": 1}"
ising,2,14,0.14581612994701448,1,42,1,1,34450,34557,791.0390625,1100.3142436000016,3.1240998703626572,11101111101100,-2.745711230874357,-2.745711230874357,0,-2.745711230874357,-2.745711230874357,5.869811101237014,4.4,"{""11101111101100"": 1}"
ising,2,14,0.19842513149602486,1,42,1,1,34450,34557,841.80859375,1081.4648591000005,3.1240998703626572,00110001101000,6.138238318897621,6.138238318897621,0,6.138238318897621,6.138238318897621,3.0141384485349634,4.4,"{""00110001101000"": 1}"
ising,2,14,0.17009875002179703,1,42,1,1,34450,34557,800.16015625,1096.8217282999994,3.1240998703626572,00110011001100,7.3858876982773225,7.3858876982773225,0,7.3858876982773225,7.3858876982773225,4.261787827914665,4.4,"{""00110011001100"": 1}"
ising,2,14,0.23146867807182253,1,42,1,1,34450,34557,821.71875,1088.2928687000003,3.1240998703626572,00110001111100,5.295103681977738,5.295103681977738,0,5.295103681977738,5.295103681977738,2.171003811615081,4.4,"{""00110001111100"": 1}"
ising,2,14,0.2143109957132682,1,42,1,1,34450,34557,811.2109375,1089.4927224999992,3.1240998703626572,00110001001100,5.6331355096739815,5.6331355096739815,0,5.6331355096739815,5.6331355096739815,2.5090356393113242,4.4,"{""00110001001100"": 1}"
ising,2,14,0.29163225989402897,1,42,1,1,34450,34557,807.8515625,1049.7216849000015,3.1240998703626572,00110001111100,4.202726577526075,4.202726577526075,0,4.202726577526075,4.202726577526075,1.078626707163418,4.4,"{""00110001111100"": 1}"
ising,2,14,0.25,1,42,1,1,34450,34557,831.2265625,1087.0932472000004,3.1240998703626572,00110011001100,5.0253210611133605,5.0253210611133605,0,5.0253210611133605,5.0253210611133605,1.9012211907507033,4.4,"{""00110011001100"": 1}"
ising,2,14,0.27001493472307647,1,42,1,1,34450,34557,806.75,1065.6952008999997,3.1240998703626572,00100101101000,3.4200198416959413,3.4200198416959413,0,3.4200198416959413,3.4200198416959413,0.29591997133328407,4.4,"{""00100101101000"": 1}"
ising,2,14,0.314980262473718,1,42,1,1,34450,34557,801.2109375,1017.8532704999998,3.1240998703626572,00110011001100,3.988599969444652,3.988599969444652,0,3.988599969444652,3.988599969444652,0.8645000990819947,4.4,"{""00110011001100"": 1}"
ising,2,14,0.3401975000435943,1,42,1,1,34450,34557,790.73828125,1032.8407118000014,3.1240998703626572,00110011101100,3.729016560729757,3.729016560729757,0,3.729016560729757,3.729016560729757,0.6049166903670997,4.4,"{""00110011101100"": 1}"
ising,2,14,0.46293735614364534,1,42,1,1,34450,34557,802.9296875,1071.8213215999986,3.1240998703626572,00110011001100,2.713823476558051,2.713823476558051,0,2.713823476558051,2.713823476558051,0.41027639380460634,4.4,"{""00110011001100"": 1}"
ising,2,14,0.5400298694461529,1,42,1,1,34450,34557,795.26171875,1063.9642753000007,3.1240998703626572,01100011001100,4.507949741504534,4.507949741504534,0,4.507949741504534,4.507949741504534,1.383849871141877,4.4,"{""01100011001100"": 1}"
ising,2,14,0.4286219914265361,1,42,1,1,34450,34557,797.29296875,1095.1199942000003,3.1240998703626572,01100001111100,5.6080834457809,5.6080834457809,0,5.6080834457809,5.6080834457809,2.4839835754182427,4.4,"{""01100001111100"": 1}"
ising,2,14,0.39685026299204973,1,42,1,1,34450,34557,807.87890625,1105.1096737000007,3.1240998703626572,00100011001100,2.176214215075164,2.176214215075164,0,2.176214215075164,2.176214215075164,0.947885655287493,4.4,"{""00100011001100"": 1}"
ising,2,14,0.36743362306889965,1,42,1,1,34450,34557,805.66796875,1117.9799138999988,3.1240998703626572,00110011001100,3.4192033238143758,3.4192033238143758,0,3.4192033238143758,3.4192033238143758,0.2951034534517185,4.4,"{""00110011001100"": 1}"
ising,2,14,0.5,1,42,1,1,34450,34557,814.296875,1119.784078999999,3.1240998703626572,01100001001100,4.770680250324344,4.770680250324344,0,4.770680250324344,4.770680250324344,1.6465803799616867,4.4,"{""01100001001100"": 1}"
ising,2,14,0.5832645197880579,1,42,1,1,34450,34557,821.109375,1114.9923770999994,3.1240998703626572,01110011101100,4.86811445244103,4.86811445244103,0,4.86811445244103,4.86811445244103,1.7440145820783726,4.4,"{""01110011101100"": 1}"
ising,2,14,0.7348672461377993,1,42,1,1,34450,34557,814.13671875,1076.0945794,3.1240998703626572,10000011101100,-4.151889750346027,-4.151889750346027,0,-4.151889750346027,-4.151889750346027,7.275989620708684,4.4,"{""10000011101100"": 1}"
ising,2,14,0.629960524947436,1,42,1,1,34450,34557,826.78125,1086.0213543999998,3.1240998703626572,01100001001100,3.786491423984392,3.786491423984392,0,3.786491423984392,3.786491423984392,0.6623915536217346,4.4,"{""01100001001100"": 1}"
ising,2,14,0.6803950000871886,1,42,1,1,34450,34557,783.81640625,1090.9903730999995,3.1240998703626572,00100011100000,1.2805812614839793,1.2805812614839793,0,1.2805812614839793,1.2805812614839793,1.843518608878678,4.4,"{""00100011100000"": 1}"
ising,2,14,0.7937005259840995,1,42,1,1,34450,34557,827.44921875,1074.0944961000005,3.1240998703626572,00100011101100,1.1035686650159136,1.1035686650159136,0,1.1035686650159136,1.1035686650159136,2.0205312053467437,4.4,"{""00100011101100"": 1}"
ising,2,14,0.8572439828530722,1,42,1,1,34450,34557,831.28125,1000.2490365000012,3.1240998703626572,00110001001100,1.4082838774184963,1.4082838774184963,0,1.4082838774184963,1.4082838774184963,1.715815992944161,4.4,"{""00110001001100"": 1}"
ising,2,14,1.1665290395761159,1,42,1,1,34450,34557,802.94921875,1054.0304861000004,3.1240998703626572,00110011100000,1.0835565393871984,1.0835565393871984,0,1.0835565393871984,1.0835565393871984,2.040543330975459,4.4,"{""00110011100000"": 1}"
ising,2,14,0.9258747122872896,1,42,1,1,34450,34557,833.58984375,1114.9385006000011,3.1240998703626572,10110001001100,-2.089213311318502,-2.089213311318502,0,-2.089213311318502,-2.089213311318502,5.213313181681159,4.4,"{""10110001001100"": 1}"
ising,2,14,1.0,1,42,1,1,34450,34557,783.0078125,1107.6885342000005,3.1240998703626572,10110001111100,-1.915942004069166,-1.915942004069166,0,-1.915942004069166,-1.915942004069166,5.040041874431823,4.4,"{""10110001111100"": 1}"
ising,2,14,1.0800597388923059,1,42,1,1,34450,34557,830.8203125,1128.6915639,3.1240998703626572,00110011001100,1.1632044229023988,1.1632044229023988,0,1.1632044229023988,1.1632044229023988,1.9608954474602585,4.4,"{""00110011001100"": 1}"
ising,2,14,1.259921049894872,1,42,1,1,34450,34557,824.26171875,1120.7315873999996,3.1240998703626572,11110011001100,-0.24959187842983932,-0.24959187842983932,0,-0.24959187842983932,-0.24959187842983932,3.3736917487924964,4.4,"{""11110011001100"": 1}"
ising,2,14,1.3607900001743771,1,42,1,1,34450,34557,786.140625,1113.5961745000004,3.1240998703626572,11110101001100,-0.19501809703937362,-0.19501809703937362,0,-0.19501809703937362,-0.19501809703937362,3.319117967402031,4.4,"{""11110101001100"": 1}"
ising,2,14,1.4697344922755986,1,42,1,1,34450,34557,795.53125,1109.4254127000004,3.1240998703626572,00000111001100,0.1200269787053276,0.1200269787053276,0,0.1200269787053276,0.1200269787053276,3.0040728916573296,4.4,"{""00000111001100"": 1}"
ising,2,14,1.7144879657061445,1,42,1,1,34450,34557,794.97265625,654.9016936999997,3.1240998703626572,00110001111100,0.7148785375205708,0.7148785375205708,0,0.7148785375205708,0.7148785375205708,2.4092213328420864,4.4,"{""00110001111100"": 1}"
ising,2,14,1.8517494245745791,1,42,1,1,34450,34557,835.734375,653.5850808000014,3.1240998703626572,01100001111100,1.298095661711377,1.298095661711377,0,1.298095661711377,1.298095661711377,1.8260042086512802,4.4,"{""01100001111100"": 1}"
ising,2,14,1.587401051968199,1,42,1,1,34450,34557,788.56640625,670.0205796999999,3.1240998703626572,00110011101100,0.7991692521612614,0.7991692521612614,0,0.7991692521612614,0.7991692521612614,2.324930618201396,4.4,"{""00110011101100"": 1}"
ising,2,14,2.0,1,42,1,1,34450,34557,786.16796875,589.7612850000005,3.1240998703626572,01110011001100,1.4135632960366182,1.4135632960366182,0,1.4135632960366182,1.4135632960366182,1.710536574326039,4.4,"{""01110011001100"": 1}"
