{"0": [0.026700468421821166], "1": [0.002659504152212111], "2": [0.010205093871103688], "3": [0.023160162116393074], "4": [0.0026065059793115575], "5": [0.0006322349914183942], "6": [0.0036173285882884817], "7": [0.018008245408118517], "8": [0.002689296098469185], "9": [0.010631740344819951]}